--------- beginning of crash
07-25 13:00:23.611 E/AndroidRuntime(18936): FATAL EXCEPTION: main
07-25 13:00:23.611 E/AndroidRuntime(18936): Process: com.streamsync.premium, PID: 18936
07-25 13:00:23.611 E/AndroidRuntime(18936): java.lang.RuntimeException: Unable to instantiate activity ComponentInfo{com.streamsync.premium/com.streamsync.premium.MainActivity}
07-25 13:00:23.611 E/AndroidRuntime(18936): 	at android.app.ActivityThread.performLaunchActivity(ActivityThread.java:4917)
07-25 13:00:23.611 E/AndroidRuntime(18936): 	at android.app.ActivityThread.handleLaunchActivity(ActivityThread.java:5290)
07-25 13:00:23.611 E/AndroidRuntime(18936): 	at android.app.servertransaction.LaunchActivityItem.execute(LaunchActivityItem.java:224)
07-25 13:00:23.611 E/AndroidRuntime(18936): 	at android.app.servertransaction.TransactionExecutor.executeNonLifecycleItem(TransactionExecutor.java:133)
07-25 13:00:23.611 E/AndroidRuntime(18936): 	at android.app.servertransaction.TransactionExecutor.executeTransactionItems(TransactionExecutor.java:103)
07-25 13:00:23.611 E/AndroidRuntime(18936): 	at android.app.servertransaction.TransactionExecutor.execute(TransactionExecutor.java:80)
07-25 13:00:23.611 E/AndroidRuntime(18936): 	at android.app.ActivityThread$H.handleMessage(ActivityThread.java:3287)
07-25 13:00:23.611 E/AndroidRuntime(18936): 	at android.os.Handler.dispatchMessage(Handler.java:132)
07-25 13:00:23.611 E/AndroidRuntime(18936): 	at android.os.Looper.dispatchMessage(Looper.java:358)
07-25 13:00:23.611 E/AndroidRuntime(18936): 	at android.os.Looper.loopOnce(Looper.java:288)
07-25 13:00:23.611 E/AndroidRuntime(18936): 	at android.os.Looper.loop(Looper.java:392)
07-25 13:00:23.611 E/AndroidRuntime(18936): 	at android.app.ActivityThread.main(ActivityThread.java:10346)
07-25 13:00:23.611 E/AndroidRuntime(18936): 	at java.lang.reflect.Method.invoke(Native Method)
07-25 13:00:23.611 E/AndroidRuntime(18936): 	at com.android.internal.os.RuntimeInit$MethodAndArgsCaller.run(RuntimeInit.java:638)
07-25 13:00:23.611 E/AndroidRuntime(18936): 	at com.android.internal.os.ZygoteInit.main(ZygoteInit.java:972)
07-25 13:00:23.611 E/AndroidRuntime(18936): Caused by: java.lang.ClassNotFoundException: Didn't find class "com.streamsync.premium.MainActivity" on path: DexPathList[[zip file "/data/app/~~G_rWEZ-M1Qoq6h9mX9ZgcQ==/com.streamsync.premium-i6FFlSI3Y1tKKoC087XTGw==/base.apk"],nativeLibraryDirectories=[/data/app/~~G_rWEZ-M1Qoq6h9mX9ZgcQ==/com.streamsync.premium-i6FFlSI3Y1tKKoC087XTGw==/lib/arm64, /data/app/~~G_rWEZ-M1Qoq6h9mX9ZgcQ==/com.streamsync.premium-i6FFlSI3Y1tKKoC087XTGw==/base.apk!/lib/arm64-v8a, /system/lib64, /system_ext/lib64]]
07-25 13:00:23.611 E/AndroidRuntime(18936): 	at dalvik.system.BaseDexClassLoader.findClass(BaseDexClassLoader.java:259)
07-25 13:00:23.611 E/AndroidRuntime(18936): 	at java.lang.ClassLoader.loadClass(ClassLoader.java:644)
07-25 13:00:23.611 E/AndroidRuntime(18936): 	at java.lang.ClassLoader.loadClass(ClassLoader.java:580)
07-25 13:00:23.611 E/AndroidRuntime(18936): 	at android.app.AppComponentFactory.instantiateActivity(AppComponentFactory.java:97)
07-25 13:00:23.611 E/AndroidRuntime(18936): 	at android.app.Instrumentation.newActivity(Instrumentation.java:1461)
07-25 13:00:23.611 E/AndroidRuntime(18936): 	at android.app.ActivityThread.performLaunchActivity(ActivityThread.java:4906)
07-25 13:00:23.611 E/AndroidRuntime(18936): 	... 14 more
07-25 13:00:26.596 E/AndroidRuntime(19381): FATAL EXCEPTION: main
07-25 13:00:26.596 E/AndroidRuntime(19381): Process: com.streamsync.premium, PID: 19381
07-25 13:00:26.596 E/AndroidRuntime(19381): java.lang.RuntimeException: Unable to instantiate activity ComponentInfo{com.streamsync.premium/com.streamsync.premium.MainActivity}
07-25 13:00:26.596 E/AndroidRuntime(19381): 	at android.app.ActivityThread.performLaunchActivity(ActivityThread.java:4917)
07-25 13:00:26.596 E/AndroidRuntime(19381): 	at android.app.ActivityThread.handleLaunchActivity(ActivityThread.java:5290)
07-25 13:00:26.596 E/AndroidRuntime(19381): 	at android.app.servertransaction.LaunchActivityItem.execute(LaunchActivityItem.java:224)
07-25 13:00:26.596 E/AndroidRuntime(19381): 	at android.app.servertransaction.TransactionExecutor.executeNonLifecycleItem(TransactionExecutor.java:133)
07-25 13:00:26.596 E/AndroidRuntime(19381): 	at android.app.servertransaction.TransactionExecutor.executeTransactionItems(TransactionExecutor.java:103)
07-25 13:00:26.596 E/AndroidRuntime(19381): 	at android.app.servertransaction.TransactionExecutor.execute(TransactionExecutor.java:80)
07-25 13:00:26.596 E/AndroidRuntime(19381): 	at android.app.ActivityThread$H.handleMessage(ActivityThread.java:3287)
07-25 13:00:26.596 E/AndroidRuntime(19381): 	at android.os.Handler.dispatchMessage(Handler.java:132)
07-25 13:00:26.596 E/AndroidRuntime(19381): 	at android.os.Looper.dispatchMessage(Looper.java:358)
07-25 13:00:26.596 E/AndroidRuntime(19381): 	at android.os.Looper.loopOnce(Looper.java:288)
07-25 13:00:26.596 E/AndroidRuntime(19381): 	at android.os.Looper.loop(Looper.java:392)
07-25 13:00:26.596 E/AndroidRuntime(19381): 	at android.app.ActivityThread.main(ActivityThread.java:10346)
07-25 13:00:26.596 E/AndroidRuntime(19381): 	at java.lang.reflect.Method.invoke(Native Method)
07-25 13:00:26.596 E/AndroidRuntime(19381): 	at com.android.internal.os.RuntimeInit$MethodAndArgsCaller.run(RuntimeInit.java:638)
07-25 13:00:26.596 E/AndroidRuntime(19381): 	at com.android.internal.os.ZygoteInit.main(ZygoteInit.java:972)
07-25 13:00:26.596 E/AndroidRuntime(19381): Caused by: java.lang.ClassNotFoundException: Didn't find class "com.streamsync.premium.MainActivity" on path: DexPathList[[zip file "/data/app/~~G_rWEZ-M1Qoq6h9mX9ZgcQ==/com.streamsync.premium-i6FFlSI3Y1tKKoC087XTGw==/base.apk"],nativeLibraryDirectories=[/data/app/~~G_rWEZ-M1Qoq6h9mX9ZgcQ==/com.streamsync.premium-i6FFlSI3Y1tKKoC087XTGw==/lib/arm64, /data/app/~~G_rWEZ-M1Qoq6h9mX9ZgcQ==/com.streamsync.premium-i6FFlSI3Y1tKKoC087XTGw==/base.apk!/lib/arm64-v8a, /system/lib64, /system_ext/lib64]]
07-25 13:00:26.596 E/AndroidRuntime(19381): 	at dalvik.system.BaseDexClassLoader.findClass(BaseDexClassLoader.java:259)
07-25 13:00:26.596 E/AndroidRuntime(19381): 	at java.lang.ClassLoader.loadClass(ClassLoader.java:644)
07-25 13:00:26.596 E/AndroidRuntime(19381): 	at java.lang.ClassLoader.loadClass(ClassLoader.java:580)
07-25 13:00:26.596 E/AndroidRuntime(19381): 	at android.app.AppComponentFactory.instantiateActivity(AppComponentFactory.java:97)
07-25 13:00:26.596 E/AndroidRuntime(19381): 	at android.app.Instrumentation.newActivity(Instrumentation.java:1461)
07-25 13:00:26.596 E/AndroidRuntime(19381): 	at android.app.ActivityThread.performLaunchActivity(ActivityThread.java:4906)
07-25 13:00:26.596 E/AndroidRuntime(19381): 	... 14 more
07-25 13:00:27.600 E/AndroidRuntime(19451): FATAL EXCEPTION: main
07-25 13:00:27.600 E/AndroidRuntime(19451): Process: com.streamsync.premium, PID: 19451
07-25 13:00:27.600 E/AndroidRuntime(19451): java.lang.RuntimeException: Unable to instantiate activity ComponentInfo{com.streamsync.premium/com.streamsync.premium.MainActivity}
07-25 13:00:27.600 E/AndroidRuntime(19451): 	at android.app.ActivityThread.performLaunchActivity(ActivityThread.java:4917)
07-25 13:00:27.600 E/AndroidRuntime(19451): 	at android.app.ActivityThread.handleLaunchActivity(ActivityThread.java:5290)
07-25 13:00:27.600 E/AndroidRuntime(19451): 	at android.app.servertransaction.LaunchActivityItem.execute(LaunchActivityItem.java:224)
07-25 13:00:27.600 E/AndroidRuntime(19451): 	at android.app.servertransaction.TransactionExecutor.executeNonLifecycleItem(TransactionExecutor.java:133)
07-25 13:00:27.600 E/AndroidRuntime(19451): 	at android.app.servertransaction.TransactionExecutor.executeTransactionItems(TransactionExecutor.java:103)
07-25 13:00:27.600 E/AndroidRuntime(19451): 	at android.app.servertransaction.TransactionExecutor.execute(TransactionExecutor.java:80)
07-25 13:00:27.600 E/AndroidRuntime(19451): 	at android.app.ActivityThread$H.handleMessage(ActivityThread.java:3287)
07-25 13:00:27.600 E/AndroidRuntime(19451): 	at android.os.Handler.dispatchMessage(Handler.java:132)
07-25 13:00:27.600 E/AndroidRuntime(19451): 	at android.os.Looper.dispatchMessage(Looper.java:358)
07-25 13:00:27.600 E/AndroidRuntime(19451): 	at android.os.Looper.loopOnce(Looper.java:288)
07-25 13:00:27.600 E/AndroidRuntime(19451): 	at android.os.Looper.loop(Looper.java:392)
07-25 13:00:27.600 E/AndroidRuntime(19451): 	at android.app.ActivityThread.main(ActivityThread.java:10346)
07-25 13:00:27.600 E/AndroidRuntime(19451): 	at java.lang.reflect.Method.invoke(Native Method)
07-25 13:00:27.600 E/AndroidRuntime(19451): 	at com.android.internal.os.RuntimeInit$MethodAndArgsCaller.run(RuntimeInit.java:638)
07-25 13:00:27.600 E/AndroidRuntime(19451): 	at com.android.internal.os.ZygoteInit.main(ZygoteInit.java:972)
07-25 13:00:27.600 E/AndroidRuntime(19451): Caused by: java.lang.ClassNotFoundException: Didn't find class "com.streamsync.premium.MainActivity" on path: DexPathList[[zip file "/data/app/~~G_rWEZ-M1Qoq6h9mX9ZgcQ==/com.streamsync.premium-i6FFlSI3Y1tKKoC087XTGw==/base.apk"],nativeLibraryDirectories=[/data/app/~~G_rWEZ-M1Qoq6h9mX9ZgcQ==/com.streamsync.premium-i6FFlSI3Y1tKKoC087XTGw==/lib/arm64, /data/app/~~G_rWEZ-M1Qoq6h9mX9ZgcQ==/com.streamsync.premium-i6FFlSI3Y1tKKoC087XTGw==/base.apk!/lib/arm64-v8a, /system/lib64, /system_ext/lib64]]
07-25 13:00:27.600 E/AndroidRuntime(19451): 	at dalvik.system.BaseDexClassLoader.findClass(BaseDexClassLoader.java:259)
07-25 13:00:27.600 E/AndroidRuntime(19451): 	at java.lang.ClassLoader.loadClass(ClassLoader.java:644)
07-25 13:00:27.600 E/AndroidRuntime(19451): 	at java.lang.ClassLoader.loadClass(ClassLoader.java:580)
07-25 13:00:27.600 E/AndroidRuntime(19451): 	at android.app.AppComponentFactory.instantiateActivity(AppComponentFactory.java:97)
07-25 13:00:27.600 E/AndroidRuntime(19451): 	at android.app.Instrumentation.newActivity(Instrumentation.java:1461)
07-25 13:00:27.600 E/AndroidRuntime(19451): 	at android.app.ActivityThread.performLaunchActivity(ActivityThread.java:4906)
07-25 13:00:27.600 E/AndroidRuntime(19451): 	... 14 more
07-25 13:00:28.338 E/AndroidRuntime(19509): FATAL EXCEPTION: main
07-25 13:00:28.338 E/AndroidRuntime(19509): Process: com.streamsync.premium, PID: 19509
07-25 13:00:28.338 E/AndroidRuntime(19509): java.lang.RuntimeException: Unable to instantiate activity ComponentInfo{com.streamsync.premium/com.streamsync.premium.MainActivity}
07-25 13:00:28.338 E/AndroidRuntime(19509): 	at android.app.ActivityThread.performLaunchActivity(ActivityThread.java:4917)
07-25 13:00:28.338 E/AndroidRuntime(19509): 	at android.app.ActivityThread.handleLaunchActivity(ActivityThread.java:5290)
07-25 13:00:28.338 E/AndroidRuntime(19509): 	at android.app.servertransaction.LaunchActivityItem.execute(LaunchActivityItem.java:224)
07-25 13:00:28.338 E/AndroidRuntime(19509): 	at android.app.servertransaction.TransactionExecutor.executeNonLifecycleItem(TransactionExecutor.java:133)
07-25 13:00:28.338 E/AndroidRuntime(19509): 	at android.app.servertransaction.TransactionExecutor.executeTransactionItems(TransactionExecutor.java:103)
07-25 13:00:28.338 E/AndroidRuntime(19509): 	at android.app.servertransaction.TransactionExecutor.execute(TransactionExecutor.java:80)
07-25 13:00:28.338 E/AndroidRuntime(19509): 	at android.app.ActivityThread$H.handleMessage(ActivityThread.java:3287)
07-25 13:00:28.338 E/AndroidRuntime(19509): 	at android.os.Handler.dispatchMessage(Handler.java:132)
07-25 13:00:28.338 E/AndroidRuntime(19509): 	at android.os.Looper.dispatchMessage(Looper.java:358)
07-25 13:00:28.338 E/AndroidRuntime(19509): 	at android.os.Looper.loopOnce(Looper.java:288)
07-25 13:00:28.338 E/AndroidRuntime(19509): 	at android.os.Looper.loop(Looper.java:392)
07-25 13:00:28.338 E/AndroidRuntime(19509): 	at android.app.ActivityThread.main(ActivityThread.java:10346)
07-25 13:00:28.338 E/AndroidRuntime(19509): 	at java.lang.reflect.Method.invoke(Native Method)
07-25 13:00:28.338 E/AndroidRuntime(19509): 	at com.android.internal.os.RuntimeInit$MethodAndArgsCaller.run(RuntimeInit.java:638)
07-25 13:00:28.338 E/AndroidRuntime(19509): 	at com.android.internal.os.ZygoteInit.main(ZygoteInit.java:972)
07-25 13:00:28.338 E/AndroidRuntime(19509): Caused by: java.lang.ClassNotFoundException: Didn't find class "com.streamsync.premium.MainActivity" on path: DexPathList[[zip file "/data/app/~~G_rWEZ-M1Qoq6h9mX9ZgcQ==/com.streamsync.premium-i6FFlSI3Y1tKKoC087XTGw==/base.apk"],nativeLibraryDirectories=[/data/app/~~G_rWEZ-M1Qoq6h9mX9ZgcQ==/com.streamsync.premium-i6FFlSI3Y1tKKoC087XTGw==/lib/arm64, /data/app/~~G_rWEZ-M1Qoq6h9mX9ZgcQ==/com.streamsync.premium-i6FFlSI3Y1tKKoC087XTGw==/base.apk!/lib/arm64-v8a, /system/lib64, /system_ext/lib64]]
07-25 13:00:28.338 E/AndroidRuntime(19509): 	at dalvik.system.BaseDexClassLoader.findClass(BaseDexClassLoader.java:259)
07-25 13:00:28.338 E/AndroidRuntime(19509): 	at java.lang.ClassLoader.loadClass(ClassLoader.java:644)
07-25 13:00:28.338 E/AndroidRuntime(19509): 	at java.lang.ClassLoader.loadClass(ClassLoader.java:580)
07-25 13:00:28.338 E/AndroidRuntime(19509): 	at android.app.AppComponentFactory.instantiateActivity(AppComponentFactory.java:97)
07-25 13:00:28.338 E/AndroidRuntime(19509): 	at android.app.Instrumentation.newActivity(Instrumentation.java:1461)
07-25 13:00:28.338 E/AndroidRuntime(19509): 	at android.app.ActivityThread.performLaunchActivity(ActivityThread.java:4906)
07-25 13:00:28.338 E/AndroidRuntime(19509): 	... 14 more
07-25 13:00:36.567 E/AndroidRuntime(19822): FATAL EXCEPTION: main
07-25 13:00:36.567 E/AndroidRuntime(19822): Process: com.streamsync.premium, PID: 19822
07-25 13:00:36.567 E/AndroidRuntime(19822): java.lang.RuntimeException: Unable to instantiate activity ComponentInfo{com.streamsync.premium/com.streamsync.premium.MainActivity}
07-25 13:00:36.567 E/AndroidRuntime(19822): 	at android.app.ActivityThread.performLaunchActivity(ActivityThread.java:4917)
07-25 13:00:36.567 E/AndroidRuntime(19822): 	at android.app.ActivityThread.handleLaunchActivity(ActivityThread.java:5290)
07-25 13:00:36.567 E/AndroidRuntime(19822): 	at android.app.servertransaction.LaunchActivityItem.execute(LaunchActivityItem.java:224)
07-25 13:00:36.567 E/AndroidRuntime(19822): 	at android.app.servertransaction.TransactionExecutor.executeNonLifecycleItem(TransactionExecutor.java:133)
07-25 13:00:36.567 E/AndroidRuntime(19822): 	at android.app.servertransaction.TransactionExecutor.executeTransactionItems(TransactionExecutor.java:103)
07-25 13:00:36.567 E/AndroidRuntime(19822): 	at android.app.servertransaction.TransactionExecutor.execute(TransactionExecutor.java:80)
07-25 13:00:36.567 E/AndroidRuntime(19822): 	at android.app.ActivityThread$H.handleMessage(ActivityThread.java:3287)
07-25 13:00:36.567 E/AndroidRuntime(19822): 	at android.os.Handler.dispatchMessage(Handler.java:132)
07-25 13:00:36.567 E/AndroidRuntime(19822): 	at android.os.Looper.dispatchMessage(Looper.java:358)
07-25 13:00:36.567 E/AndroidRuntime(19822): 	at android.os.Looper.loopOnce(Looper.java:288)
07-25 13:00:36.567 E/AndroidRuntime(19822): 	at android.os.Looper.loop(Looper.java:392)
07-25 13:00:36.567 E/AndroidRuntime(19822): 	at android.app.ActivityThread.main(ActivityThread.java:10346)
07-25 13:00:36.567 E/AndroidRuntime(19822): 	at java.lang.reflect.Method.invoke(Native Method)
07-25 13:00:36.567 E/AndroidRuntime(19822): 	at com.android.internal.os.RuntimeInit$MethodAndArgsCaller.run(RuntimeInit.java:638)
07-25 13:00:36.567 E/AndroidRuntime(19822): 	at com.android.internal.os.ZygoteInit.main(ZygoteInit.java:972)
07-25 13:00:36.567 E/AndroidRuntime(19822): Caused by: java.lang.ClassNotFoundException: Didn't find class "com.streamsync.premium.MainActivity" on path: DexPathList[[zip file "/data/app/~~G_rWEZ-M1Qoq6h9mX9ZgcQ==/com.streamsync.premium-i6FFlSI3Y1tKKoC087XTGw==/base.apk"],nativeLibraryDirectories=[/data/app/~~G_rWEZ-M1Qoq6h9mX9ZgcQ==/com.streamsync.premium-i6FFlSI3Y1tKKoC087XTGw==/lib/arm64, /data/app/~~G_rWEZ-M1Qoq6h9mX9ZgcQ==/com.streamsync.premium-i6FFlSI3Y1tKKoC087XTGw==/base.apk!/lib/arm64-v8a, /system/lib64, /system_ext/lib64]]
07-25 13:00:36.567 E/AndroidRuntime(19822): 	at dalvik.system.BaseDexClassLoader.findClass(BaseDexClassLoader.java:259)
07-25 13:00:36.567 E/AndroidRuntime(19822): 	at java.lang.ClassLoader.loadClass(ClassLoader.java:644)
07-25 13:00:36.567 E/AndroidRuntime(19822): 	at java.lang.ClassLoader.loadClass(ClassLoader.java:580)
07-25 13:00:36.567 E/AndroidRuntime(19822): 	at android.app.AppComponentFactory.instantiateActivity(AppComponentFactory.java:97)
07-25 13:00:36.567 E/AndroidRuntime(19822): 	at android.app.Instrumentation.newActivity(Instrumentation.java:1461)
07-25 13:00:36.567 E/AndroidRuntime(19822): 	at android.app.ActivityThread.performLaunchActivity(ActivityThread.java:4906)
07-25 13:00:36.567 E/AndroidRuntime(19822): 	... 14 more
07-25 13:00:44.983 E/AndroidRuntime(20085): FATAL EXCEPTION: main
07-25 13:00:44.983 E/AndroidRuntime(20085): Process: com.streamsync.premium, PID: 20085
07-25 13:00:44.983 E/AndroidRuntime(20085): java.lang.RuntimeException: Unable to instantiate activity ComponentInfo{com.streamsync.premium/com.streamsync.premium.MainActivity}
07-25 13:00:44.983 E/AndroidRuntime(20085): 	at android.app.ActivityThread.performLaunchActivity(ActivityThread.java:4917)
07-25 13:00:44.983 E/AndroidRuntime(20085): 	at android.app.ActivityThread.handleLaunchActivity(ActivityThread.java:5290)
07-25 13:00:44.983 E/AndroidRuntime(20085): 	at android.app.servertransaction.LaunchActivityItem.execute(LaunchActivityItem.java:224)
07-25 13:00:44.983 E/AndroidRuntime(20085): 	at android.app.servertransaction.TransactionExecutor.executeNonLifecycleItem(TransactionExecutor.java:133)
07-25 13:00:44.983 E/AndroidRuntime(20085): 	at android.app.servertransaction.TransactionExecutor.executeTransactionItems(TransactionExecutor.java:103)
07-25 13:00:44.983 E/AndroidRuntime(20085): 	at android.app.servertransaction.TransactionExecutor.execute(TransactionExecutor.java:80)
07-25 13:00:44.983 E/AndroidRuntime(20085): 	at android.app.ActivityThread$H.handleMessage(ActivityThread.java:3287)
07-25 13:00:44.983 E/AndroidRuntime(20085): 	at android.os.Handler.dispatchMessage(Handler.java:132)
07-25 13:00:44.983 E/AndroidRuntime(20085): 	at android.os.Looper.dispatchMessage(Looper.java:358)
07-25 13:00:44.983 E/AndroidRuntime(20085): 	at android.os.Looper.loopOnce(Looper.java:288)
07-25 13:00:44.983 E/AndroidRuntime(20085): 	at android.os.Looper.loop(Looper.java:392)
07-25 13:00:44.983 E/AndroidRuntime(20085): 	at android.app.ActivityThread.main(ActivityThread.java:10346)
07-25 13:00:44.983 E/AndroidRuntime(20085): 	at java.lang.reflect.Method.invoke(Native Method)
07-25 13:00:44.983 E/AndroidRuntime(20085): 	at com.android.internal.os.RuntimeInit$MethodAndArgsCaller.run(RuntimeInit.java:638)
07-25 13:00:44.983 E/AndroidRuntime(20085): 	at com.android.internal.os.ZygoteInit.main(ZygoteInit.java:972)
07-25 13:00:44.983 E/AndroidRuntime(20085): Caused by: java.lang.ClassNotFoundException: Didn't find class "com.streamsync.premium.MainActivity" on path: DexPathList[[zip file "/data/app/~~CMTqJ3Ml42el3r_85_qBSQ==/com.streamsync.premium-1cSr2XJbeuzrKSol9-V7ig==/base.apk"],nativeLibraryDirectories=[/data/app/~~CMTqJ3Ml42el3r_85_qBSQ==/com.streamsync.premium-1cSr2XJbeuzrKSol9-V7ig==/lib/arm64, /data/app/~~CMTqJ3Ml42el3r_85_qBSQ==/com.streamsync.premium-1cSr2XJbeuzrKSol9-V7ig==/base.apk!/lib/arm64-v8a, /system/lib64, /system_ext/lib64]]
07-25 13:00:44.983 E/AndroidRuntime(20085): 	at dalvik.system.BaseDexClassLoader.findClass(BaseDexClassLoader.java:259)
07-25 13:00:44.983 E/AndroidRuntime(20085): 	at java.lang.ClassLoader.loadClass(ClassLoader.java:644)
07-25 13:00:44.983 E/AndroidRuntime(20085): 	at java.lang.ClassLoader.loadClass(ClassLoader.java:580)
07-25 13:00:44.983 E/AndroidRuntime(20085): 	at android.app.AppComponentFactory.instantiateActivity(AppComponentFactory.java:97)
07-25 13:00:44.983 E/AndroidRuntime(20085): 	at android.app.Instrumentation.newActivity(Instrumentation.java:1461)
07-25 13:00:44.983 E/AndroidRuntime(20085): 	at android.app.ActivityThread.performLaunchActivity(ActivityThread.java:4906)
07-25 13:00:44.983 E/AndroidRuntime(20085): 	... 14 more
07-25 13:00:46.737 E/AndroidRuntime(20211): FATAL EXCEPTION: main
07-25 13:00:46.737 E/AndroidRuntime(20211): Process: com.streamsync.premium, PID: 20211
07-25 13:00:46.737 E/AndroidRuntime(20211): java.lang.RuntimeException: Unable to instantiate activity ComponentInfo{com.streamsync.premium/com.streamsync.premium.MainActivity}
07-25 13:00:46.737 E/AndroidRuntime(20211): 	at android.app.ActivityThread.performLaunchActivity(ActivityThread.java:4917)
07-25 13:00:46.737 E/AndroidRuntime(20211): 	at android.app.ActivityThread.handleLaunchActivity(ActivityThread.java:5290)
07-25 13:00:46.737 E/AndroidRuntime(20211): 	at android.app.servertransaction.LaunchActivityItem.execute(LaunchActivityItem.java:224)
07-25 13:00:46.737 E/AndroidRuntime(20211): 	at android.app.servertransaction.TransactionExecutor.executeNonLifecycleItem(TransactionExecutor.java:133)
07-25 13:00:46.737 E/AndroidRuntime(20211): 	at android.app.servertransaction.TransactionExecutor.executeTransactionItems(TransactionExecutor.java:103)
07-25 13:00:46.737 E/AndroidRuntime(20211): 	at android.app.servertransaction.TransactionExecutor.execute(TransactionExecutor.java:80)
07-25 13:00:46.737 E/AndroidRuntime(20211): 	at android.app.ActivityThread$H.handleMessage(ActivityThread.java:3287)
07-25 13:00:46.737 E/AndroidRuntime(20211): 	at android.os.Handler.dispatchMessage(Handler.java:132)
07-25 13:00:46.737 E/AndroidRuntime(20211): 	at android.os.Looper.dispatchMessage(Looper.java:358)
07-25 13:00:46.737 E/AndroidRuntime(20211): 	at android.os.Looper.loopOnce(Looper.java:288)
07-25 13:00:46.737 E/AndroidRuntime(20211): 	at android.os.Looper.loop(Looper.java:392)
07-25 13:00:46.737 E/AndroidRuntime(20211): 	at android.app.ActivityThread.main(ActivityThread.java:10346)
07-25 13:00:46.737 E/AndroidRuntime(20211): 	at java.lang.reflect.Method.invoke(Native Method)
07-25 13:00:46.737 E/AndroidRuntime(20211): 	at com.android.internal.os.RuntimeInit$MethodAndArgsCaller.run(RuntimeInit.java:638)
07-25 13:00:46.737 E/AndroidRuntime(20211): 	at com.android.internal.os.ZygoteInit.main(ZygoteInit.java:972)
07-25 13:00:46.737 E/AndroidRuntime(20211): Caused by: java.lang.ClassNotFoundException: Didn't find class "com.streamsync.premium.MainActivity" on path: DexPathList[[zip file "/data/app/~~CMTqJ3Ml42el3r_85_qBSQ==/com.streamsync.premium-1cSr2XJbeuzrKSol9-V7ig==/base.apk"],nativeLibraryDirectories=[/data/app/~~CMTqJ3Ml42el3r_85_qBSQ==/com.streamsync.premium-1cSr2XJbeuzrKSol9-V7ig==/lib/arm64, /data/app/~~CMTqJ3Ml42el3r_85_qBSQ==/com.streamsync.premium-1cSr2XJbeuzrKSol9-V7ig==/base.apk!/lib/arm64-v8a, /system/lib64, /system_ext/lib64]]
07-25 13:00:46.737 E/AndroidRuntime(20211): 	at dalvik.system.BaseDexClassLoader.findClass(BaseDexClassLoader.java:259)
07-25 13:00:46.737 E/AndroidRuntime(20211): 	at java.lang.ClassLoader.loadClass(ClassLoader.java:644)
07-25 13:00:46.737 E/AndroidRuntime(20211): 	at java.lang.ClassLoader.loadClass(ClassLoader.java:580)
07-25 13:00:46.737 E/AndroidRuntime(20211): 	at android.app.AppComponentFactory.instantiateActivity(AppComponentFactory.java:97)
07-25 13:00:46.737 E/AndroidRuntime(20211): 	at android.app.Instrumentation.newActivity(Instrumentation.java:1461)
07-25 13:00:46.737 E/AndroidRuntime(20211): 	at android.app.ActivityThread.performLaunchActivity(ActivityThread.java:4906)
07-25 13:00:46.737 E/AndroidRuntime(20211): 	... 14 more
07-25 13:00:47.494 E/AndroidRuntime(20264): FATAL EXCEPTION: main
07-25 13:00:47.494 E/AndroidRuntime(20264): Process: com.streamsync.premium, PID: 20264
07-25 13:00:47.494 E/AndroidRuntime(20264): java.lang.RuntimeException: Unable to instantiate activity ComponentInfo{com.streamsync.premium/com.streamsync.premium.MainActivity}
07-25 13:00:47.494 E/AndroidRuntime(20264): 	at android.app.ActivityThread.performLaunchActivity(ActivityThread.java:4917)
07-25 13:00:47.494 E/AndroidRuntime(20264): 	at android.app.ActivityThread.handleLaunchActivity(ActivityThread.java:5290)
07-25 13:00:47.494 E/AndroidRuntime(20264): 	at android.app.servertransaction.LaunchActivityItem.execute(LaunchActivityItem.java:224)
07-25 13:00:47.494 E/AndroidRuntime(20264): 	at android.app.servertransaction.TransactionExecutor.executeNonLifecycleItem(TransactionExecutor.java:133)
07-25 13:00:47.494 E/AndroidRuntime(20264): 	at android.app.servertransaction.TransactionExecutor.executeTransactionItems(TransactionExecutor.java:103)
07-25 13:00:47.494 E/AndroidRuntime(20264): 	at android.app.servertransaction.TransactionExecutor.execute(TransactionExecutor.java:80)
07-25 13:00:47.494 E/AndroidRuntime(20264): 	at android.app.ActivityThread$H.handleMessage(ActivityThread.java:3287)
07-25 13:00:47.494 E/AndroidRuntime(20264): 	at android.os.Handler.dispatchMessage(Handler.java:132)
07-25 13:00:47.494 E/AndroidRuntime(20264): 	at android.os.Looper.dispatchMessage(Looper.java:358)
07-25 13:00:47.494 E/AndroidRuntime(20264): 	at android.os.Looper.loopOnce(Looper.java:288)
07-25 13:00:47.494 E/AndroidRuntime(20264): 	at android.os.Looper.loop(Looper.java:392)
07-25 13:00:47.494 E/AndroidRuntime(20264): 	at android.app.ActivityThread.main(ActivityThread.java:10346)
07-25 13:00:47.494 E/AndroidRuntime(20264): 	at java.lang.reflect.Method.invoke(Native Method)
07-25 13:00:47.494 E/AndroidRuntime(20264): 	at com.android.internal.os.RuntimeInit$MethodAndArgsCaller.run(RuntimeInit.java:638)
07-25 13:00:47.494 E/AndroidRuntime(20264): 	at com.android.internal.os.ZygoteInit.main(ZygoteInit.java:972)
07-25 13:00:47.494 E/AndroidRuntime(20264): Caused by: java.lang.ClassNotFoundException: Didn't find class "com.streamsync.premium.MainActivity" on path: DexPathList[[zip file "/data/app/~~CMTqJ3Ml42el3r_85_qBSQ==/com.streamsync.premium-1cSr2XJbeuzrKSol9-V7ig==/base.apk"],nativeLibraryDirectories=[/data/app/~~CMTqJ3Ml42el3r_85_qBSQ==/com.streamsync.premium-1cSr2XJbeuzrKSol9-V7ig==/lib/arm64, /data/app/~~CMTqJ3Ml42el3r_85_qBSQ==/com.streamsync.premium-1cSr2XJbeuzrKSol9-V7ig==/base.apk!/lib/arm64-v8a, /system/lib64, /system_ext/lib64]]
07-25 13:00:47.494 E/AndroidRuntime(20264): 	at dalvik.system.BaseDexClassLoader.findClass(BaseDexClassLoader.java:259)
07-25 13:00:47.494 E/AndroidRuntime(20264): 	at java.lang.ClassLoader.loadClass(ClassLoader.java:644)
07-25 13:00:47.494 E/AndroidRuntime(20264): 	at java.lang.ClassLoader.loadClass(ClassLoader.java:580)
07-25 13:00:47.494 E/AndroidRuntime(20264): 	at android.app.AppComponentFactory.instantiateActivity(AppComponentFactory.java:97)
07-25 13:00:47.494 E/AndroidRuntime(20264): 	at android.app.Instrumentation.newActivity(Instrumentation.java:1461)
07-25 13:00:47.494 E/AndroidRuntime(20264): 	at android.app.ActivityThread.performLaunchActivity(ActivityThread.java:4906)
07-25 13:00:47.494 E/AndroidRuntime(20264): 	... 14 more
07-25 13:00:58.287 E/AndroidRuntime(20374): FATAL EXCEPTION: main
07-25 13:00:58.287 E/AndroidRuntime(20374): Process: com.streamsync.premium, PID: 20374
07-25 13:00:58.287 E/AndroidRuntime(20374): java.lang.RuntimeException: Unable to instantiate activity ComponentInfo{com.streamsync.premium/com.streamsync.premium.MainActivity}
07-25 13:00:58.287 E/AndroidRuntime(20374): 	at android.app.ActivityThread.performLaunchActivity(ActivityThread.java:4917)
07-25 13:00:58.287 E/AndroidRuntime(20374): 	at android.app.ActivityThread.handleLaunchActivity(ActivityThread.java:5290)
07-25 13:00:58.287 E/AndroidRuntime(20374): 	at android.app.servertransaction.LaunchActivityItem.execute(LaunchActivityItem.java:224)
07-25 13:00:58.287 E/AndroidRuntime(20374): 	at android.app.servertransaction.TransactionExecutor.executeNonLifecycleItem(TransactionExecutor.java:133)
07-25 13:00:58.287 E/AndroidRuntime(20374): 	at android.app.servertransaction.TransactionExecutor.executeTransactionItems(TransactionExecutor.java:103)
07-25 13:00:58.287 E/AndroidRuntime(20374): 	at android.app.servertransaction.TransactionExecutor.execute(TransactionExecutor.java:80)
07-25 13:00:58.287 E/AndroidRuntime(20374): 	at android.app.ActivityThread$H.handleMessage(ActivityThread.java:3287)
07-25 13:00:58.287 E/AndroidRuntime(20374): 	at android.os.Handler.dispatchMessage(Handler.java:132)
07-25 13:00:58.287 E/AndroidRuntime(20374): 	at android.os.Looper.dispatchMessage(Looper.java:358)
07-25 13:00:58.287 E/AndroidRuntime(20374): 	at android.os.Looper.loopOnce(Looper.java:288)
07-25 13:00:58.287 E/AndroidRuntime(20374): 	at android.os.Looper.loop(Looper.java:392)
07-25 13:00:58.287 E/AndroidRuntime(20374): 	at android.app.ActivityThread.main(ActivityThread.java:10346)
07-25 13:00:58.287 E/AndroidRuntime(20374): 	at java.lang.reflect.Method.invoke(Native Method)
07-25 13:00:58.287 E/AndroidRuntime(20374): 	at com.android.internal.os.RuntimeInit$MethodAndArgsCaller.run(RuntimeInit.java:638)
07-25 13:00:58.287 E/AndroidRuntime(20374): 	at com.android.internal.os.ZygoteInit.main(ZygoteInit.java:972)
07-25 13:00:58.287 E/AndroidRuntime(20374): Caused by: java.lang.ClassNotFoundException: Didn't find class "com.streamsync.premium.MainActivity" on path: DexPathList[[zip file "/data/app/~~CMTqJ3Ml42el3r_85_qBSQ==/com.streamsync.premium-1cSr2XJbeuzrKSol9-V7ig==/base.apk"],nativeLibraryDirectories=[/data/app/~~CMTqJ3Ml42el3r_85_qBSQ==/com.streamsync.premium-1cSr2XJbeuzrKSol9-V7ig==/lib/arm64, /data/app/~~CMTqJ3Ml42el3r_85_qBSQ==/com.streamsync.premium-1cSr2XJbeuzrKSol9-V7ig==/base.apk!/lib/arm64-v8a, /system/lib64, /system_ext/lib64]]
07-25 13:00:58.287 E/AndroidRuntime(20374): 	at dalvik.system.BaseDexClassLoader.findClass(BaseDexClassLoader.java:259)
07-25 13:00:58.287 E/AndroidRuntime(20374): 	at java.lang.ClassLoader.loadClass(ClassLoader.java:644)
07-25 13:00:58.287 E/AndroidRuntime(20374): 	at java.lang.ClassLoader.loadClass(ClassLoader.java:580)
07-25 13:00:58.287 E/AndroidRuntime(20374): 	at android.app.AppComponentFactory.instantiateActivity(AppComponentFactory.java:97)
07-25 13:00:58.287 E/AndroidRuntime(20374): 	at android.app.Instrumentation.newActivity(Instrumentation.java:1461)
07-25 13:00:58.287 E/AndroidRuntime(20374): 	at android.app.ActivityThread.performLaunchActivity(ActivityThread.java:4906)
07-25 13:00:58.287 E/AndroidRuntime(20374): 	... 14 more
07-26 03:15:13.849 E/AndroidRuntime( 2962): !@*** FATAL EXCEPTION IN SYSTEM PROCESS: android.ui
07-26 03:15:13.849 E/AndroidRuntime( 2962): java.lang.NullPointerException: NPE by silent reset. It's normal operation caused by device care
07-26 03:15:13.849 E/AndroidRuntime( 2962): 	at com.android.server.power.PowerManagerService$4.run(qb/111684928 8a2772898477f7cc112f6ac514b611258fb1e5c3f2206b0d202f25701684a852:67)
07-26 03:15:13.849 E/AndroidRuntime( 2962): 	at android.os.Handler.handleCallback(Handler.java:1070)
07-26 03:15:13.849 E/AndroidRuntime( 2962): 	at android.os.Handler.dispatchMessage(Handler.java:125)
07-26 03:15:13.849 E/AndroidRuntime( 2962): 	at android.os.Looper.dispatchMessage(Looper.java:358)
07-26 03:15:13.849 E/AndroidRuntime( 2962): 	at android.os.Looper.loopOnce(Looper.java:288)
07-26 03:15:13.849 E/AndroidRuntime( 2962): 	at android.os.Looper.loop(Looper.java:392)
07-26 03:15:13.849 E/AndroidRuntime( 2962): 	at android.os.HandlerThread.run(HandlerThread.java:139)
07-26 03:15:13.849 E/AndroidRuntime( 2962): 	at com.android.server.ServiceThread.run(ServiceThread.java:46)
07-26 03:15:13.849 E/AndroidRuntime( 2962): 	at com.android.server.UiThread.run(qb/111684928 8a2772898477f7cc112f6ac514b611258fb1e5c3f2206b0d202f25701684a852:16)
07-26 03:15:14.125 E/AndroidRuntime(31994): FATAL EXCEPTION: main
07-26 03:15:14.125 E/AndroidRuntime(31994): Process: com.samsung.android.lool, PID: 31994
07-26 03:15:14.125 E/AndroidRuntime(31994): DeadSystemException: The system died; earlier logs will point to the root cause
07-27 03:15:13.143 E/AndroidRuntime(20333): !@*** FATAL EXCEPTION IN SYSTEM PROCESS: android.ui
07-27 03:15:13.143 E/AndroidRuntime(20333): java.lang.NullPointerException: NPE by silent reset. It's normal operation caused by device care
07-27 03:15:13.143 E/AndroidRuntime(20333): 	at com.android.server.power.PowerManagerService$4.run(qb/111684928 8a2772898477f7cc112f6ac514b611258fb1e5c3f2206b0d202f25701684a852:67)
07-27 03:15:13.143 E/AndroidRuntime(20333): 	at android.os.Handler.handleCallback(Handler.java:1070)
07-27 03:15:13.143 E/AndroidRuntime(20333): 	at android.os.Handler.dispatchMessage(Handler.java:125)
07-27 03:15:13.143 E/AndroidRuntime(20333): 	at android.os.Looper.dispatchMessage(Looper.java:358)
07-27 03:15:13.143 E/AndroidRuntime(20333): 	at android.os.Looper.loopOnce(Looper.java:288)
07-27 03:15:13.143 E/AndroidRuntime(20333): 	at android.os.Looper.loop(Looper.java:392)
07-27 03:15:13.143 E/AndroidRuntime(20333): 	at android.os.HandlerThread.run(HandlerThread.java:139)
07-27 03:15:13.143 E/AndroidRuntime(20333): 	at com.android.server.ServiceThread.run(ServiceThread.java:46)
07-27 03:15:13.143 E/AndroidRuntime(20333): 	at com.android.server.UiThread.run(qb/111684928 8a2772898477f7cc112f6ac514b611258fb1e5c3f2206b0d202f25701684a852:16)
07-27 03:15:13.540 E/AndroidRuntime(31617): FATAL EXCEPTION: main
07-27 03:15:13.540 E/AndroidRuntime(31617): Process: com.samsung.android.lool, PID: 31617
07-27 03:15:13.540 E/AndroidRuntime(31617): DeadSystemException: The system died; earlier logs will point to the root cause
07-27 13:16:33.246 F/libc    ( 1552): Fatal signal 6 (SIGABRT), code -1 (SI_QUEUE) in tid 7896 (mpv/mpv core), pid 1552 (eamsync.premium)
07-27 13:16:33.861 F/DEBUG   ( 7927): *** *** *** *** *** *** *** *** *** *** *** *** *** *** *** ***
07-27 13:16:33.861 F/DEBUG   ( 7927): Build fingerprint: 'samsung/e3qxxx/e3q:16/BP4A.251205.006/S928BXXS6DZG1:user/release-keys'
07-27 13:16:33.861 F/DEBUG   ( 7927): Kernel Release: '6.1.145-android14-11-33419968-abS928BXXS6DZG1'
07-27 13:16:33.861 F/DEBUG   ( 7927): Revision: '13'
07-27 13:16:33.861 F/DEBUG   ( 7927): ABI: 'arm64'
07-27 13:16:33.861 F/DEBUG   ( 7927): Processor: '-1'
07-27 13:16:33.861 F/DEBUG   ( 7927): Timestamp: 2026-07-27 13:16:33.385025677+0500
07-27 13:16:33.861 F/DEBUG   ( 7927): Process uptime: 1151s
07-27 13:16:33.861 F/DEBUG   ( 7927): Executable: /system/bin/app_process64
07-27 13:16:33.861 F/DEBUG   ( 7927): Cmdline: com.streamsync.premium
07-27 13:16:33.861 F/DEBUG   ( 7927): pid: 1552, tid: 7896, name: mpv/mpv core  >>> com.streamsync.premium <<<
07-27 13:16:33.861 F/DEBUG   ( 7927): uid: 10766
07-27 13:16:33.861 F/DEBUG   ( 7927): tagged_addr_ctrl: 0000000000000001 (PR_TAGGED_ADDR_ENABLE)
07-27 13:16:33.861 F/DEBUG   ( 7927): pac_enabled_keys: 000000000000000f (PR_PAC_APIAKEY, PR_PAC_APIBKEY, PR_PAC_APDAKEY, PR_PAC_APDBKEY)
07-27 13:16:33.861 F/DEBUG   ( 7927): esr: 0000000092000006 (Data Abort Exception 0x24)
07-27 13:16:33.861 F/DEBUG   ( 7927): signal 6 (SIGABRT), code -1 (SI_QUEUE), fault addr --------
07-27 13:16:33.861 F/DEBUG   ( 7927): Abort message: '../../../flutter/third_party/dart/runtime/vm/runtime_entry.cc: 5122: error: Callback invoked after it has been deleted.'
07-27 13:16:33.861 F/DEBUG   ( 7927):     x0  0000000000000000  x1  0000000000001ed8  x2  0000000000000006  x3  0000007235967cf0
07-27 13:16:33.861 F/DEBUG   ( 7927):     x4  0000000000000010  x5  0000000000000010  x6  0000000000000010  x7  7f7f7f7f7f7f7f7f
07-27 13:16:33.861 F/DEBUG   ( 7927):     x8  00000000000000f0  x9  05df2e98f6083cfb  x10 000000ff00000020  x11 0000000000000000
07-27 13:16:33.862 F/DEBUG   ( 7927):     x12 000000006a6713e0  x13 000000007fffffff  x14 00000000048de338  x15 0000048add507aba
07-27 13:16:33.862 F/DEBUG   ( 7927):     x16 000000755d1d6138  x17 000000755d1bb5c0  x18 0000006dab76c000  x19 0000000000000610
07-27 13:16:33.862 F/DEBUG   ( 7927):     x20 0000000000001ed8  x21 00000000ffffffff  x22 0000007235967f38  x23 0000007235967f40
07-27 13:16:33.862 F/DEBUG   ( 7927):     x24 b4000072787b2f68  x25 b4000072787b2f90  x26 b4000072787b2ee0  x27 0000000000000001
07-27 13:16:33.862 F/DEBUG   ( 7927):     x28 000000723596804c  x29 0000007235967d70
07-27 13:16:33.862 F/DEBUG   ( 7927):     lr  000000755d15c644  sp  0000007235967cf0  pc  000000755d15c668  pst 0000000000001000
07-27 13:16:33.862 F/DEBUG   ( 7927):     esr 0000000092000006
07-27 13:16:33.862 F/DEBUG   ( 7927): 4 total frames
07-27 13:16:33.862 F/DEBUG   ( 7927): backtrace:
07-27 13:16:33.862 F/DEBUG   ( 7927):       #00 pc 0000000000075668  /apex/com.android.runtime/lib64/bionic/libc.so (abort+160) (BuildId: 1ec1d41f7c9e3e45043ebfef05c0ed3d)
07-27 13:16:33.862 F/DEBUG   ( 7927):       #01 pc 0000000001f44718  /data/app/~~-3hK33LgFmWT-WerI1jkMw==/com.streamsync.premium-CvZ0W1QC_rkQrHveayofIw==/base.apk!libflutter.so (offset 0x13c4000) (BuildId: e9c930775116e7c9257eb773e64eb12f7d0213d7)
07-27 13:16:33.862 F/DEBUG   ( 7927):       #02 pc 0000000002073328  /data/app/~~-3hK33LgFmWT-WerI1jkMw==/com.streamsync.premium-CvZ0W1QC_rkQrHveayofIw==/base.apk!libflutter.so (offset 0x13c4000) (BuildId: e9c930775116e7c9257eb773e64eb12f7d0213d7)
07-27 13:16:33.862 F/DEBUG   ( 7927):       #03 pc 00000000000100fc  [anon:FfiCallbackMetadata::TrampolinePage]
07-27 15:57:11.664 F/libc    (31448): Fatal signal 6 (SIGABRT), code -1 (SI_QUEUE) in tid 2430 (mpv/mpv core), pid 31448 (eamsync.premium)
07-27 15:57:12.352 F/DEBUG   ( 2855): *** *** *** *** *** *** *** *** *** *** *** *** *** *** *** ***
07-27 15:57:12.352 F/DEBUG   ( 2855): Build fingerprint: 'samsung/e3qxxx/e3q:16/BP4A.251205.006/S928BXXS6DZG1:user/release-keys'
07-27 15:57:12.352 F/DEBUG   ( 2855): Kernel Release: '6.1.145-android14-11-33419968-abS928BXXS6DZG1'
07-27 15:57:12.352 F/DEBUG   ( 2855): Revision: '13'
07-27 15:57:12.352 F/DEBUG   ( 2855): ABI: 'arm64'
07-27 15:57:12.352 F/DEBUG   ( 2855): Processor: '-1'
07-27 15:57:12.352 F/DEBUG   ( 2855): Timestamp: 2026-07-27 15:57:11.820935736+0500
07-27 15:57:12.352 F/DEBUG   ( 2855): Process uptime: 259s
07-27 15:57:12.352 F/DEBUG   ( 2855): Executable: /system/bin/app_process64
07-27 15:57:12.352 F/DEBUG   ( 2855): Cmdline: com.streamsync.premium
07-27 15:57:12.352 F/DEBUG   ( 2855): pid: 31448, tid: 2430, name: mpv/mpv core  >>> com.streamsync.premium <<<
07-27 15:57:12.352 F/DEBUG   ( 2855): uid: 10766
07-27 15:57:12.352 F/DEBUG   ( 2855): tagged_addr_ctrl: 0000000000000001 (PR_TAGGED_ADDR_ENABLE)
07-27 15:57:12.352 F/DEBUG   ( 2855): pac_enabled_keys: 000000000000000f (PR_PAC_APIAKEY, PR_PAC_APIBKEY, PR_PAC_APDAKEY, PR_PAC_APDBKEY)
07-27 15:57:12.352 F/DEBUG   ( 2855): esr: 0000000092000006 (Data Abort Exception 0x24)
07-27 15:57:12.352 F/DEBUG   ( 2855): signal 6 (SIGABRT), code -1 (SI_QUEUE), fault addr --------
07-27 15:57:12.352 F/DEBUG   ( 2855): Abort message: '../../../flutter/third_party/dart/runtime/vm/runtime_entry.cc: 5122: error: Callback invoked after it has been deleted.'
07-27 15:57:12.352 F/DEBUG   ( 2855):     x0  0000000000000000  x1  000000000000097e  x2  0000000000000006  x3  0000007237ff7cf0
07-27 15:57:12.352 F/DEBUG   ( 2855):     x4  0000000000000010  x5  0000000000000010  x6  0000000000000010  x7  7f7f7f7f7f7f7f7f
07-27 15:57:12.352 F/DEBUG   ( 2855):     x8  00000000000000f0  x9  d8038a416d63426f  x10 000000ff00000020  x11 0000000000000000
07-27 15:57:12.352 F/DEBUG   ( 2855):     x12 000000006a673986  x13 000000007fffffff  x14 0000000004d28926  x15 000004b5f368dc2e
07-27 15:57:12.352 F/DEBUG   ( 2855):     x16 000000755d1d6138  x17 000000755d1bb5c0  x18 0000007182558000  x19 0000000000007ad8
07-27 15:57:12.352 F/DEBUG   ( 2855):     x20 000000000000097e  x21 00000000ffffffff  x22 0000007237ff7f38  x23 0000007237ff7f40
07-27 15:57:12.352 F/DEBUG   ( 2855):     x24 b4000072787e8ba8  x25 b4000072787e8bd0  x26 b4000072787e8b20  x27 0000000000000001
07-27 15:57:12.352 F/DEBUG   ( 2855):     x28 0000007237ff804c  x29 0000007237ff7d70
07-27 15:57:12.352 F/DEBUG   ( 2855):     lr  000000755d15c644  sp  0000007237ff7cf0  pc  000000755d15c668  pst 0000000000001000
07-27 15:57:12.352 F/DEBUG   ( 2855):     esr 0000000092000006
07-27 15:57:12.352 F/DEBUG   ( 2855): 4 total frames
07-27 15:57:12.352 F/DEBUG   ( 2855): backtrace:
07-27 15:57:12.352 F/DEBUG   ( 2855):       #00 pc 0000000000075668  /apex/com.android.runtime/lib64/bionic/libc.so (abort+160) (BuildId: 1ec1d41f7c9e3e45043ebfef05c0ed3d)
07-27 15:57:12.352 F/DEBUG   ( 2855):       #01 pc 0000000001f44718  /data/app/~~3I_60VNfT7QgHSX2tYtBGw==/com.streamsync.premium-H7mVWyN-Ppr6DGSZO7jMxg==/base.apk!libflutter.so (offset 0x13c4000) (BuildId: e9c930775116e7c9257eb773e64eb12f7d0213d7)
07-27 15:57:12.352 F/DEBUG   ( 2855):       #02 pc 0000000002073328  /data/app/~~3I_60VNfT7QgHSX2tYtBGw==/com.streamsync.premium-H7mVWyN-Ppr6DGSZO7jMxg==/base.apk!libflutter.so (offset 0x13c4000) (BuildId: e9c930775116e7c9257eb773e64eb12f7d0213d7)
07-27 15:57:12.352 F/DEBUG   ( 2855):       #03 pc 00000000000100fc  [anon:FfiCallbackMetadata::TrampolinePage]
07-29 03:15:28.976 E/AndroidRuntime(18858): !@*** FATAL EXCEPTION IN SYSTEM PROCESS: android.ui
07-29 03:15:28.976 E/AndroidRuntime(18858): java.lang.NullPointerException: NPE by silent reset. It's normal operation caused by device care
07-29 03:15:28.976 E/AndroidRuntime(18858): 	at com.android.server.power.PowerManagerService$4.run(qb/111684928 8a2772898477f7cc112f6ac514b611258fb1e5c3f2206b0d202f25701684a852:67)
07-29 03:15:28.976 E/AndroidRuntime(18858): 	at android.os.Handler.handleCallback(Handler.java:1070)
07-29 03:15:28.976 E/AndroidRuntime(18858): 	at android.os.Handler.dispatchMessage(Handler.java:125)
07-29 03:15:28.976 E/AndroidRuntime(18858): 	at android.os.Looper.dispatchMessage(Looper.java:358)
07-29 03:15:28.976 E/AndroidRuntime(18858): 	at android.os.Looper.loopOnce(Looper.java:288)
07-29 03:15:28.976 E/AndroidRuntime(18858): 	at android.os.Looper.loop(Looper.java:392)
07-29 03:15:28.976 E/AndroidRuntime(18858): 	at android.os.HandlerThread.run(HandlerThread.java:139)
07-29 03:15:28.976 E/AndroidRuntime(18858): 	at com.android.server.ServiceThread.run(ServiceThread.java:46)
07-29 03:15:28.976 E/AndroidRuntime(18858): 	at com.android.server.UiThread.run(qb/111684928 8a2772898477f7cc112f6ac514b611258fb1e5c3f2206b0d202f25701684a852:16)
07-29 03:15:40.507 E/AndroidRuntime(24651): FATAL EXCEPTION: main
07-29 03:15:40.507 E/AndroidRuntime(24651): Process: com.samsung.android.lool, PID: 24651
07-29 03:15:40.507 E/AndroidRuntime(24651): DeadSystemException: The system died; earlier logs will point to the root cause
07-31 03:16:14.947 E/AndroidRuntime(29993): !@*** FATAL EXCEPTION IN SYSTEM PROCESS: android.ui
07-31 03:16:14.947 E/AndroidRuntime(29993): java.lang.NullPointerException: NPE by silent reset. It's normal operation caused by device care
07-31 03:16:14.947 E/AndroidRuntime(29993): 	at com.android.server.power.PowerManagerService$4.run(qb/111684928 8a2772898477f7cc112f6ac514b611258fb1e5c3f2206b0d202f25701684a852:67)
07-31 03:16:14.947 E/AndroidRuntime(29993): 	at android.os.Handler.handleCallback(Handler.java:1070)
07-31 03:16:14.947 E/AndroidRuntime(29993): 	at android.os.Handler.dispatchMessage(Handler.java:125)
07-31 03:16:14.947 E/AndroidRuntime(29993): 	at android.os.Looper.dispatchMessage(Looper.java:358)
07-31 03:16:14.947 E/AndroidRuntime(29993): 	at android.os.Looper.loopOnce(Looper.java:288)
07-31 03:16:14.947 E/AndroidRuntime(29993): 	at android.os.Looper.loop(Looper.java:392)
07-31 03:16:14.947 E/AndroidRuntime(29993): 	at android.os.HandlerThread.run(HandlerThread.java:139)
07-31 03:16:14.947 E/AndroidRuntime(29993): 	at com.android.server.ServiceThread.run(ServiceThread.java:46)
07-31 03:16:14.947 E/AndroidRuntime(29993): 	at com.android.server.UiThread.run(qb/111684928 8a2772898477f7cc112f6ac514b611258fb1e5c3f2206b0d202f25701684a852:16)
07-31 03:16:39.181 E/AndroidRuntime(19664): FATAL EXCEPTION: main
07-31 03:16:39.181 E/AndroidRuntime(19664): Process: com.samsung.android.lool, PID: 19664
07-31 03:16:39.181 E/AndroidRuntime(19664): DeadSystemException: The system died; earlier logs will point to the root cause
--------- beginning of system
08-01 00:27:04.342 E/WindowManager( 3093): win=Window{1e1062b u0 com.sec.android.app.launcher/com.sec.android.app.launcher.activities.LauncherActivity} destroySurfaces: appStopped=true cleanupOnResume=false win.mWindowRemovalAllowed=false win.mRemoveOnExit=false win.mViewVisibility=8 caller=com.android.server.wm.ActivityRecord.destroySurfaces:24 com.android.server.wm.ActivityRecord.activityStopped:209 com.android.server.wm.ActivityClientController.activityStopped:102 android.app.IActivityClientController$Stub.onTransact:829 com.android.server.wm.ActivityClientController.onTransact:1 android.os.Binder.execTransactInternal:1514 android.os.Binder.execTransact:1454 
08-01 00:27:04.383 E/TaskPersister( 3093): File error accessing recents directory (directory doesn't exist?).
08-01 00:27:04.384 E/TaskPersister( 3093): File error accessing recents directory (directory doesn't exist?).
08-01 00:27:04.384 E/TaskPersister( 3093): File error accessing recents directory (directory doesn't exist?).
08-01 00:27:04.384 E/TaskPersister( 3093): File error accessing recents directory (directory doesn't exist?).
08-01 00:27:07.669 E/Watchdog( 3093): !@Sync: 1431 heap(MB): 177 / 202 FD: 1541 Threads: 581 [2026-08-01 00:27:07.669]
08-01 00:27:09.282 E/WindowManager( 3093): win=Window{8e482cc u0 com.google.android.youtube/com.google.android.youtube.app.honeycomb.Shell$HomeActivity} destroySurfaces: appStopped=true cleanupOnResume=false win.mWindowRemovalAllowed=false win.mRemoveOnExit=false win.mViewVisibility=8 caller=com.android.server.wm.ActivityRecord.destroySurfaces:24 com.android.server.wm.ActivityRecord.activityStopped:209 com.android.server.wm.ActivityClientController.activityStopped:102 android.app.IActivityClientController$Stub.onTransact:829 com.android.server.wm.ActivityClientController.onTransact:1 android.os.Binder.execTransactInternal:1514 android.os.Binder.execTransact:1454 
08-01 00:27:09.805 E/AppOps  ( 3093): Bad call made by uid 1000. Package "com.google.android.apps.photos" does not belong to uid 1000.
08-01 00:27:09.873 E/TransitionChain( 3093): Can't collect into a chain with no transition
08-01 00:27:09.873 E/TransitionChain( 3093): Can't collect into a chain with no transition
08-01 00:27:11.806 E/WindowManager( 3093): win=Window{1e1062b u0 com.sec.android.app.launcher/com.sec.android.app.launcher.activities.LauncherActivity} destroySurfaces: appStopped=true cleanupOnResume=false win.mWindowRemovalAllowed=false win.mRemoveOnExit=false win.mViewVisibility=8 caller=com.android.server.wm.ActivityRecord.destroySurfaces:24 com.android.server.wm.ActivityRecord.activityStopped:209 com.android.server.wm.ActivityClientController.activityStopped:102 android.app.IActivityClientController$Stub.onTransact:829 com.android.server.wm.ActivityClientController.onTransact:1 android.os.Binder.execTransactInternal:1514 android.os.Binder.execTransact:1454 
08-01 00:27:11.926 E/AppOps  ( 3093): Bad call made by uid 1001. Package "com.android.phone" does not belong to uid 10096.
08-01 00:27:11.926 E/AppOps  ( 3093): Cannot noteOperation
08-01 00:27:11.926 E/AppOps  ( 3093): java.lang.SecurityException: Specified package "com.android.phone" under uid 10096 but it is not
08-01 00:27:11.926 E/AppOps  ( 3093): 	at com.android.server.appop.AppOpsService.verifyAndGetBypass(qb/111684928 8a2772898477f7cc112f6ac514b611258fb1e5c3f2206b0d202f25701684a852:63)
08-01 00:27:11.926 E/AppOps  ( 3093): 	at com.android.server.appop.AppOpsService.noteOperationUnchecked(qb/111684928 8a2772898477f7cc112f6ac514b611258fb1e5c3f2206b0d202f25701684a852:68)
08-01 00:27:11.926 E/AppOps  ( 3093): 	at com.android.server.appop.AppOpsService.-$$Nest$mnoteOperationImpl(qb/111684928 8a2772898477f7cc112f6ac514b611258fb1e5c3f2206b0d202f25701684a852:89)
08-01 00:27:11.926 E/AppOps  ( 3093): 	at com.android.server.appop.AppOpsService$CheckOpsDelegateDispatcher$$ExternalSyntheticLambda4.apply(qb/111684928 8a2772898477f7cc112f6ac514b611258fb1e5c3f2206b0d202f25701684a852:65)
08-01 00:27:11.926 E/AppOps  ( 3093): 	at com.android.server.policy.AppOpsPolicy.noteOperation(qb/111684928 8a2772898477f7cc112f6ac514b611258fb1e5c3f2206b0d202f25701684a852:35)
08-01 00:27:11.926 E/AppOps  ( 3093): 	at com.android.server.appop.AppOpsService$CheckOpsDelegateDispatcher.noteOperation(qb/111684928 8a2772898477f7cc112f6ac514b611258fb1e5c3f2206b0d202f25701684a852:66)
08-01 00:27:11.926 E/AppOps  ( 3093): 	at com.android.server.appop.AppOpsService.noteOperation(qb/111684928 8a2772898477f7cc112f6ac514b611258fb1e5c3f2206b0d202f25701684a852:20)
08-01 00:27:11.926 E/AppOps  ( 3093): 	at com.android.internal.app.IAppOpsService$Stub.onTransact(IAppOpsService.java:592)
08-01 00:27:11.926 E/AppOps  ( 3093): 	at android.os.Binder.execTransactInternal(Binder.java:1514)
08-01 00:27:11.926 E/AppOps  ( 3093): 	at android.os.Binder.execTransact(Binder.java:1454)
08-01 00:27:14.106 E/TaskPersister( 3093): File error accessing recents directory (directory doesn't exist?).
08-01 00:27:14.107 E/TaskPersister( 3093): File error accessing recents directory (directory doesn't exist?).
08-01 00:27:14.107 E/TaskPersister( 3093): File error accessing recents directory (directory doesn't exist?).
08-01 00:27:14.107 E/TaskPersister( 3093): File error accessing recents directory (directory doesn't exist?).
08-01 00:27:16.014 E/AppOps  ( 3093): attributionTag  not declared in manifest of com.android.systemui
08-01 00:27:16.015 E/AppOps  ( 3093): attributionTag  not declared in manifest of com.android.systemui
08-01 00:27:17.599 E/AppOps  ( 3093): attributionTag  not declared in manifest of com.android.systemui
08-01 00:27:17.600 E/AppOps  ( 3093): attributionTag  not declared in manifest of com.android.systemui
08-01 00:27:25.488 E/WindowManager( 3093): win=Window{1634bb1 u0 com.sec.android.app.launcher/com.samsung.app.honeyspace.edge.edgepanel.app.CocktailBarService} destroySurfaces: appStopped=true cleanupOnResume=false win.mWindowRemovalAllowed=false win.mRemoveOnExit=false win.mViewVisibility=8 caller=com.android.server.wm.WindowManagerService.tryStartExitingAnimation:128 com.android.server.wm.WindowManagerService.relayoutWindow:1121 com.android.server.wm.Session.relayout:30 android.view.IWindowSession$Stub.onTransact:840 com.android.server.wm.Session.onTransact:1 android.os.Binder.execTransactInternal:1514 android.os.Binder.execTransact:1454 
08-01 00:27:26.715 E/WindowManager( 3093): win=Window{114a300 u0 NotificationShade} destroySurfaces: appStopped=true cleanupOnResume=false win.mWindowRemovalAllowed=false win.mRemoveOnExit=false win.mViewVisibility=4 caller=com.android.server.wm.WindowManagerService.tryStartExitingAnimation:128 com.android.server.wm.WindowManagerService.relayoutWindow:1121 com.android.server.wm.Session.relayout:30 android.view.IWindowSession$Stub.onTransact:840 com.android.server.wm.Session.onTransact:1 android.os.Binder.execTransactInternal:1514 android.os.Binder.execTransact:1454 
08-01 00:27:26.745 E/WindowManager( 3093): win=Window{d1883c5 u0 com.google.android.apps.playconsole/com.google.android.apps.play.console.mobile.MainActivity} destroySurfaces: appStopped=true cleanupOnResume=false win.mWindowRemovalAllowed=false win.mRemoveOnExit=false win.mViewVisibility=8 caller=com.android.server.wm.ActivityRecord.destroySurfaces:24 com.android.server.wm.ActivityRecord.activityStopped:209 com.android.server.wm.ActivityClientController.activityStopped:102 android.app.IActivityClientController$Stub.onTransact:829 com.android.server.wm.ActivityClientController.onTransact:1 android.os.Binder.execTransactInternal:1514 android.os.Binder.execTransact:1454 
08-01 00:27:27.033 E/BatteryStatsService( 3093): Invalid uid for waking network packet: -1
08-01 00:27:29.603 E/TaskPersister( 3093): File error accessing recents directory (directory doesn't exist?).
08-01 00:27:29.603 E/TaskPersister( 3093): File error accessing recents directory (directory doesn't exist?).
08-01 00:27:29.603 E/TaskPersister( 3093): File error accessing recents directory (directory doesn't exist?).
08-01 00:27:29.604 E/TaskPersister( 3093): File error accessing recents directory (directory doesn't exist?).
08-01 00:27:30.476 E/AppOps  ( 3093): attributionTag  not declared in manifest of com.whatsapp.w4b
08-01 00:27:30.476 E/AppOps  ( 3093): attributionTag  not declared in manifest of com.whatsapp.w4b
08-01 00:27:30.478 E/AppOps  ( 3093): attributionTag  not declared in manifest of com.whatsapp.w4b
08-01 00:27:30.479 E/AppOps  ( 3093): attributionTag  not declared in manifest of com.whatsapp.w4b
08-01 00:27:30.524 E/WindowManager( 3093): win=Window{5f33061 u0 BackPanelController} destroySurfaces: appStopped=true cleanupOnResume=false win.mWindowRemovalAllowed=false win.mRemoveOnExit=false win.mViewVisibility=8 caller=com.android.server.wm.WindowManagerService.tryStartExitingAnimation:128 com.android.server.wm.WindowManagerService.relayoutWindow:1121 com.android.server.wm.Session.relayout:30 android.view.IWindowSession$Stub.onTransact:840 com.android.server.wm.Session.onTransact:1 android.os.Binder.execTransactInternal:1514 android.os.Binder.execTransact:1454 
08-01 00:27:30.937 E/WindowManager( 3093): win=Window{36d3d2e u0 InputMethod} destroySurfaces: appStopped=true cleanupOnResume=false win.mWindowRemovalAllowed=false win.mRemoveOnExit=false win.mViewVisibility=8 caller=com.android.server.wm.WindowManagerService.tryStartExitingAnimation:128 com.android.server.wm.WindowManagerService.relayoutWindow:1121 com.android.server.wm.Session.relayout:30 android.view.IWindowSession$Stub.onTransact:840 com.android.server.wm.Session.onTransact:1 android.os.Binder.execTransactInternal:1509 android.os.Binder.execTransact:1454 
08-01 00:27:37.590 E/WindowManager( 3093): win=Window{5f33061 u0 BackPanelController} destroySurfaces: appStopped=true cleanupOnResume=false win.mWindowRemovalAllowed=false win.mRemoveOnExit=false win.mViewVisibility=8 caller=com.android.server.wm.WindowManagerService.tryStartExitingAnimation:128 com.android.server.wm.WindowManagerService.relayoutWindow:1121 com.android.server.wm.Session.relayout:30 android.view.IWindowSession$Stub.onTransact:840 com.android.server.wm.Session.onTransact:1 android.os.Binder.execTransactInternal:1514 android.os.Binder.execTransact:1454 
08-01 00:27:37.676 E/Watchdog( 3093): !@Sync: 1432 heap(MB): 193 / 202 FD: 1543 Threads: 581 [2026-08-01 00:27:37.676]
08-01 00:27:37.916 E/TaskPersister( 3093): File error accessing recents directory (directory doesn't exist?).
08-01 00:27:37.918 E/TaskPersister( 3093): File error accessing recents directory (directory doesn't exist?).
08-01 00:27:37.918 E/TaskPersister( 3093): File error accessing recents directory (directory doesn't exist?).
08-01 00:27:37.918 E/TaskPersister( 3093): File error accessing recents directory (directory doesn't exist?).
08-01 00:27:38.014 E/WindowManager( 3093): win=Window{36d3d2e u0 InputMethod} destroySurfaces: appStopped=true cleanupOnResume=false win.mWindowRemovalAllowed=false win.mRemoveOnExit=false win.mViewVisibility=8 caller=com.android.server.wm.WindowManagerService.tryStartExitingAnimation:128 com.android.server.wm.WindowManagerService.relayoutWindow:1121 com.android.server.wm.Session.relayout:30 android.view.IWindowSession$Stub.onTransact:840 com.android.server.wm.Session.onTransact:1 android.os.Binder.execTransactInternal:1509 android.os.Binder.execTransact:1454 
08-01 00:27:38.170 E/WindowManager( 3093): win=Window{5f33061 u0 BackPanelController} destroySurfaces: appStopped=true cleanupOnResume=false win.mWindowRemovalAllowed=false win.mRemoveOnExit=false win.mViewVisibility=8 caller=com.android.server.wm.WindowManagerService.tryStartExitingAnimation:128 com.android.server.wm.WindowManagerService.relayoutWindow:1121 com.android.server.wm.Session.relayout:30 android.view.IWindowSession$Stub.onTransact:840 com.android.server.wm.Session.onTransact:1 android.os.Binder.execTransactInternal:1514 android.os.Binder.execTransact:1454 
08-01 00:27:38.905 E/BatteryStatsService( 3093): Invalid uid for waking network packet: -1
08-01 00:27:39.888 E/WindowManager( 3093): win=Window{84fdd1f u0 com.whatsapp.w4b/com.whatsapp.home.ui.HomeActivity} destroySurfaces: appStopped=true cleanupOnResume=false win.mWindowRemovalAllowed=false win.mRemoveOnExit=false win.mViewVisibility=8 caller=com.android.server.wm.ActivityRecord.destroySurfaces:24 com.android.server.wm.ActivityRecord.activityStopped:209 com.android.server.wm.ActivityClientController.activityStopped:102 android.app.IActivityClientController$Stub.onTransact:829 com.android.server.wm.ActivityClientController.onTransact:1 android.os.Binder.execTransactInternal:1514 android.os.Binder.execTransact:1454 
08-01 00:27:40.870 E/AppOps  ( 3093): attributionTag  not declared in manifest of com.whatsapp.w4b
08-01 00:27:40.871 E/AppOps  ( 3093): attributionTag  not declared in manifest of com.whatsapp.w4b
08-01 00:27:42.039 E/TaskPersister( 3093): File error accessing recents directory (directory doesn't exist?).
08-01 00:27:42.039 E/TaskPersister( 3093): File error accessing recents directory (directory doesn't exist?).
08-01 00:27:42.040 E/TaskPersister( 3093): File error accessing recents directory (directory doesn't exist?).
08-01 00:27:42.040 E/TaskPersister( 3093): File error accessing recents directory (directory doesn't exist?).
08-01 00:27:42.215 E/WindowManager( 3093): win=Window{91aafb4 u0 PopupWindow:c4b5879 EXITING} destroySurfaces: appStopped=false cleanupOnResume=false win.mWindowRemovalAllowed=true win.mRemoveOnExit=true win.mViewVisibility=0 caller=com.android.server.wm.WindowState.onExitAnimationDone:224 com.android.server.wm.WindowState.onAnimationFinished:174 com.android.server.wm.WindowContainer$$ExternalSyntheticLambda8.onAnimationFinished:3 com.android.server.wm.SurfaceAnimator$$ExternalSyntheticLambda0.onAnimationFinished:69 com.android.server.wm.LocalAnimationAdapter$$ExternalSyntheticLambda0.run:10 android.os.Handler.handleCallback:1070 android.os.Handler.dispatchMessage:125 
08-01 00:27:42.532 E/WindowManager( 3093): win=Window{eb01814 u0 PopupWindow:c4b5879 EXITING} destroySurfaces: appStopped=false cleanupOnResume=false win.mWindowRemovalAllowed=true win.mRemoveOnExit=true win.mViewVisibility=0 caller=com.android.server.wm.WindowState.onExitAnimationDone:224 com.android.server.wm.WindowState.onAnimationFinished:174 com.android.server.wm.WindowContainer$$ExternalSyntheticLambda8.onAnimationFinished:3 com.android.server.wm.SurfaceAnimator$$ExternalSyntheticLambda0.onAnimationFinished:69 com.android.server.wm.LocalAnimationAdapter$$ExternalSyntheticLambda0.run:10 android.os.Handler.handleCallback:1070 android.os.Handler.dispatchMessage:125 
08-01 00:27:42.642 E/AppOps  ( 3093): attributionTag  not declared in manifest of com.whatsapp.w4b
08-01 00:27:42.643 E/AppOps  ( 3093): attributionTag  not declared in manifest of com.whatsapp.w4b
08-01 00:27:45.044 E/WindowManager( 3093): win=Window{3a8ab41 u0 PopupWindow:c4b5879 EXITING} destroySurfaces: appStopped=false cleanupOnResume=false win.mWindowRemovalAllowed=true win.mRemoveOnExit=true win.mViewVisibility=0 caller=com.android.server.wm.WindowState.onExitAnimationDone:224 com.android.server.wm.WindowState.onAnimationFinished:174 com.android.server.wm.WindowContainer$$ExternalSyntheticLambda8.onAnimationFinished:3 com.android.server.wm.SurfaceAnimator$$ExternalSyntheticLambda0.onAnimationFinished:69 com.android.server.wm.LocalAnimationAdapter$$ExternalSyntheticLambda0.run:10 android.os.Handler.handleCallback:1070 android.os.Handler.dispatchMessage:125 
08-01 00:27:45.182 E/BatteryStatsService( 3093): Invalid uid for waking network packet: -1
08-01 00:27:46.441 E/WindowManager( 3093): win=Window{971ccd2 u0 PopupWindow:c4b5879 EXITING} destroySurfaces: appStopped=false cleanupOnResume=false win.mWindowRemovalAllowed=true win.mRemoveOnExit=true win.mViewVisibility=0 caller=com.android.server.wm.WindowState.onExitAnimationDone:224 com.android.server.wm.WindowState.onAnimationFinished:174 com.android.server.wm.WindowContainer$$ExternalSyntheticLambda8.onAnimationFinished:3 com.android.server.wm.SurfaceAnimator$$ExternalSyntheticLambda0.onAnimationFinished:69 com.android.server.wm.LocalAnimationAdapter$$ExternalSyntheticLambda0.run:10 android.os.Handler.handleCallback:1070 android.os.Handler.dispatchMessage:125 
08-01 00:27:47.608 E/AppOps  ( 3093): attributionTag  not declared in manifest of com.whatsapp.w4b
08-01 00:27:47.608 E/AppOps  ( 3093): attributionTag  not declared in manifest of com.whatsapp.w4b
08-01 00:27:47.610 E/AppOps  ( 3093): attributionTag  not declared in manifest of com.whatsapp.w4b
08-01 00:27:47.611 E/AppOps  ( 3093): attributionTag  not declared in manifest of com.whatsapp.w4b
08-01 00:27:50.526 E/WindowManager( 3093): win=Window{3a3bc7f u0 PopupWindow:c4b5879 EXITING} destroySurfaces: appStopped=false cleanupOnResume=false win.mWindowRemovalAllowed=true win.mRemoveOnExit=true win.mViewVisibility=0 caller=com.android.server.wm.WindowState.onExitAnimationDone:224 com.android.server.wm.WindowState.onAnimationFinished:174 com.android.server.wm.WindowContainer$$ExternalSyntheticLambda8.onAnimationFinished:3 com.android.server.wm.SurfaceAnimator$$ExternalSyntheticLambda0.onAnimationFinished:69 com.android.server.wm.LocalAnimationAdapter$$ExternalSyntheticLambda0.run:10 android.os.Handler.handleCallback:1070 android.os.Handler.dispatchMessage:125 
08-01 00:27:51.568 E/WindowManager( 3093): win=Window{56dd480 u0 PopupWindow:c4b5879 EXITING} destroySurfaces: appStopped=false cleanupOnResume=false win.mWindowRemovalAllowed=true win.mRemoveOnExit=true win.mViewVisibility=0 caller=com.android.server.wm.WindowState.onExitAnimationDone:224 com.android.server.wm.WindowState.onAnimationFinished:174 com.android.server.wm.WindowContainer$$ExternalSyntheticLambda8.onAnimationFinished:3 com.android.server.wm.SurfaceAnimator$$ExternalSyntheticLambda0.onAnimationFinished:69 com.android.server.wm.LocalAnimationAdapter$$ExternalSyntheticLambda0.run:10 android.os.Handler.handleCallback:1070 android.os.Handler.dispatchMessage:125 
08-01 00:27:52.984 E/AppOps  ( 3093): attributionTag  not declared in manifest of com.whatsapp.w4b
08-01 00:27:52.985 E/AppOps  ( 3093): attributionTag  not declared in manifest of com.whatsapp.w4b
08-01 00:27:52.988 E/AppOps  ( 3093): attributionTag  not declared in manifest of com.whatsapp.w4b
08-01 00:27:52.989 E/AppOps  ( 3093): attributionTag  not declared in manifest of com.whatsapp.w4b
08-01 00:27:58.524 E/keystore2( 1262): system/security/keystore2/src/error.rs:186 - Rc(r#KEY_NOT_FOUND), "system/security/keystore2/src/service.rs:179: In get_key_entry, while trying to load key info. AppUid(5009), Some(\"com.samsung.android.scloud_SERVER_CERT\")"
08-01 00:27:58.525 E/keystore2( 1262): system/security/keystore2/src/error.rs:186 - Rc(r#KEY_NOT_FOUND), "system/security/keystore2/src/service.rs:179: In get_key_entry, while trying to load key info. AppUid(5009), Some(\"com.samsung.android.scloud_SERVER_CERT\")"
08-01 00:28:01.513 E/WindowManager( 3093): win=Window{df1e14f u0 PopupWindow:c4b5879 EXITING} destroySurfaces: appStopped=false cleanupOnResume=false win.mWindowRemovalAllowed=true win.mRemoveOnExit=true win.mViewVisibility=0 caller=com.android.server.wm.WindowState.onExitAnimationDone:224 com.android.server.wm.WindowState.onAnimationFinished:174 com.android.server.wm.WindowContainer$$ExternalSyntheticLambda8.onAnimationFinished:3 com.android.server.wm.SurfaceAnimator$$ExternalSyntheticLambda0.onAnimationFinished:69 com.android.server.wm.LocalAnimationAdapter$$ExternalSyntheticLambda0.run:10 android.os.Handler.handleCallback:1070 android.os.Handler.dispatchMessage:125 
08-01 00:28:01.949 E/AppOps  ( 3093): attributionTag  not declared in manifest of com.whatsapp.w4b
08-01 00:28:01.950 E/AppOps  ( 3093): attributionTag  not declared in manifest of com.whatsapp.w4b
08-01 00:28:02.332 E/WindowManager( 3093): win=Window{5f33061 u0 BackPanelController} destroySurfaces: appStopped=true cleanupOnResume=false win.mWindowRemovalAllowed=false win.mRemoveOnExit=false win.mViewVisibility=8 caller=com.android.server.wm.WindowManagerService.tryStartExitingAnimation:128 com.android.server.wm.WindowManagerService.relayoutWindow:1121 com.android.server.wm.Session.relayout:30 android.view.IWindowSession$Stub.onTransact:840 com.android.server.wm.Session.onTransact:1 android.os.Binder.execTransactInternal:1514 android.os.Binder.execTransact:1454 
08-01 00:28:02.488 E/AppOps  ( 3093): attributionTag  not declared in manifest of com.whatsapp.w4b
08-01 00:28:02.489 E/AppOps  ( 3093): attributionTag  not declared in manifest of com.whatsapp.w4b
08-01 00:28:02.490 E/AppOps  ( 3093): attributionTag  not declared in manifest of com.whatsapp.w4b
08-01 00:28:02.490 E/AppOps  ( 3093): attributionTag  not declared in manifest of com.whatsapp.w4b
08-01 00:28:02.519 E/AppOps  ( 3093): attributionTag  not declared in manifest of com.whatsapp.w4b
08-01 00:28:02.519 E/AppOps  ( 3093): attributionTag  not declared in manifest of com.whatsapp.w4b
08-01 00:28:02.751 E/WindowManager( 3093): win=Window{36d3d2e u0 InputMethod} destroySurfaces: appStopped=true cleanupOnResume=false win.mWindowRemovalAllowed=false win.mRemoveOnExit=false win.mViewVisibility=8 caller=com.android.server.wm.WindowManagerService.tryStartExitingAnimation:128 com.android.server.wm.WindowManagerService.relayoutWindow:1121 com.android.server.wm.Session.relayout:30 android.view.IWindowSession$Stub.onTransact:840 com.android.server.wm.Session.onTransact:1 android.os.Binder.execTransactInternal:1509 android.os.Binder.execTransact:1454 
08-01 00:28:07.685 E/Watchdog( 3093): !@Sync: 1433 heap(MB): 167 / 202 FD: 1525 Threads: 581 [2026-08-01 00:28:07.685]
08-01 00:28:11.682 E/AppOps  ( 3093): attributionTag  not declared in manifest of com.whatsapp.w4b
08-01 00:28:11.683 E/AppOps  ( 3093): attributionTag  not declared in manifest of com.whatsapp.w4b
08-01 00:28:11.685 E/AppOps  ( 3093): attributionTag  not declared in manifest of com.whatsapp.w4b
08-01 00:28:11.685 E/AppOps  ( 3093): attributionTag  not declared in manifest of com.whatsapp.w4b
08-01 00:28:13.653 E/AppOps  ( 3093): attributionTag  not declared in manifest of com.whatsapp.w4b
08-01 00:28:13.654 E/AppOps  ( 3093): attributionTag  not declared in manifest of com.whatsapp.w4b
08-01 00:28:13.658 E/AppOps  ( 3093): attributionTag  not declared in manifest of com.whatsapp.w4b
08-01 00:28:13.658 E/AppOps  ( 3093): attributionTag  not declared in manifest of com.whatsapp.w4b
08-01 00:28:14.721 E/AppOps  ( 3093): attributionTag  not declared in manifest of com.whatsapp.w4b
08-01 00:28:14.721 E/AppOps  ( 3093): attributionTag  not declared in manifest of com.whatsapp.w4b
08-01 00:28:16.497 E/AppOps  ( 3093): attributionTag  not declared in manifest of com.whatsapp.w4b
08-01 00:28:16.498 E/AppOps  ( 3093): attributionTag  not declared in manifest of com.whatsapp.w4b
08-01 00:28:21.574 E/AppOps  ( 3093): attributionTag  not declared in manifest of com.whatsapp.w4b
08-01 00:28:21.575 E/AppOps  ( 3093): attributionTag  not declared in manifest of com.whatsapp.w4b
08-01 00:28:23.343 E/AppOps  ( 3093): attributionTag  not declared in manifest of com.whatsapp.w4b
08-01 00:28:23.343 E/AppOps  ( 3093): attributionTag  not declared in manifest of com.whatsapp.w4b
08-01 00:28:25.739 E/AppOps  ( 3093): attributionTag  not declared in manifest of com.whatsapp.w4b
08-01 00:28:25.739 E/AppOps  ( 3093): attributionTag  not declared in manifest of com.whatsapp.w4b
08-01 00:28:25.745 E/AppOps  ( 3093): attributionTag  not declared in manifest of com.whatsapp.w4b
08-01 00:28:25.745 E/AppOps  ( 3093): attributionTag  not declared in manifest of com.whatsapp.w4b
08-01 00:28:26.820 E/AppOps  ( 3093): attributionTag  not declared in manifest of com.whatsapp.w4b
08-01 00:28:26.821 E/AppOps  ( 3093): attributionTag  not declared in manifest of com.whatsapp.w4b
08-01 00:28:26.829 E/AppOps  ( 3093): attributionTag  not declared in manifest of com.whatsapp.w4b
08-01 00:28:26.829 E/AppOps  ( 3093): attributionTag  not declared in manifest of com.whatsapp.w4b
08-01 00:28:30.674 E/AppOps  ( 3093): attributionTag  not declared in manifest of com.whatsapp.w4b
08-01 00:28:30.674 E/AppOps  ( 3093): attributionTag  not declared in manifest of com.whatsapp.w4b
08-01 00:28:30.676 E/AppOps  ( 3093): attributionTag  not declared in manifest of com.whatsapp.w4b
08-01 00:28:30.676 E/AppOps  ( 3093): attributionTag  not declared in manifest of com.whatsapp.w4b
08-01 00:28:33.807 E/AppOps  ( 3093): attributionTag  not declared in manifest of com.whatsapp.w4b
08-01 00:28:33.807 E/AppOps  ( 3093): attributionTag  not declared in manifest of com.whatsapp.w4b
08-01 00:28:33.810 E/AppOps  ( 3093): attributionTag  not declared in manifest of com.whatsapp.w4b
08-01 00:28:33.811 E/AppOps  ( 3093): attributionTag  not declared in manifest of com.whatsapp.w4b
08-01 00:28:37.695 E/Watchdog( 3093): !@Sync: 1434 heap(MB): 167 / 202 FD: 1527 Threads: 581 [2026-08-01 00:28:37.695]
08-01 00:28:38.980 E/AppOps  ( 3093): attributionTag  not declared in manifest of com.whatsapp.w4b
08-01 00:28:38.980 E/AppOps  ( 3093): attributionTag  not declared in manifest of com.whatsapp.w4b
08-01 00:28:38.981 E/AppOps  ( 3093): attributionTag  not declared in manifest of com.whatsapp.w4b
08-01 00:28:38.984 E/AppOps  ( 3093): attributionTag  not declared in manifest of com.whatsapp.w4b
08-01 00:28:38.995 E/AppOps  ( 3093): attributionTag  not declared in manifest of com.whatsapp.w4b
08-01 00:28:38.995 E/AppOps  ( 3093): attributionTag  not declared in manifest of com.whatsapp.w4b
08-01 00:28:40.760 E/AppOps  ( 3093): attributionTag  not declared in manifest of com.whatsapp.w4b
08-01 00:28:40.760 E/AppOps  ( 3093): attributionTag  not declared in manifest of com.whatsapp.w4b
08-01 00:28:41.615 E/AppOps  ( 3093): attributionTag  not declared in manifest of com.whatsapp.w4b
08-01 00:28:41.616 E/AppOps  ( 3093): attributionTag  not declared in manifest of com.whatsapp.w4b
08-01 00:28:42.565 E/AppOps  ( 3093): attributionTag  not declared in manifest of com.whatsapp.w4b
08-01 00:28:42.565 E/AppOps  ( 3093): attributionTag  not declared in manifest of com.whatsapp.w4b
08-01 00:28:42.566 E/AppOps  ( 3093): attributionTag  not declared in manifest of com.whatsapp.w4b
08-01 00:28:42.566 E/AppOps  ( 3093): attributionTag  not declared in manifest of com.whatsapp.w4b
08-01 00:28:42.615 E/AppOps  ( 3093): attributionTag  not declared in manifest of com.whatsapp.w4b
08-01 00:28:42.615 E/AppOps  ( 3093): attributionTag  not declared in manifest of com.whatsapp.w4b
08-01 00:28:42.898 E/WindowManager( 3093): win=Window{5f33061 u0 BackPanelController} destroySurfaces: appStopped=true cleanupOnResume=false win.mWindowRemovalAllowed=false win.mRemoveOnExit=false win.mViewVisibility=8 caller=com.android.server.wm.WindowManagerService.tryStartExitingAnimation:128 com.android.server.wm.WindowManagerService.relayoutWindow:1121 com.android.server.wm.Session.relayout:30 android.view.IWindowSession$Stub.onTransact:840 com.android.server.wm.Session.onTransact:1 android.os.Binder.execTransactInternal:1514 android.os.Binder.execTransact:1454 
08-01 00:28:43.336 E/WindowManager( 3093): win=Window{36d3d2e u0 InputMethod} destroySurfaces: appStopped=true cleanupOnResume=false win.mWindowRemovalAllowed=false win.mRemoveOnExit=false win.mViewVisibility=8 caller=com.android.server.wm.WindowManagerService.tryStartExitingAnimation:128 com.android.server.wm.WindowManagerService.relayoutWindow:1121 com.android.server.wm.Session.relayout:30 android.view.IWindowSession$Stub.onTransact:840 com.android.server.wm.Session.onTransact:1 android.os.Binder.execTransactInternal:1509 android.os.Binder.execTransact:1454 
08-01 00:28:57.291 E/AppOps  ( 3093): attributionTag  not declared in manifest of com.whatsapp.w4b
08-01 00:28:57.291 E/AppOps  ( 3093): attributionTag  not declared in manifest of com.whatsapp.w4b
08-01 00:28:57.293 E/AppOps  ( 3093): attributionTag  not declared in manifest of com.whatsapp.w4b
08-01 00:28:57.293 E/AppOps  ( 3093): attributionTag  not declared in manifest of com.whatsapp.w4b
08-01 00:28:57.409 E/WindowManager( 3093): win=Window{5f33061 u0 BackPanelController} destroySurfaces: appStopped=true cleanupOnResume=false win.mWindowRemovalAllowed=false win.mRemoveOnExit=false win.mViewVisibility=8 caller=com.android.server.wm.WindowManagerService.tryStartExitingAnimation:128 com.android.server.wm.WindowManagerService.relayoutWindow:1121 com.android.server.wm.Session.relayout:30 android.view.IWindowSession$Stub.onTransact:840 com.android.server.wm.Session.onTransact:1 android.os.Binder.execTransactInternal:1514 android.os.Binder.execTransact:1454 
08-01 00:28:57.850 E/WindowManager( 3093): win=Window{36d3d2e u0 InputMethod} destroySurfaces: appStopped=true cleanupOnResume=false win.mWindowRemovalAllowed=false win.mRemoveOnExit=false win.mViewVisibility=8 caller=com.android.server.wm.WindowManagerService.tryStartExitingAnimation:128 com.android.server.wm.WindowManagerService.relayoutWindow:1121 com.android.server.wm.Session.relayout:30 android.view.IWindowSession$Stub.onTransact:840 com.android.server.wm.Session.onTransact:1 android.os.Binder.execTransactInternal:1509 android.os.Binder.execTransact:1454 
08-01 00:29:00.432 E/AppOps  ( 3093): attributionTag  not declared in manifest of com.whatsapp.w4b
08-01 00:29:00.433 E/AppOps  ( 3093): attributionTag  not declared in manifest of com.whatsapp.w4b
08-01 00:29:02.213 E/AppOps  ( 3093): attributionTag  not declared in manifest of com.whatsapp.w4b
08-01 00:29:02.214 E/AppOps  ( 3093): attributionTag  not declared in manifest of com.whatsapp.w4b
08-01 00:29:07.714 E/Watchdog( 3093): !@Sync: 1435 heap(MB): 191 / 202 FD: 1541 Threads: 581 [2026-08-01 00:29:07.713]
08-01 00:29:11.394 E/AppOps  ( 3093): attributionTag  not declared in manifest of com.whatsapp.w4b
08-01 00:29:11.395 E/AppOps  ( 3093): attributionTag  not declared in manifest of com.whatsapp.w4b
08-01 00:29:13.174 E/AppOps  ( 3093): attributionTag  not declared in manifest of com.whatsapp.w4b
08-01 00:29:13.175 E/AppOps  ( 3093): attributionTag  not declared in manifest of com.whatsapp.w4b
08-01 00:29:17.482 E/AppOps  ( 3093): attributionTag  not declared in manifest of com.whatsapp.w4b
08-01 00:29:17.483 E/AppOps  ( 3093): attributionTag  not declared in manifest of com.whatsapp.w4b
08-01 00:29:17.490 E/AppOps  ( 3093): attributionTag  not declared in manifest of com.whatsapp.w4b
08-01 00:29:17.491 E/AppOps  ( 3093): attributionTag  not declared in manifest of com.whatsapp.w4b
08-01 00:29:17.494 E/WindowManager( 3093): win=Window{5f33061 u0 BackPanelController} destroySurfaces: appStopped=true cleanupOnResume=false win.mWindowRemovalAllowed=false win.mRemoveOnExit=false win.mViewVisibility=8 caller=com.android.server.wm.WindowManagerService.tryStartExitingAnimation:128 com.android.server.wm.WindowManagerService.relayoutWindow:1121 com.android.server.wm.Session.relayout:30 android.view.IWindowSession$Stub.onTransact:840 com.android.server.wm.Session.onTransact:1 android.os.Binder.execTransactInternal:1514 android.os.Binder.execTransact:1454 
08-01 00:29:17.890 E/WindowManager( 3093): win=Window{36d3d2e u0 InputMethod} destroySurfaces: appStopped=true cleanupOnResume=false win.mWindowRemovalAllowed=false win.mRemoveOnExit=false win.mViewVisibility=8 caller=com.android.server.wm.WindowManagerService.tryStartExitingAnimation:128 com.android.server.wm.WindowManagerService.relayoutWindow:1121 com.android.server.wm.Session.relayout:30 android.view.IWindowSession$Stub.onTransact:840 com.android.server.wm.Session.onTransact:1 android.os.Binder.execTransactInternal:1509 android.os.Binder.execTransact:1454 
08-01 00:29:18.202 E/AppOps  ( 3093): attributionTag  not declared in manifest of com.whatsapp.w4b
08-01 00:29:18.202 E/AppOps  ( 3093): attributionTag  not declared in manifest of com.whatsapp.w4b
08-01 00:29:19.985 E/AppOps  ( 3093): attributionTag  not declared in manifest of com.whatsapp.w4b
08-01 00:29:19.986 E/AppOps  ( 3093): attributionTag  not declared in manifest of com.whatsapp.w4b
08-01 00:29:24.542 E/AppOps  ( 3093): attributionTag  not declared in manifest of com.whatsapp.w4b
08-01 00:29:24.544 E/AppOps  ( 3093): attributionTag  not declared in manifest of com.whatsapp.w4b
08-01 00:29:26.335 E/AppOps  ( 3093): attributionTag  not declared in manifest of com.whatsapp.w4b
08-01 00:29:26.336 E/AppOps  ( 3093): attributionTag  not declared in manifest of com.whatsapp.w4b
08-01 00:29:30.372 E/AppOps  ( 3093): attributionTag  not declared in manifest of com.whatsapp.w4b
08-01 00:29:30.372 E/AppOps  ( 3093): attributionTag  not declared in manifest of com.whatsapp.w4b
08-01 00:29:32.145 E/AppOps  ( 3093): attributionTag  not declared in manifest of com.whatsapp.w4b
08-01 00:29:32.146 E/AppOps  ( 3093): attributionTag  not declared in manifest of com.whatsapp.w4b
08-01 00:29:33.526 E/AppOps  ( 3093): attributionTag  not declared in manifest of com.whatsapp.w4b
08-01 00:29:33.527 E/AppOps  ( 3093): attributionTag  not declared in manifest of com.whatsapp.w4b
08-01 00:29:35.306 E/AppOps  ( 3093): attributionTag  not declared in manifest of com.whatsapp.w4b
08-01 00:29:35.307 E/AppOps  ( 3093): attributionTag  not declared in manifest of com.whatsapp.w4b
08-01 00:29:37.728 E/Watchdog( 3093): !@Sync: 1436 heap(MB): 168 / 202 FD: 1541 Threads: 581 [2026-08-01 00:29:37.728]
08-01 00:29:38.967 E/AppOps  ( 3093): attributionTag  not declared in manifest of com.whatsapp.w4b
08-01 00:29:38.968 E/AppOps  ( 3093): attributionTag  not declared in manifest of com.whatsapp.w4b
08-01 00:29:38.969 E/AppOps  ( 3093): attributionTag  not declared in manifest of com.whatsapp.w4b
08-01 00:29:38.969 E/AppOps  ( 3093): attributionTag  not declared in manifest of com.whatsapp.w4b
08-01 00:29:41.281 E/AppOps  ( 3093): attributionTag  not declared in manifest of com.whatsapp.w4b
08-01 00:29:41.281 E/AppOps  ( 3093): attributionTag  not declared in manifest of com.whatsapp.w4b
08-01 00:29:41.285 E/AppOps  ( 3093): attributionTag  not declared in manifest of com.whatsapp.w4b
08-01 00:29:41.285 E/AppOps  ( 3093): attributionTag  not declared in manifest of com.whatsapp.w4b
08-01 00:29:44.182 E/AppOps  ( 3093): attributionTag  not declared in manifest of com.whatsapp.w4b
08-01 00:29:44.184 E/AppOps  ( 3093): attributionTag  not declared in manifest of com.whatsapp.w4b
08-01 00:29:44.187 E/AppOps  ( 3093): attributionTag  not declared in manifest of com.whatsapp.w4b
08-01 00:29:44.187 E/AppOps  ( 3093): attributionTag  not declared in manifest of com.whatsapp.w4b
08-01 00:29:48.290 E/AppOps  ( 3093): attributionTag  not declared in manifest of com.whatsapp.w4b
08-01 00:29:48.290 E/AppOps  ( 3093): attributionTag  not declared in manifest of com.whatsapp.w4b
08-01 00:29:50.063 E/AppOps  ( 3093): attributionTag  not declared in manifest of com.whatsapp.w4b
08-01 00:29:50.064 E/AppOps  ( 3093): attributionTag  not declared in manifest of com.whatsapp.w4b
08-01 00:29:53.448 E/AppOps  ( 3093): attributionTag  not declared in manifest of com.whatsapp.w4b
08-01 00:29:53.448 E/AppOps  ( 3093): attributionTag  not declared in manifest of com.whatsapp.w4b
08-01 00:29:53.451 E/AppOps  ( 3093): attributionTag  not declared in manifest of com.whatsapp.w4b
08-01 00:29:53.451 E/AppOps  ( 3093): attributionTag  not declared in manifest of com.whatsapp.w4b
08-01 00:29:54.751 E/AppOps  ( 3093): attributionTag  not declared in manifest of com.whatsapp.w4b
08-01 00:29:54.751 E/AppOps  ( 3093): attributionTag  not declared in manifest of com.whatsapp.w4b
08-01 00:29:56.525 E/AppOps  ( 3093): attributionTag  not declared in manifest of com.whatsapp.w4b
08-01 00:29:56.526 E/AppOps  ( 3093): attributionTag  not declared in manifest of com.whatsapp.w4b
08-01 00:30:07.747 E/Watchdog( 3093): !@Sync: 1437 heap(MB): 200 / 202 FD: 1543 Threads: 581 [2026-08-01 00:30:07.747]
08-01 00:30:08.788 E/AppOps  ( 3093): Bad call made by uid 1001. Package "com.android.phone" does not belong to uid 10096.
08-01 00:30:08.788 E/AppOps  ( 3093): Cannot noteOperation
08-01 00:30:08.788 E/AppOps  ( 3093): java.lang.SecurityException: Specified package "com.android.phone" under uid 10096 but it is not
08-01 00:30:08.788 E/AppOps  ( 3093): 	at com.android.server.appop.AppOpsService.verifyAndGetBypass(qb/111684928 8a2772898477f7cc112f6ac514b611258fb1e5c3f2206b0d202f25701684a852:63)
08-01 00:30:08.788 E/AppOps  ( 3093): 	at com.android.server.appop.AppOpsService.noteOperationUnchecked(qb/111684928 8a2772898477f7cc112f6ac514b611258fb1e5c3f2206b0d202f25701684a852:68)
08-01 00:30:08.788 E/AppOps  ( 3093): 	at com.android.server.appop.AppOpsService.-$$Nest$mnoteOperationImpl(qb/111684928 8a2772898477f7cc112f6ac514b611258fb1e5c3f2206b0d202f25701684a852:89)
08-01 00:30:08.788 E/AppOps  ( 3093): 	at com.android.server.appop.AppOpsService$CheckOpsDelegateDispatcher$$ExternalSyntheticLambda4.apply(qb/111684928 8a2772898477f7cc112f6ac514b611258fb1e5c3f2206b0d202f25701684a852:65)
08-01 00:30:08.788 E/AppOps  ( 3093): 	at com.android.server.policy.AppOpsPolicy.noteOperation(qb/111684928 8a2772898477f7cc112f6ac514b611258fb1e5c3f2206b0d202f25701684a852:35)
08-01 00:30:08.788 E/AppOps  ( 3093): 	at com.android.server.appop.AppOpsService$CheckOpsDelegateDispatcher.noteOperation(qb/111684928 8a2772898477f7cc112f6ac514b611258fb1e5c3f2206b0d202f25701684a852:66)
08-01 00:30:08.788 E/AppOps  ( 3093): 	at com.android.server.appop.AppOpsService.noteOperation(qb/111684928 8a2772898477f7cc112f6ac514b611258fb1e5c3f2206b0d202f25701684a852:20)
08-01 00:30:08.788 E/AppOps  ( 3093): 	at com.android.internal.app.IAppOpsService$Stub.onTransact(IAppOpsService.java:592)
08-01 00:30:08.788 E/AppOps  ( 3093): 	at android.os.Binder.execTransactInternal(Binder.java:1514)
08-01 00:30:08.788 E/AppOps  ( 3093): 	at android.os.Binder.execTransact(Binder.java:1454)
08-01 00:30:09.789 E/AppOps  ( 3093): Bad call made by uid 1001. Package "com.android.phone" does not belong to uid 10096.
08-01 00:30:09.789 E/AppOps  ( 3093): Cannot noteOperation
08-01 00:30:09.789 E/AppOps  ( 3093): java.lang.SecurityException: Specified package "com.android.phone" under uid 10096 but it is not
08-01 00:30:09.789 E/AppOps  ( 3093): 	at com.android.server.appop.AppOpsService.verifyAndGetBypass(qb/111684928 8a2772898477f7cc112f6ac514b611258fb1e5c3f2206b0d202f25701684a852:63)
08-01 00:30:09.789 E/AppOps  ( 3093): 	at com.android.server.appop.AppOpsService.noteOperationUnchecked(qb/111684928 8a2772898477f7cc112f6ac514b611258fb1e5c3f2206b0d202f25701684a852:68)
08-01 00:30:09.789 E/AppOps  ( 3093): 	at com.android.server.appop.AppOpsService.-$$Nest$mnoteOperationImpl(qb/111684928 8a2772898477f7cc112f6ac514b611258fb1e5c3f2206b0d202f25701684a852:89)
08-01 00:30:09.789 E/AppOps  ( 3093): 	at com.android.server.appop.AppOpsService$CheckOpsDelegateDispatcher$$ExternalSyntheticLambda4.apply(qb/111684928 8a2772898477f7cc112f6ac514b611258fb1e5c3f2206b0d202f25701684a852:65)
08-01 00:30:09.789 E/AppOps  ( 3093): 	at com.android.server.policy.AppOpsPolicy.noteOperation(qb/111684928 8a2772898477f7cc112f6ac514b611258fb1e5c3f2206b0d202f25701684a852:35)
08-01 00:30:09.789 E/AppOps  ( 3093): 	at com.android.server.appop.AppOpsService$CheckOpsDelegateDispatcher.noteOperation(qb/111684928 8a2772898477f7cc112f6ac514b611258fb1e5c3f2206b0d202f25701684a852:66)
08-01 00:30:09.789 E/AppOps  ( 3093): 	at com.android.server.appop.AppOpsService.noteOperationsInBatch(qb/111684928 8a2772898477f7cc112f6ac514b611258fb1e5c3f2206b0d202f25701684a852:71)
08-01 00:30:09.789 E/AppOps  ( 3093): 	at com.android.internal.app.IAppOpsService$Stub.onTransact(IAppOpsService.java:1429)
08-01 00:30:09.789 E/AppOps  ( 3093): 	at android.os.Binder.execTransactInternal(Binder.java:1514)
08-01 00:30:09.789 E/AppOps  ( 3093): 	at android.os.Binder.execTransact(Binder.java:1454)
08-01 00:30:12.461 E/WindowManager( 3093): win=Window{1bddf8f u0 PopupWindow:c4b5879 EXITING} destroySurfaces: appStopped=false cleanupOnResume=false win.mWindowRemovalAllowed=true win.mRemoveOnExit=true win.mViewVisibility=0 caller=com.android.server.wm.WindowState.onExitAnimationDone:224 com.android.server.wm.WindowState.onAnimationFinished:174 com.android.server.wm.WindowContainer$$ExternalSyntheticLambda8.onAnimationFinished:3 com.android.server.wm.SurfaceAnimator$$ExternalSyntheticLambda0.onAnimationFinished:69 com.android.server.wm.LocalAnimationAdapter$$ExternalSyntheticLambda0.run:10 android.os.Handler.handleCallback:1070 android.os.Handler.dispatchMessage:125 
08-01 00:30:13.503 E/WindowManager( 3093): win=Window{5f33061 u0 BackPanelController} destroySurfaces: appStopped=true cleanupOnResume=false win.mWindowRemovalAllowed=false win.mRemoveOnExit=false win.mViewVisibility=8 caller=com.android.server.wm.WindowManagerService.tryStartExitingAnimation:128 com.android.server.wm.WindowManagerService.relayoutWindow:1121 com.android.server.wm.Session.relayout:30 android.view.IWindowSession$Stub.onTransact:840 com.android.server.wm.Session.onTransact:1 android.os.Binder.execTransactInternal:1514 android.os.Binder.execTransact:1454 
08-01 00:30:13.623 E/AppOps  ( 3093): attributionTag  not declared in manifest of com.whatsapp.w4b
08-01 00:30:13.623 E/AppOps  ( 3093): attributionTag  not declared in manifest of com.whatsapp.w4b
08-01 00:30:13.627 E/AppOps  ( 3093): attributionTag  not declared in manifest of com.whatsapp.w4b
08-01 00:30:13.627 E/AppOps  ( 3093): attributionTag  not declared in manifest of com.whatsapp.w4b
08-01 00:30:13.929 E/WindowManager( 3093): win=Window{36d3d2e u0 InputMethod} destroySurfaces: appStopped=true cleanupOnResume=false win.mWindowRemovalAllowed=false win.mRemoveOnExit=false win.mViewVisibility=8 caller=com.android.server.wm.WindowManagerService.tryStartExitingAnimation:128 com.android.server.wm.WindowManagerService.relayoutWindow:1121 com.android.server.wm.Session.relayout:30 android.view.IWindowSession$Stub.onTransact:840 com.android.server.wm.Session.onTransact:1 android.os.Binder.execTransactInternal:1509 android.os.Binder.execTransact:1454 
08-01 00:30:22.367 E/AppOps  ( 3093): attributionTag  not declared in manifest of com.whatsapp.w4b
08-01 00:30:22.368 E/AppOps  ( 3093): attributionTag  not declared in manifest of com.whatsapp.w4b
08-01 00:30:22.371 E/AppOps  ( 3093): attributionTag  not declared in manifest of com.whatsapp.w4b
08-01 00:30:22.371 E/AppOps  ( 3093): attributionTag  not declared in manifest of com.whatsapp.w4b
08-01 00:30:23.839 E/WindowManager( 3093): win=Window{5f33061 u0 BackPanelController} destroySurfaces: appStopped=true cleanupOnResume=false win.mWindowRemovalAllowed=false win.mRemoveOnExit=false win.mViewVisibility=8 caller=com.android.server.wm.WindowManagerService.tryStartExitingAnimation:128 com.android.server.wm.WindowManagerService.relayoutWindow:1121 com.android.server.wm.Session.relayout:30 android.view.IWindowSession$Stub.onTransact:840 com.android.server.wm.Session.onTransact:1 android.os.Binder.execTransactInternal:1514 android.os.Binder.execTransact:1454 
08-01 00:30:27.610 E/WindowManager( 3093): win=Window{5f33061 u0 BackPanelController} destroySurfaces: appStopped=true cleanupOnResume=false win.mWindowRemovalAllowed=false win.mRemoveOnExit=false win.mViewVisibility=8 caller=com.android.server.wm.WindowManagerService.tryStartExitingAnimation:128 com.android.server.wm.WindowManagerService.relayoutWindow:1121 com.android.server.wm.Session.relayout:30 android.view.IWindowSession$Stub.onTransact:840 com.android.server.wm.Session.onTransact:1 android.os.Binder.execTransactInternal:1514 android.os.Binder.execTransact:1454 
08-01 00:30:28.017 E/WindowManager( 3093): win=Window{36d3d2e u0 InputMethod} destroySurfaces: appStopped=true cleanupOnResume=false win.mWindowRemovalAllowed=false win.mRemoveOnExit=false win.mViewVisibility=8 caller=com.android.server.wm.WindowManagerService.tryStartExitingAnimation:128 com.android.server.wm.WindowManagerService.relayoutWindow:1121 com.android.server.wm.Session.relayout:30 android.view.IWindowSession$Stub.onTransact:840 com.android.server.wm.Session.onTransact:1 android.os.Binder.execTransactInternal:1509 android.os.Binder.execTransact:1454 
08-01 00:30:29.413 E/AppOps  ( 3093): attributionTag  not declared in manifest of com.whatsapp.w4b
08-01 00:30:29.415 E/AppOps  ( 3093): attributionTag  not declared in manifest of com.whatsapp.w4b
08-01 00:30:31.194 E/AppOps  ( 3093): attributionTag  not declared in manifest of com.whatsapp.w4b
08-01 00:30:31.195 E/AppOps  ( 3093): attributionTag  not declared in manifest of com.whatsapp.w4b
08-01 00:30:36.056 E/AppOps  ( 3093): attributionTag  not declared in manifest of com.whatsapp.w4b
08-01 00:30:36.058 E/AppOps  ( 3093): attributionTag  not declared in manifest of com.whatsapp.w4b
08-01 00:30:37.765 E/Watchdog( 3093): !@Sync: 1438 heap(MB): 182 / 202 FD: 1543 Threads: 581 [2026-08-01 00:30:37.764]
08-01 00:30:37.835 E/AppOps  ( 3093): attributionTag  not declared in manifest of com.whatsapp.w4b
08-01 00:30:37.837 E/AppOps  ( 3093): attributionTag  not declared in manifest of com.whatsapp.w4b
08-01 00:30:39.182 E/AppOps  ( 3093): attributionTag  not declared in manifest of com.whatsapp.w4b
08-01 00:30:39.183 E/AppOps  ( 3093): attributionTag  not declared in manifest of com.whatsapp.w4b
08-01 00:30:40.967 E/AppOps  ( 3093): attributionTag  not declared in manifest of com.whatsapp.w4b
08-01 00:30:40.968 E/AppOps  ( 3093): attributionTag  not declared in manifest of com.whatsapp.w4b
08-01 00:30:42.498 E/AppOps  ( 3093): attributionTag  not declared in manifest of com.whatsapp.w4b
08-01 00:30:42.500 E/AppOps  ( 3093): attributionTag  not declared in manifest of com.whatsapp.w4b
08-01 00:30:42.504 E/AppOps  ( 3093): attributionTag  not declared in manifest of com.whatsapp.w4b
08-01 00:30:42.504 E/AppOps  ( 3093): attributionTag  not declared in manifest of com.whatsapp.w4b
08-01 00:30:48.112 E/AppOps  ( 3093): attributionTag  not declared in manifest of com.whatsapp.w4b
08-01 00:30:48.112 E/AppOps  ( 3093): attributionTag  not declared in manifest of com.whatsapp.w4b
08-01 00:30:48.116 E/AppOps  ( 3093): attributionTag  not declared in manifest of com.whatsapp.w4b
08-01 00:30:48.116 E/AppOps  ( 3093): attributionTag  not declared in manifest of com.whatsapp.w4b
08-01 00:30:52.034 E/WindowManager( 3093): win=Window{5f33061 u0 BackPanelController} destroySurfaces: appStopped=true cleanupOnResume=false win.mWindowRemovalAllowed=false win.mRemoveOnExit=false win.mViewVisibility=8 caller=com.android.server.wm.WindowManagerService.tryStartExitingAnimation:128 com.android.server.wm.WindowManagerService.relayoutWindow:1121 com.android.server.wm.Session.relayout:30 android.view.IWindowSession$Stub.onTransact:840 com.android.server.wm.Session.onTransact:1 android.os.Binder.execTransactInternal:1514 android.os.Binder.execTransact:1454 
08-01 00:30:52.461 E/WindowManager( 3093): win=Window{36d3d2e u0 InputMethod} destroySurfaces: appStopped=true cleanupOnResume=false win.mWindowRemovalAllowed=false win.mRemoveOnExit=false win.mViewVisibility=8 caller=com.android.server.wm.WindowManagerService.tryStartExitingAnimation:128 com.android.server.wm.WindowManagerService.relayoutWindow:1121 com.android.server.wm.Session.relayout:30 android.view.IWindowSession$Stub.onTransact:840 com.android.server.wm.Session.onTransact:1 android.os.Binder.execTransactInternal:1509 android.os.Binder.execTransact:1454 
08-01 00:30:52.913 E/AppOps  ( 3093): attributionTag  not declared in manifest of com.whatsapp.w4b
08-01 00:30:52.913 E/AppOps  ( 3093): attributionTag  not declared in manifest of com.whatsapp.w4b
08-01 00:30:52.919 E/AppOps  ( 3093): attributionTag  not declared in manifest of com.whatsapp.w4b
08-01 00:30:52.919 E/AppOps  ( 3093): attributionTag  not declared in manifest of com.whatsapp.w4b
08-01 00:30:58.182 E/WindowManager( 3093): win=Window{5f33061 u0 BackPanelController} destroySurfaces: appStopped=true cleanupOnResume=false win.mWindowRemovalAllowed=false win.mRemoveOnExit=false win.mViewVisibility=8 caller=com.android.server.wm.WindowManagerService.tryStartExitingAnimation:128 com.android.server.wm.WindowManagerService.relayoutWindow:1121 com.android.server.wm.Session.relayout:30 android.view.IWindowSession$Stub.onTransact:840 com.android.server.wm.Session.onTransact:1 android.os.Binder.execTransactInternal:1514 android.os.Binder.execTransact:1454 
08-01 00:31:00.659 E/AppOps  ( 3093): attributionTag  not declared in manifest of com.whatsapp.w4b
08-01 00:31:00.659 E/AppOps  ( 3093): attributionTag  not declared in manifest of com.whatsapp.w4b
08-01 00:31:02.441 E/AppOps  ( 3093): attributionTag  not declared in manifest of com.whatsapp.w4b
08-01 00:31:02.443 E/AppOps  ( 3093): attributionTag  not declared in manifest of com.whatsapp.w4b
08-01 00:31:04.017 E/AppOps  ( 3093): attributionTag  not declared in manifest of com.whatsapp.w4b
08-01 00:31:04.018 E/AppOps  ( 3093): attributionTag  not declared in manifest of com.whatsapp.w4b
08-01 00:31:05.793 E/AppOps  ( 3093): attributionTag  not declared in manifest of com.whatsapp.w4b
08-01 00:31:05.794 E/AppOps  ( 3093): attributionTag  not declared in manifest of com.whatsapp.w4b
08-01 00:31:07.777 E/Watchdog( 3093): !@Sync: 1439 heap(MB): 181 / 202 FD: 1543 Threads: 581 [2026-08-01 00:31:07.777]
08-01 00:31:08.497 E/AppOps  ( 3093): attributionTag  not declared in manifest of com.whatsapp.w4b
08-01 00:31:08.498 E/AppOps  ( 3093): attributionTag  not declared in manifest of com.whatsapp.w4b
08-01 00:31:08.502 E/AppOps  ( 3093): attributionTag  not declared in manifest of com.whatsapp.w4b
08-01 00:31:08.503 E/AppOps  ( 3093): attributionTag  not declared in manifest of com.whatsapp.w4b
08-01 00:31:08.509 E/WindowManager( 3093): win=Window{5f33061 u0 BackPanelController} destroySurfaces: appStopped=true cleanupOnResume=false win.mWindowRemovalAllowed=false win.mRemoveOnExit=false win.mViewVisibility=8 caller=com.android.server.wm.WindowManagerService.tryStartExitingAnimation:128 com.android.server.wm.WindowManagerService.relayoutWindow:1121 com.android.server.wm.Session.relayout:30 android.view.IWindowSession$Stub.onTransact:840 com.android.server.wm.Session.onTransact:1 android.os.Binder.execTransactInternal:1514 android.os.Binder.execTransact:1454 
08-01 00:31:08.915 E/WindowManager( 3093): win=Window{36d3d2e u0 InputMethod} destroySurfaces: appStopped=true cleanupOnResume=false win.mWindowRemovalAllowed=false win.mRemoveOnExit=false win.mViewVisibility=8 caller=com.android.server.wm.WindowManagerService.tryStartExitingAnimation:128 com.android.server.wm.WindowManagerService.relayoutWindow:1121 com.android.server.wm.Session.relayout:30 android.view.IWindowSession$Stub.onTransact:840 com.android.server.wm.Session.onTransact:1 android.os.Binder.execTransactInternal:1509 android.os.Binder.execTransact:1454 
08-01 00:31:22.237 E/BluetoothPowerStatsCollector( 3093): Cannot acquire BluetoothActivityEnergyInfo
08-01 00:31:22.237 E/BluetoothPowerStatsCollector( 3093): java.util.concurrent.ExecutionException: java.lang.RuntimeException: error: 9
08-01 00:31:22.237 E/BluetoothPowerStatsCollector( 3093): 	at java.util.concurrent.CompletableFuture.reportGet(CompletableFuture.java:372)
08-01 00:31:22.237 E/BluetoothPowerStatsCollector( 3093): 	at java.util.concurrent.CompletableFuture.get(CompletableFuture.java:2072)
08-01 00:31:22.237 E/BluetoothPowerStatsCollector( 3093): 	at com.android.server.power.stats.BluetoothPowerStatsCollector.collectStats(qb/111684928 8a2772898477f7cc112f6ac514b611258fb1e5c3f2206b0d202f25701684a852:209)
08-01 00:31:22.237 E/BluetoothPowerStatsCollector( 3093): 	at com.android.server.power.stats.PowerStatsCollector$$ExternalSyntheticLambda0.run(qb/111684928 8a2772898477f7cc112f6ac514b611258fb1e5c3f2206b0d202f25701684a852:12)
08-01 00:31:22.237 E/BluetoothPowerStatsCollector( 3093): 	at android.os.Handler.handleCallback(Handler.java:1070)
08-01 00:31:22.237 E/BluetoothPowerStatsCollector( 3093): 	at android.os.Handler.dispatchMessage(Handler.java:125)
08-01 00:31:22.237 E/BluetoothPowerStatsCollector( 3093): 	at android.os.Looper.dispatchMessage(Looper.java:358)
08-01 00:31:22.237 E/BluetoothPowerStatsCollector( 3093): 	at android.os.Looper.loopOnce(Looper.java:288)
08-01 00:31:22.237 E/BluetoothPowerStatsCollector( 3093): 	at android.os.Looper.loop(Looper.java:392)
08-01 00:31:22.237 E/BluetoothPowerStatsCollector( 3093): 	at android.os.HandlerThread.run(HandlerThread.java:139)
08-01 00:31:22.237 E/BluetoothPowerStatsCollector( 3093): Caused by: java.lang.RuntimeException: error: 9
08-01 00:31:22.237 E/BluetoothPowerStatsCollector( 3093): 	at com.android.server.power.stats.BluetoothPowerStatsCollector$1.onBluetoothActivityEnergyInfoError(qb/111684928 8a2772898477f7cc112f6ac514b611258fb1e5c3f2206b0d202f25701684a852:12)
08-01 00:31:22.237 E/BluetoothPowerStatsCollector( 3093): 	at android.bluetooth.BluetoothAdapter.lambda$requestControllerActivityEnergyInfo$32(BluetoothAdapter.java:3799)
08-01 00:31:22.237 E/BluetoothPowerStatsCollector( 3093): 	at android.bluetooth.BluetoothAdapter$$ExternalSyntheticLambda30.run(D8$$SyntheticClass:0)
08-01 00:31:22.237 E/BluetoothPowerStatsCollector( 3093): 	at com.android.server.SystemServerInitThreadPool$$ExternalSyntheticLambda0.execute(qb/111684928 8a2772898477f7cc112f6ac514b611258fb1e5c3f2206b0d202f25701684a852:1)
08-01 00:31:22.237 E/BluetoothPowerStatsCollector( 3093): 	at android.bluetooth.BluetoothAdapter.requestControllerActivityEnergyInfo(BluetoothAdapter.java:3797)
08-01 00:31:22.237 E/BluetoothPowerStatsCollector( 3093): 	at com.android.server.power.stats.BluetoothPowerStatsCollector.collectStats(qb/111684928 8a2772898477f7cc112f6ac514b611258fb1e5c3f2206b0d202f25701684a852:202)
08-01 00:31:22.237 E/BluetoothPowerStatsCollector( 3093): 	... 7 more
08-01 00:31:30.684 E/WindowManager( 3093): win=Window{36d3d2e u0 InputMethod} destroySurfaces: appStopped=true cleanupOnResume=false win.mWindowRemovalAllowed=false win.mRemoveOnExit=false win.mViewVisibility=8 caller=com.android.server.wm.WindowManagerService.tryStartExitingAnimation:128 com.android.server.wm.WindowManagerService.relayoutWindow:1121 com.android.server.wm.Session.relayout:30 android.view.IWindowSession$Stub.onTransact:840 com.android.server.wm.Session.onTransact:1 android.os.Binder.execTransactInternal:1509 android.os.Binder.execTransact:1454 
08-01 00:31:31.891 E/AppOps  ( 3093): attributionTag  not declared in manifest of com.whatsapp.w4b
08-01 00:31:31.891 E/AppOps  ( 3093): attributionTag  not declared in manifest of com.whatsapp.w4b
08-01 00:31:31.894 E/AppOps  ( 3093): attributionTag  not declared in manifest of com.whatsapp.w4b
08-01 00:31:31.895 E/AppOps  ( 3093): attributionTag  not declared in manifest of com.whatsapp.w4b
08-01 00:31:31.917 E/WindowManager( 3093): win=Window{5f33061 u0 BackPanelController} destroySurfaces: appStopped=true cleanupOnResume=false win.mWindowRemovalAllowed=false win.mRemoveOnExit=false win.mViewVisibility=8 caller=com.android.server.wm.WindowManagerService.tryStartExitingAnimation:128 com.android.server.wm.WindowManagerService.relayoutWindow:1121 com.android.server.wm.Session.relayout:30 android.view.IWindowSession$Stub.onTransact:840 com.android.server.wm.Session.onTransact:1 android.os.Binder.execTransactInternal:1514 android.os.Binder.execTransact:1454 
08-01 00:31:32.442 E/WindowManager( 3093): win=Window{5f33061 u0 BackPanelController} destroySurfaces: appStopped=true cleanupOnResume=false win.mWindowRemovalAllowed=false win.mRemoveOnExit=false win.mViewVisibility=8 caller=com.android.server.wm.WindowManagerService.tryStartExitingAnimation:128 com.android.server.wm.WindowManagerService.relayoutWindow:1121 com.android.server.wm.Session.relayout:30 android.view.IWindowSession$Stub.onTransact:840 com.android.server.wm.Session.onTransact:1 android.os.Binder.execTransactInternal:1514 android.os.Binder.execTransact:1454 
08-01 00:31:35.687 E/TaskPersister( 3093): File error accessing recents directory (directory doesn't exist?).
08-01 00:31:35.688 E/TaskPersister( 3093): File error accessing recents directory (directory doesn't exist?).
08-01 00:31:35.689 E/TaskPersister( 3093): File error accessing recents directory (directory doesn't exist?).
08-01 00:31:35.689 E/TaskPersister( 3093): File error accessing recents directory (directory doesn't exist?).
08-01 00:31:36.266 E/WindowManager( 3093): win=Window{84fdd1f u0 com.whatsapp.w4b/com.whatsapp.home.ui.HomeActivity} destroySurfaces: appStopped=true cleanupOnResume=false win.mWindowRemovalAllowed=false win.mRemoveOnExit=false win.mViewVisibility=8 caller=com.android.server.wm.ActivityRecord.destroySurfaces:24 com.android.server.wm.ActivityRecord.activityStopped:209 com.android.server.wm.ActivityClientController.activityStopped:102 android.app.IActivityClientController$Stub.onTransact:829 com.android.server.wm.ActivityClientController.onTransact:1 android.os.Binder.execTransactInternal:1514 android.os.Binder.execTransact:1454 
08-01 00:31:36.662 E/WindowManager( 3093): win=Window{5f33061 u0 BackPanelController} destroySurfaces: appStopped=true cleanupOnResume=false win.mWindowRemovalAllowed=false win.mRemoveOnExit=false win.mViewVisibility=8 caller=com.android.server.wm.WindowManagerService.tryStartExitingAnimation:128 com.android.server.wm.WindowManagerService.relayoutWindow:1121 com.android.server.wm.Session.relayout:30 android.view.IWindowSession$Stub.onTransact:840 com.android.server.wm.Session.onTransact:1 android.os.Binder.execTransactInternal:1514 android.os.Binder.execTransact:1454 
08-01 00:31:37.078 E/WindowManager( 3093): win=Window{5f33061 u0 BackPanelController} destroySurfaces: appStopped=true cleanupOnResume=false win.mWindowRemovalAllowed=false win.mRemoveOnExit=false win.mViewVisibility=8 caller=com.android.server.wm.WindowManagerService.tryStartExitingAnimation:128 com.android.server.wm.WindowManagerService.relayoutWindow:1121 com.android.server.wm.Session.relayout:30 android.view.IWindowSession$Stub.onTransact:840 com.android.server.wm.Session.onTransact:1 android.os.Binder.execTransactInternal:1514 android.os.Binder.execTransact:1454 
08-01 00:31:37.911 E/Watchdog( 3093): !@Sync: 1440 heap(MB): 170 / 202 native(MB): 109 FD: 1543 WaitTime: 0 ms GCcnt: 0 FullGC: 0 [2026-08-01 00:31:37.788]
08-01 00:31:39.346 E/WindowManager( 3093): win=Window{84fdd1f u0 com.whatsapp.w4b/com.whatsapp.home.ui.HomeActivity} destroySurfaces: appStopped=true cleanupOnResume=false win.mWindowRemovalAllowed=false win.mRemoveOnExit=false win.mViewVisibility=8 caller=com.android.server.wm.ActivityRecord.destroySurfaces:24 com.android.server.wm.ActivityRecord.activityStopped:209 com.android.server.wm.ActivityClientController.activityStopped:102 android.app.IActivityClientController$Stub.onTransact:829 com.android.server.wm.ActivityClientController.onTransact:1 android.os.Binder.execTransactInternal:1514 android.os.Binder.execTransact:1454 
08-01 00:31:39.735 E/TaskPersister( 3093): File error accessing recents directory (directory doesn't exist?).
08-01 00:31:39.737 E/TaskPersister( 3093): File error accessing recents directory (directory doesn't exist?).
08-01 00:31:39.737 E/TaskPersister( 3093): File error accessing recents directory (directory doesn't exist?).
08-01 00:31:39.738 E/TaskPersister( 3093): File error accessing recents directory (directory doesn't exist?).
08-01 00:31:51.854 E/SDHMS:y ( 5839): Attempting to request a timestamp beyond the database's capacity.
08-01 00:31:51.855 E/SDHMS:y ( 5839): Update the time from 0 to 1784313111854
08-01 00:32:07.920 E/Watchdog( 3093): !@Sync: 1441 heap(MB): 172 / 202 FD: 1533 Threads: 581 [2026-08-01 00:32:07.920]
08-01 00:32:22.177 E/AppOps  ( 3093): attributionTag  not declared in manifest of com.whatsapp.w4b
08-01 00:32:22.177 E/AppOps  ( 3093): attributionTag  not declared in manifest of com.whatsapp.w4b
08-01 00:32:23.959 E/AppOps  ( 3093): attributionTag  not declared in manifest of com.whatsapp.w4b
08-01 00:32:23.960 E/AppOps  ( 3093): attributionTag  not declared in manifest of com.whatsapp.w4b
08-01 00:32:36.417 E/AppOps  ( 3093): attributionTag  not declared in manifest of com.whatsapp.w4b
08-01 00:32:36.417 E/AppOps  ( 3093): attributionTag  not declared in manifest of com.whatsapp.w4b
08-01 00:32:36.419 E/AppOps  ( 3093): attributionTag  not declared in manifest of com.whatsapp.w4b
08-01 00:32:36.419 E/AppOps  ( 3093): attributionTag  not declared in manifest of com.whatsapp.w4b
08-01 00:32:37.933 E/Watchdog( 3093): !@Sync: 1442 heap(MB): 188 / 202 FD: 1551 Threads: 581 [2026-08-01 00:32:37.933]
08-01 00:32:44.840 E/WindowManager( 3093): win=Window{3fb6d42 u0 PopupWindow:8e3fbd3 EXITING} destroySurfaces: appStopped=false cleanupOnResume=false win.mWindowRemovalAllowed=true win.mRemoveOnExit=true win.mViewVisibility=0 caller=com.android.server.wm.WindowState.onExitAnimationDone:224 com.android.server.wm.WindowState.onAnimationFinished:174 com.android.server.wm.WindowContainer$$ExternalSyntheticLambda8.onAnimationFinished:3 com.android.server.wm.SurfaceAnimator$$ExternalSyntheticLambda0.onAnimationFinished:69 com.android.server.wm.LocalAnimationAdapter$$ExternalSyntheticLambda0.run:10 android.os.Handler.handleCallback:1070 android.os.Handler.dispatchMessage:125 
08-01 00:32:46.845 E/WindowManager( 3093): win=Window{d827edd u0 PopupWindow:8e3fbd3 EXITING} destroySurfaces: appStopped=false cleanupOnResume=false win.mWindowRemovalAllowed=true win.mRemoveOnExit=true win.mViewVisibility=0 caller=com.android.server.wm.WindowState.onExitAnimationDone:224 com.android.server.wm.WindowState.onAnimationFinished:174 com.android.server.wm.WindowContainer$$ExternalSyntheticLambda8.onAnimationFinished:3 com.android.server.wm.SurfaceAnimator$$ExternalSyntheticLambda0.onAnimationFinished:69 com.android.server.wm.LocalAnimationAdapter$$ExternalSyntheticLambda0.run:10 android.os.Handler.handleCallback:1070 android.os.Handler.dispatchMessage:125 
08-01 00:32:48.985 E/BatteryStatsService( 3093): Invalid uid for waking network packet: -1
08-01 00:32:49.662 E/AppOps  ( 3093): attributionTag  not declared in manifest of com.whatsapp.w4b
08-01 00:32:49.663 E/AppOps  ( 3093): attributionTag  not declared in manifest of com.whatsapp.w4b
08-01 00:32:49.670 E/AppOps  ( 3093): attributionTag  not declared in manifest of com.whatsapp.w4b
08-01 00:32:49.670 E/AppOps  ( 3093): attributionTag  not declared in manifest of com.whatsapp.w4b
08-01 00:32:58.657 E/AppOps  ( 3093): attributionTag  not declared in manifest of com.whatsapp.w4b
08-01 00:32:58.658 E/AppOps  ( 3093): attributionTag  not declared in manifest of com.whatsapp.w4b
08-01 00:32:58.662 E/AppOps  ( 3093): attributionTag  not declared in manifest of com.whatsapp.w4b
08-01 00:32:58.662 E/AppOps  ( 3093): attributionTag  not declared in manifest of com.whatsapp.w4b
08-01 00:33:02.459 E/WindowManager( 3093): win=Window{5f33061 u0 BackPanelController} destroySurfaces: appStopped=true cleanupOnResume=false win.mWindowRemovalAllowed=false win.mRemoveOnExit=false win.mViewVisibility=8 caller=com.android.server.wm.WindowManagerService.tryStartExitingAnimation:128 com.android.server.wm.WindowManagerService.relayoutWindow:1121 com.android.server.wm.Session.relayout:30 android.view.IWindowSession$Stub.onTransact:840 com.android.server.wm.Session.onTransact:1 android.os.Binder.execTransactInternal:1514 android.os.Binder.execTransact:1454 
08-01 00:33:02.915 E/WindowManager( 3093): win=Window{36d3d2e u0 InputMethod} destroySurfaces: appStopped=true cleanupOnResume=false win.mWindowRemovalAllowed=false win.mRemoveOnExit=false win.mViewVisibility=8 caller=com.android.server.wm.WindowManagerService.tryStartExitingAnimation:128 com.android.server.wm.WindowManagerService.relayoutWindow:1121 com.android.server.wm.Session.relayout:30 android.view.IWindowSession$Stub.onTransact:840 com.android.server.wm.Session.onTransact:1 android.os.Binder.execTransactInternal:1509 android.os.Binder.execTransact:1454 
08-01 00:33:07.938 E/Watchdog( 3093): !@Sync: 1443 heap(MB): 183 / 202 FD: 1534 Threads: 581 [2026-08-01 00:33:07.938]
08-01 00:33:07.987 E/AppOps  ( 3093): attributionTag  not declared in manifest of com.whatsapp.w4b
08-01 00:33:07.988 E/AppOps  ( 3093): attributionTag  not declared in manifest of com.whatsapp.w4b
08-01 00:33:09.770 E/AppOps  ( 3093): attributionTag  not declared in manifest of com.whatsapp.w4b
08-01 00:33:09.771 E/AppOps  ( 3093): attributionTag  not declared in manifest of com.whatsapp.w4b
08-01 00:33:13.280 E/AppOps  ( 3093): attributionTag  not declared in manifest of com.whatsapp.w4b
08-01 00:33:13.280 E/AppOps  ( 3093): attributionTag  not declared in manifest of com.whatsapp.w4b
08-01 00:33:13.284 E/AppOps  ( 3093): attributionTag  not declared in manifest of com.whatsapp.w4b
08-01 00:33:13.284 E/AppOps  ( 3093): attributionTag  not declared in manifest of com.whatsapp.w4b
08-01 00:33:14.967 E/WindowManager( 3093): win=Window{5f33061 u0 BackPanelController} destroySurfaces: appStopped=true cleanupOnResume=false win.mWindowRemovalAllowed=false win.mRemoveOnExit=false win.mViewVisibility=8 caller=com.android.server.wm.WindowManagerService.tryStartExitingAnimation:128 com.android.server.wm.WindowManagerService.relayoutWindow:1121 com.android.server.wm.Session.relayout:30 android.view.IWindowSession$Stub.onTransact:840 com.android.server.wm.Session.onTransact:1 android.os.Binder.execTransactInternal:1514 android.os.Binder.execTransact:1454 
08-01 00:33:15.551 E/AppOps  ( 3093): attributionTag  not declared in manifest of com.whatsapp.w4b
08-01 00:33:15.551 E/AppOps  ( 3093): attributionTag  not declared in manifest of com.whatsapp.w4b
08-01 00:33:17.331 E/AppOps  ( 3093): attributionTag  not declared in manifest of com.whatsapp.w4b
08-01 00:33:17.332 E/AppOps  ( 3093): attributionTag  not declared in manifest of com.whatsapp.w4b
08-01 00:33:19.344 E/WindowManager( 3093): win=Window{5f33061 u0 BackPanelController} destroySurfaces: appStopped=true cleanupOnResume=false win.mWindowRemovalAllowed=false win.mRemoveOnExit=false win.mViewVisibility=8 caller=com.android.server.wm.WindowManagerService.tryStartExitingAnimation:128 com.android.server.wm.WindowManagerService.relayoutWindow:1121 com.android.server.wm.Session.relayout:30 android.view.IWindowSession$Stub.onTransact:840 com.android.server.wm.Session.onTransact:1 android.os.Binder.execTransactInternal:1514 android.os.Binder.execTransact:1454 
08-01 00:33:19.776 E/WindowManager( 3093): win=Window{36d3d2e u0 InputMethod} destroySurfaces: appStopped=true cleanupOnResume=false win.mWindowRemovalAllowed=false win.mRemoveOnExit=false win.mViewVisibility=8 caller=com.android.server.wm.WindowManagerService.tryStartExitingAnimation:128 com.android.server.wm.WindowManagerService.relayoutWindow:1121 com.android.server.wm.Session.relayout:30 android.view.IWindowSession$Stub.onTransact:840 com.android.server.wm.Session.onTransact:1 android.os.Binder.execTransactInternal:1509 android.os.Binder.execTransact:1454 
08-01 00:33:27.595 E/AppOps  ( 3093): attributionTag  not declared in manifest of com.whatsapp.w4b
08-01 00:33:27.596 E/AppOps  ( 3093): attributionTag  not declared in manifest of com.whatsapp.w4b
08-01 00:33:29.021 E/AppOps  ( 3093): attributionTag  not declared in manifest of com.whatsapp.w4b
08-01 00:33:29.022 E/AppOps  ( 3093): attributionTag  not declared in manifest of com.whatsapp.w4b
08-01 00:33:29.024 E/AppOps  ( 3093): attributionTag  not declared in manifest of com.whatsapp.w4b
08-01 00:33:29.025 E/AppOps  ( 3093): attributionTag  not declared in manifest of com.whatsapp.w4b
08-01 00:33:29.029 E/AppOps  ( 3093): attributionTag  not declared in manifest of com.whatsapp.w4b
08-01 00:33:29.029 E/AppOps  ( 3093): attributionTag  not declared in manifest of com.whatsapp.w4b
08-01 00:33:34.060 E/AppOps  ( 3093): attributionTag  not declared in manifest of com.whatsapp.w4b
08-01 00:33:34.061 E/AppOps  ( 3093): attributionTag  not declared in manifest of com.whatsapp.w4b
08-01 00:33:35.841 E/AppOps  ( 3093): attributionTag  not declared in manifest of com.whatsapp.w4b
08-01 00:33:35.841 E/AppOps  ( 3093): attributionTag  not declared in manifest of com.whatsapp.w4b
08-01 00:33:37.949 E/Watchdog( 3093): !@Sync: 1444 heap(MB): 173 / 202 FD: 1534 Threads: 581 [2026-08-01 00:33:37.948]
08-01 00:33:45.103 E/AppOps  ( 3093): attributionTag  not declared in manifest of com.whatsapp.w4b
08-01 00:33:45.104 E/AppOps  ( 3093): attributionTag  not declared in manifest of com.whatsapp.w4b
08-01 00:33:45.112 E/AppOps  ( 3093): attributionTag  not declared in manifest of com.whatsapp.w4b
08-01 00:33:45.113 E/AppOps  ( 3093): attributionTag  not declared in manifest of com.whatsapp.w4b
08-01 00:33:47.081 E/WindowManager( 3093): win=Window{5f33061 u0 BackPanelController} destroySurfaces: appStopped=true cleanupOnResume=false win.mWindowRemovalAllowed=false win.mRemoveOnExit=false win.mViewVisibility=8 caller=com.android.server.wm.WindowManagerService.tryStartExitingAnimation:128 com.android.server.wm.WindowManagerService.relayoutWindow:1121 com.android.server.wm.Session.relayout:30 android.view.IWindowSession$Stub.onTransact:840 com.android.server.wm.Session.onTransact:1 android.os.Binder.execTransactInternal:1514 android.os.Binder.execTransact:1454 
08-01 00:33:47.522 E/WindowManager( 3093): win=Window{36d3d2e u0 InputMethod} destroySurfaces: appStopped=true cleanupOnResume=false win.mWindowRemovalAllowed=false win.mRemoveOnExit=false win.mViewVisibility=8 caller=com.android.server.wm.WindowManagerService.tryStartExitingAnimation:128 com.android.server.wm.WindowManagerService.relayoutWindow:1121 com.android.server.wm.Session.relayout:30 android.view.IWindowSession$Stub.onTransact:840 com.android.server.wm.Session.onTransact:1 android.os.Binder.execTransactInternal:1509 android.os.Binder.execTransact:1454 
08-01 00:33:52.864 E/AppOps  ( 3093): attributionTag  not declared in manifest of com.whatsapp.w4b
08-01 00:33:52.865 E/AppOps  ( 3093): attributionTag  not declared in manifest of com.whatsapp.w4b
08-01 00:33:52.870 E/AppOps  ( 3093): attributionTag  not declared in manifest of com.whatsapp.w4b
08-01 00:33:52.870 E/AppOps  ( 3093): attributionTag  not declared in manifest of com.whatsapp.w4b
08-01 00:33:52.886 E/WindowManager( 3093): win=Window{5f33061 u0 BackPanelController} destroySurfaces: appStopped=true cleanupOnResume=false win.mWindowRemovalAllowed=false win.mRemoveOnExit=false win.mViewVisibility=8 caller=com.android.server.wm.WindowManagerService.tryStartExitingAnimation:128 com.android.server.wm.WindowManagerService.relayoutWindow:1121 com.android.server.wm.Session.relayout:30 android.view.IWindowSession$Stub.onTransact:840 com.android.server.wm.Session.onTransact:1 android.os.Binder.execTransactInternal:1514 android.os.Binder.execTransact:1454 
08-01 00:33:53.279 E/WindowManager( 3093): win=Window{5f33061 u0 BackPanelController} destroySurfaces: appStopped=true cleanupOnResume=false win.mWindowRemovalAllowed=false win.mRemoveOnExit=false win.mViewVisibility=8 caller=com.android.server.wm.WindowManagerService.tryStartExitingAnimation:128 com.android.server.wm.WindowManagerService.relayoutWindow:1121 com.android.server.wm.Session.relayout:30 android.view.IWindowSession$Stub.onTransact:840 com.android.server.wm.Session.onTransact:1 android.os.Binder.execTransactInternal:1514 android.os.Binder.execTransact:1454 
08-01 00:33:53.349 E/WindowManager( 3093): win=Window{36d3d2e u0 InputMethod} destroySurfaces: appStopped=true cleanupOnResume=false win.mWindowRemovalAllowed=false win.mRemoveOnExit=false win.mViewVisibility=8 caller=com.android.server.wm.WindowManagerService.tryStartExitingAnimation:128 com.android.server.wm.WindowManagerService.relayoutWindow:1121 com.android.server.wm.Session.relayout:30 android.view.IWindowSession$Stub.onTransact:840 com.android.server.wm.Session.onTransact:1 android.os.Binder.execTransactInternal:1509 android.os.Binder.execTransact:1454 
08-01 00:33:54.329 E/WindowManager( 3093): win=Window{84fdd1f u0 com.whatsapp.w4b/com.whatsapp.home.ui.HomeActivity} destroySurfaces: appStopped=true cleanupOnResume=false win.mWindowRemovalAllowed=false win.mRemoveOnExit=false win.mViewVisibility=8 caller=com.android.server.wm.ActivityRecord.destroySurfaces:24 com.android.server.wm.ActivityRecord.activityStopped:209 com.android.server.wm.ActivityClientController.activityStopped:102 android.app.IActivityClientController$Stub.onTransact:829 com.android.server.wm.ActivityClientController.onTransact:1 android.os.Binder.execTransactInternal:1514 android.os.Binder.execTransact:1454 
08-01 00:33:55.724 E/ShortcutService( 3093): Invalid icon type in shortcut M21F0052AI003@fecid.paf-iast.edu.pk. Bitmaps are not allowed in long-lived shortcuts. Use Resource icons, or Uri-based icons instead.
08-01 00:33:57.034 E/TaskPersister( 3093): File error accessing recents directory (directory doesn't exist?).
08-01 00:33:57.034 E/TaskPersister( 3093): File error accessing recents directory (directory doesn't exist?).
08-01 00:33:57.035 E/TaskPersister( 3093): File error accessing recents directory (directory doesn't exist?).
08-01 00:33:57.035 E/TaskPersister( 3093): File error accessing recents directory (directory doesn't exist?).
08-01 00:34:07.285 E/WindowManager( 3093): win=Window{5f33061 u0 BackPanelController} destroySurfaces: appStopped=true cleanupOnResume=false win.mWindowRemovalAllowed=false win.mRemoveOnExit=false win.mViewVisibility=8 caller=com.android.server.wm.WindowManagerService.tryStartExitingAnimation:128 com.android.server.wm.WindowManagerService.relayoutWindow:1121 com.android.server.wm.Session.relayout:30 android.view.IWindowSession$Stub.onTransact:840 com.android.server.wm.Session.onTransact:1 android.os.Binder.execTransactInternal:1514 android.os.Binder.execTransact:1454 
08-01 00:34:07.962 E/Watchdog( 3093): !@Sync: 1445 heap(MB): 168 / 202 FD: 1550 Threads: 581 [2026-08-01 00:34:07.961]
08-01 00:34:12.656 E/AppOps  ( 3093): attributionTag  not declared in manifest of com.whatsapp.w4b
08-01 00:34:12.657 E/AppOps  ( 3093): attributionTag  not declared in manifest of com.whatsapp.w4b
08-01 00:34:14.450 E/AppOps  ( 3093): attributionTag  not declared in manifest of com.whatsapp.w4b
08-01 00:34:14.451 E/AppOps  ( 3093): attributionTag  not declared in manifest of com.whatsapp.w4b
08-01 00:34:24.453 E/AppOps  ( 3093): attributionTag  not declared in manifest of com.whatsapp.w4b
08-01 00:34:24.454 E/AppOps  ( 3093): attributionTag  not declared in manifest of com.whatsapp.w4b
08-01 00:34:26.239 E/AppOps  ( 3093): attributionTag  not declared in manifest of com.whatsapp.w4b
08-01 00:34:26.240 E/AppOps  ( 3093): attributionTag  not declared in manifest of com.whatsapp.w4b
08-01 00:34:29.816 E/WindowManager( 3093): win=Window{36d3d2e u0 InputMethod} destroySurfaces: appStopped=true cleanupOnResume=false win.mWindowRemovalAllowed=false win.mRemoveOnExit=false win.mViewVisibility=8 caller=com.android.server.wm.WindowManagerService.tryStartExitingAnimation:128 com.android.server.wm.WindowManagerService.relayoutWindow:1121 com.android.server.wm.Session.relayout:30 android.view.IWindowSession$Stub.onTransact:840 com.android.server.wm.Session.onTransact:1 android.os.Binder.execTransactInternal:1509 android.os.Binder.execTransact:1454 
08-01 00:34:30.900 E/WindowManager( 3093): win=Window{5f33061 u0 BackPanelController} destroySurfaces: appStopped=true cleanupOnResume=false win.mWindowRemovalAllowed=false win.mRemoveOnExit=false win.mViewVisibility=8 caller=com.android.server.wm.WindowManagerService.tryStartExitingAnimation:128 com.android.server.wm.WindowManagerService.relayoutWindow:1121 com.android.server.wm.Session.relayout:30 android.view.IWindowSession$Stub.onTransact:840 com.android.server.wm.Session.onTransact:1 android.os.Binder.execTransactInternal:1514 android.os.Binder.execTransact:1454 
08-01 00:34:30.999 E/AppOps  ( 3093): attributionTag  not declared in manifest of com.whatsapp.w4b
08-01 00:34:31.000 E/AppOps  ( 3093): attributionTag  not declared in manifest of com.whatsapp.w4b
08-01 00:34:31.001 E/AppOps  ( 3093): attributionTag  not declared in manifest of com.whatsapp.w4b
08-01 00:34:31.001 E/AppOps  ( 3093): attributionTag  not declared in manifest of com.whatsapp.w4b
08-01 00:34:33.450 E/WindowManager( 3093): win=Window{5f33061 u0 BackPanelController} destroySurfaces: appStopped=true cleanupOnResume=false win.mWindowRemovalAllowed=false win.mRemoveOnExit=false win.mViewVisibility=8 caller=com.android.server.wm.WindowManagerService.tryStartExitingAnimation:128 com.android.server.wm.WindowManagerService.relayoutWindow:1121 com.android.server.wm.Session.relayout:30 android.view.IWindowSession$Stub.onTransact:840 com.android.server.wm.Session.onTransact:1 android.os.Binder.execTransactInternal:1514 android.os.Binder.execTransact:1454 
08-01 00:34:36.667 E/TaskPersister( 3093): File error accessing recents directory (directory doesn't exist?).
08-01 00:34:36.667 E/TaskPersister( 3093): File error accessing recents directory (directory doesn't exist?).
08-01 00:34:36.667 E/TaskPersister( 3093): File error accessing recents directory (directory doesn't exist?).
08-01 00:34:36.667 E/TaskPersister( 3093): File error accessing recents directory (directory doesn't exist?).
08-01 00:34:37.979 E/Watchdog( 3093): !@Sync: 1446 heap(MB): 187 / 202 FD: 1551 Threads: 581 [2026-08-01 00:34:37.978]
08-01 00:34:44.259 E/WindowManager( 3093): win=Window{5f33061 u0 BackPanelController} destroySurfaces: appStopped=true cleanupOnResume=false win.mWindowRemovalAllowed=false win.mRemoveOnExit=false win.mViewVisibility=8 caller=com.android.server.wm.WindowManagerService.tryStartExitingAnimation:128 com.android.server.wm.WindowManagerService.relayoutWindow:1121 com.android.server.wm.Session.relayout:30 android.view.IWindowSession$Stub.onTransact:840 com.android.server.wm.Session.onTransact:1 android.os.Binder.execTransactInternal:1514 android.os.Binder.execTransact:1454 
08-01 00:34:52.076 E/AppOps  ( 3093): attributionTag  not declared in manifest of com.android.systemui
08-01 00:34:52.076 E/AppOps  ( 3093): attributionTag  not declared in manifest of com.android.systemui
08-01 00:34:52.412 E/AppOps  ( 3093): attributionTag  not declared in manifest of com.android.systemui
08-01 00:34:52.412 E/AppOps  ( 3093): attributionTag  not declared in manifest of com.android.systemui
08-01 00:34:52.974 E/WindowManager( 3093): win=Window{84fdd1f u0 com.whatsapp.w4b/com.whatsapp.home.ui.HomeActivity} destroySurfaces: appStopped=true cleanupOnResume=false win.mWindowRemovalAllowed=false win.mRemoveOnExit=false win.mViewVisibility=8 caller=com.android.server.wm.ActivityRecord.destroySurfaces:24 com.android.server.wm.ActivityRecord.activityStopped:209 com.android.server.wm.ActivityClientController.activityStopped:102 android.app.IActivityClientController$Stub.onTransact:829 com.android.server.wm.ActivityClientController.onTransact:1 android.os.Binder.execTransactInternal:1514 android.os.Binder.execTransact:1454 
08-01 00:34:55.371 E/TaskPersister( 3093): File error accessing recents directory (directory doesn't exist?).
08-01 00:34:55.372 E/TaskPersister( 3093): File error accessing recents directory (directory doesn't exist?).
08-01 00:34:55.372 E/TaskPersister( 3093): File error accessing recents directory (directory doesn't exist?).
08-01 00:34:55.372 E/TaskPersister( 3093): File error accessing recents directory (directory doesn't exist?).
08-01 00:35:07.991 E/Watchdog( 3093): !@Sync: 1447 heap(MB): 171 / 202 FD: 1537 Threads: 581 [2026-08-01 00:35:07.991]
08-01 00:35:15.102 E/WindowManager( 3093): win=Window{5f33061 u0 BackPanelController} destroySurfaces: appStopped=true cleanupOnResume=false win.mWindowRemovalAllowed=false win.mRemoveOnExit=false win.mViewVisibility=8 caller=com.android.server.wm.WindowManagerService.tryStartExitingAnimation:128 com.android.server.wm.WindowManagerService.relayoutWindow:1121 com.android.server.wm.Session.relayout:30 android.view.IWindowSession$Stub.onTransact:840 com.android.server.wm.Session.onTransact:1 android.os.Binder.execTransactInternal:1514 android.os.Binder.execTransact:1454 
08-01 00:35:18.316 E/TaskPersister( 3093): File error accessing recents directory (directory doesn't exist?).
08-01 00:35:18.319 E/TaskPersister( 3093): File error accessing recents directory (directory doesn't exist?).
08-01 00:35:18.319 E/TaskPersister( 3093): File error accessing recents directory (directory doesn't exist?).
08-01 00:35:18.319 E/TaskPersister( 3093): File error accessing recents directory (directory doesn't exist?).
08-01 00:35:19.488 E/WindowManager( 3093): win=Window{36d3d2e u0 InputMethod} destroySurfaces: appStopped=true cleanupOnResume=false win.mWindowRemovalAllowed=false win.mRemoveOnExit=false win.mViewVisibility=8 caller=com.android.server.wm.WindowManagerService.tryStartExitingAnimation:128 com.android.server.wm.WindowManagerService.relayoutWindow:1121 com.android.server.wm.Session.relayout:30 android.view.IWindowSession$Stub.onTransact:840 com.android.server.wm.Session.onTransact:1 android.os.Binder.execTransactInternal:1509 android.os.Binder.execTransact:1454 
08-01 00:35:19.500 E/WindowManager( 3093): win=Window{84fdd1f u0 com.whatsapp.w4b/com.whatsapp.home.ui.HomeActivity} destroySurfaces: appStopped=true cleanupOnResume=false win.mWindowRemovalAllowed=false win.mRemoveOnExit=false win.mViewVisibility=8 caller=com.android.server.wm.ActivityRecord.destroySurfaces:24 com.android.server.wm.ActivityRecord.activityStopped:209 com.android.server.wm.ActivityClientController.activityStopped:102 android.app.IActivityClientController$Stub.onTransact:829 com.android.server.wm.ActivityClientController.onTransact:1 android.os.Binder.execTransactInternal:1514 android.os.Binder.execTransact:1454 
08-01 00:35:21.871 E/TaskPersister( 3093): File error accessing recents directory (directory doesn't exist?).
08-01 00:35:21.872 E/TaskPersister( 3093): File error accessing recents directory (directory doesn't exist?).
08-01 00:35:21.872 E/TaskPersister( 3093): File error accessing recents directory (directory doesn't exist?).
08-01 00:35:21.872 E/TaskPersister( 3093): File error accessing recents directory (directory doesn't exist?).
08-01 00:35:22.849 E/WindowManager( 3093): win=Window{1f8528f u0 com.whatsapp.w4b/com.whatsapp.Conversation} destroySurfaces: appStopped=true cleanupOnResume=false win.mWindowRemovalAllowed=false win.mRemoveOnExit=false win.mViewVisibility=8 caller=com.android.server.wm.ActivityRecord.destroySurfaces:24 com.android.server.wm.ActivityRecord.activityStopped:209 com.android.server.wm.ActivityClientController.activityStopped:102 android.app.IActivityClientController$Stub.onTransact:829 com.android.server.wm.ActivityClientController.onTransact:1 android.os.Binder.execTransactInternal:1514 android.os.Binder.execTransact:1454 
08-01 00:35:23.379 E/WindowManager( 3093): win=Window{5f33061 u0 BackPanelController} destroySurfaces: appStopped=true cleanupOnResume=false win.mWindowRemovalAllowed=false win.mRemoveOnExit=false win.mViewVisibility=8 caller=com.android.server.wm.WindowManagerService.tryStartExitingAnimation:128 com.android.server.wm.WindowManagerService.relayoutWindow:1121 com.android.server.wm.Session.relayout:30 android.view.IWindowSession$Stub.onTransact:840 com.android.server.wm.Session.onTransact:1 android.os.Binder.execTransactInternal:1514 android.os.Binder.execTransact:1454 
08-01 00:35:24.096 E/WindowManager( 3093): win=Window{5f33061 u0 BackPanelController} destroySurfaces: appStopped=true cleanupOnResume=false win.mWindowRemovalAllowed=false win.mRemoveOnExit=false win.mViewVisibility=8 caller=com.android.server.wm.WindowManagerService.tryStartExitingAnimation:128 com.android.server.wm.WindowManagerService.relayoutWindow:1121 com.android.server.wm.Session.relayout:30 android.view.IWindowSession$Stub.onTransact:840 com.android.server.wm.Session.onTransact:1 android.os.Binder.execTransactInternal:1514 android.os.Binder.execTransact:1454 
08-01 00:35:24.995 E/WindowManager( 3093): win=Window{84fdd1f u0 com.whatsapp.w4b/com.whatsapp.home.ui.HomeActivity} destroySurfaces: appStopped=true cleanupOnResume=false win.mWindowRemovalAllowed=false win.mRemoveOnExit=false win.mViewVisibility=8 caller=com.android.server.wm.ActivityRecord.destroySurfaces:24 com.android.server.wm.ActivityRecord.activityStopped:209 com.android.server.wm.ActivityClientController.activityStopped:102 android.app.IActivityClientController$Stub.onTransact:829 com.android.server.wm.ActivityClientController.onTransact:1 android.os.Binder.execTransactInternal:1514 android.os.Binder.execTransact:1454 
08-01 00:35:25.738 E/TaskPersister( 3093): File error accessing recents directory (directory doesn't exist?).
08-01 00:35:25.738 E/TaskPersister( 3093): File error accessing recents directory (directory doesn't exist?).
08-01 00:35:25.738 E/TaskPersister( 3093): File error accessing recents directory (directory doesn't exist?).
08-01 00:35:25.738 E/TaskPersister( 3093): File error accessing recents directory (directory doesn't exist?).
08-01 00:35:31.737 E/WindowManager( 3093): win=Window{5f33061 u0 BackPanelController} destroySurfaces: appStopped=true cleanupOnResume=false win.mWindowRemovalAllowed=false win.mRemoveOnExit=false win.mViewVisibility=8 caller=com.android.server.wm.WindowManagerService.tryStartExitingAnimation:128 com.android.server.wm.WindowManagerService.relayoutWindow:1121 com.android.server.wm.Session.relayout:30 android.view.IWindowSession$Stub.onTransact:840 com.android.server.wm.Session.onTransact:1 android.os.Binder.execTransactInternal:1514 android.os.Binder.execTransact:1454 
08-01 00:35:32.626 E/WindowManager( 3093): win=Window{5f33061 u0 BackPanelController} destroySurfaces: appStopped=true cleanupOnResume=false win.mWindowRemovalAllowed=false win.mRemoveOnExit=false win.mViewVisibility=8 caller=com.android.server.wm.WindowManagerService.tryStartExitingAnimation:128 com.android.server.wm.WindowManagerService.relayoutWindow:1121 com.android.server.wm.Session.relayout:30 android.view.IWindowSession$Stub.onTransact:840 com.android.server.wm.Session.onTransact:1 android.os.Binder.execTransactInternal:1514 android.os.Binder.execTransact:1454 
08-01 00:35:34.552 E/WindowManager( 3093): win=Window{84fdd1f u0 com.whatsapp.w4b/com.whatsapp.home.ui.HomeActivity} destroySurfaces: appStopped=true cleanupOnResume=false win.mWindowRemovalAllowed=false win.mRemoveOnExit=false win.mViewVisibility=8 caller=com.android.server.wm.ActivityRecord.destroySurfaces:24 com.android.server.wm.ActivityRecord.activityStopped:209 com.android.server.wm.ActivityClientController.activityStopped:102 android.app.IActivityClientController$Stub.onTransact:829 com.android.server.wm.ActivityClientController.onTransact:1 android.os.Binder.execTransactInternal:1514 android.os.Binder.execTransact:1454 
08-01 00:35:34.880 E/WindowManager( 3093): win=Window{5f33061 u0 BackPanelController} destroySurfaces: appStopped=true cleanupOnResume=false win.mWindowRemovalAllowed=false win.mRemoveOnExit=false win.mViewVisibility=8 caller=com.android.server.wm.WindowManagerService.tryStartExitingAnimation:128 com.android.server.wm.WindowManagerService.relayoutWindow:1121 com.android.server.wm.Session.relayout:30 android.view.IWindowSession$Stub.onTransact:840 com.android.server.wm.Session.onTransact:1 android.os.Binder.execTransactInternal:1514 android.os.Binder.execTransact:1454 
08-01 00:35:35.280 E/WindowManager( 3093): win=Window{5f33061 u0 BackPanelController} destroySurfaces: appStopped=true cleanupOnResume=false win.mWindowRemovalAllowed=false win.mRemoveOnExit=false win.mViewVisibility=8 caller=com.android.server.wm.WindowManagerService.tryStartExitingAnimation:128 com.android.server.wm.WindowManagerService.relayoutWindow:1121 com.android.server.wm.Session.relayout:30 android.view.IWindowSession$Stub.onTransact:840 com.android.server.wm.Session.onTransact:1 android.os.Binder.execTransactInternal:1514 android.os.Binder.execTransact:1454 
08-01 00:35:36.463 E/TaskPersister( 3093): File error accessing recents directory (directory doesn't exist?).
08-01 00:35:36.463 E/TaskPersister( 3093): File error accessing recents directory (directory doesn't exist?).
08-01 00:35:36.463 E/TaskPersister( 3093): File error accessing recents directory (directory doesn't exist?).
08-01 00:35:36.463 E/TaskPersister( 3093): File error accessing recents directory (directory doesn't exist?).
08-01 00:35:37.198 E/WindowManager( 3093): win=Window{d1883c5 u0 com.google.android.apps.playconsole/com.google.android.apps.play.console.mobile.MainActivity} destroySurfaces: appStopped=true cleanupOnResume=false win.mWindowRemovalAllowed=false win.mRemoveOnExit=false win.mViewVisibility=8 caller=com.android.server.wm.ActivityRecord.destroySurfaces:24 com.android.server.wm.ActivityRecord.activityStopped:209 com.android.server.wm.ActivityClientController.activityStopped:102 android.app.IActivityClientController$Stub.onTransact:829 com.android.server.wm.ActivityClientController.onTransact:1 android.os.Binder.execTransactInternal:1514 android.os.Binder.execTransact:1454 
08-01 00:35:37.999 E/Watchdog( 3093): !@Sync: 1448 heap(MB): 168 / 202 FD: 1534 Threads: 581 [2026-08-01 00:35:37.999]
08-01 00:35:42.373 E/keystore2( 1262): system/security/keystore2/src/keystore2_main.rs:77 - !@ [SQLITE3] 30: open db: flags=33554438, /data/misc/keystore/vpnprofilestore.sqlite
08-01 00:35:42.374 E/keystore2( 1262): system/security/keystore2/src/keystore2_main.rs:77 - !@ [SQLITE3] 30: close db /data/misc/keystore/vpnprofilestore.sqlite.
08-01 00:35:42.449 E/TaskPersister( 3093): File error accessing recents directory (directory doesn't exist?).
08-01 00:35:42.449 E/TaskPersister( 3093): File error accessing recents directory (directory doesn't exist?).
08-01 00:35:42.449 E/TaskPersister( 3093): File error accessing recents directory (directory doesn't exist?).
08-01 00:35:42.449 E/TaskPersister( 3093): File error accessing recents directory (directory doesn't exist?).
08-01 00:35:42.576 E/keystore2( 1262): system/security/keystore2/src/keystore2_main.rs:77 - !@ [SQLITE3] 30: open db: flags=33554438, /data/misc/keystore/vpnprofilestore.sqlite
08-01 00:35:42.577 E/keystore2( 1262): system/security/keystore2/src/keystore2_main.rs:77 - !@ [SQLITE3] 30: open db: flags=33554438, /data/misc/keystore/vpnprofilestore.sqlite
08-01 00:35:42.578 E/keystore2( 1262): system/security/keystore2/src/keystore2_main.rs:77 - !@ [SQLITE3] 30: close db /data/misc/keystore/vpnprofilestore.sqlite.
08-01 00:35:42.580 E/keystore2( 1262): system/security/keystore2/src/keystore2_main.rs:77 - !@ [SQLITE3] 30: close db /data/misc/keystore/vpnprofilestore.sqlite.
08-01 00:35:42.597 E/AppOps  ( 3093): attributionTag VCN not declared in manifest of android
08-01 00:35:42.607 E/AppOps  ( 3093): attributionTag VCN not declared in manifest of android
08-01 00:35:42.719 E/HCPackageInfoUtils( 3093): NameNotFoundException for com.kitaabai.app
08-01 00:35:42.723 E/SDHMS:PowerAnomaly:BatteryStatsDBProvider( 5839): delete Exception : no such table: 10181 (code 1 SQLITE_ERROR[1]): , while compiling: DELETE FROM [10181]
08-01 00:35:42.723 E/SDHMS:PowerAnomaly:BatteryStatsDBProvider( 5839): delete Exception : cursor  null
08-01 00:35:42.735 E/HCPackageInfoUtils( 3093): NameNotFoundException for com.kitaabai.app
08-01 00:35:42.744 E/HCPackageInfoUtils( 3093): NameNotFoundException for com.kitaabai.app
08-01 00:35:42.744 E/HCPackageInfoUtils( 3093): NameNotFoundException for com.kitaabai.app
08-01 00:35:42.752 E/HCPackageInfoUtils( 3093): NameNotFoundException for com.kitaabai.app
08-01 00:35:42.755 E/HCPackageInfoUtils( 3093): NameNotFoundException for com.kitaabai.app
08-01 00:35:42.761 E/HCPackageInfoUtils( 3093): NameNotFoundException for com.kitaabai.app
08-01 00:35:42.761 E/HCPackageInfoUtils( 3093): NameNotFoundException for com.kitaabai.app
08-01 00:35:43.125 E/keystore2( 1262): system/security/keystore2/src/keystore2_main.rs:77 - !@ [SQLITE3] 30: open db: flags=33554438, /data/misc/keystore/vpnprofilestore.sqlite
08-01 00:35:43.125 E/keystore2( 1262): system/security/keystore2/src/keystore2_main.rs:77 - !@ [SQLITE3] 30: close db /data/misc/keystore/vpnprofilestore.sqlite.
08-01 00:35:43.201 E/keystore2( 1262): system/security/keystore2/src/keystore2_main.rs:77 - !@ [SQLITE3] 30: open db: flags=33554438, /data/misc/keystore/vpnprofilestore.sqlite
08-01 00:35:43.202 E/keystore2( 1262): system/security/keystore2/src/keystore2_main.rs:77 - !@ [SQLITE3] 30: close db /data/misc/keystore/vpnprofilestore.sqlite.
08-01 00:35:43.625 E/AppOps  ( 3093): attributionTag VCN not declared in manifest of android
08-01 00:35:44.254 E/BluetoothPowerStatsCollector( 3093): Cannot acquire BluetoothActivityEnergyInfo
08-01 00:35:44.254 E/BluetoothPowerStatsCollector( 3093): java.util.concurrent.ExecutionException: java.lang.RuntimeException: error: 9
08-01 00:35:44.254 E/BluetoothPowerStatsCollector( 3093): 	at java.util.concurrent.CompletableFuture.reportGet(CompletableFuture.java:372)
08-01 00:35:44.254 E/BluetoothPowerStatsCollector( 3093): 	at java.util.concurrent.CompletableFuture.get(CompletableFuture.java:2072)
08-01 00:35:44.254 E/BluetoothPowerStatsCollector( 3093): 	at com.android.server.power.stats.BluetoothPowerStatsCollector.collectStats(qb/111684928 8a2772898477f7cc112f6ac514b611258fb1e5c3f2206b0d202f25701684a852:209)
08-01 00:35:44.254 E/BluetoothPowerStatsCollector( 3093): 	at com.android.server.power.stats.PowerStatsCollector$$ExternalSyntheticLambda0.run(qb/111684928 8a2772898477f7cc112f6ac514b611258fb1e5c3f2206b0d202f25701684a852:48)
08-01 00:35:44.254 E/BluetoothPowerStatsCollector( 3093): 	at android.os.Handler.handleCallback(Handler.java:1070)
08-01 00:35:44.254 E/BluetoothPowerStatsCollector( 3093): 	at android.os.Handler.dispatchMessage(Handler.java:125)
08-01 00:35:44.254 E/BluetoothPowerStatsCollector( 3093): 	at android.os.Looper.dispatchMessage(Looper.java:358)
08-01 00:35:44.254 E/BluetoothPowerStatsCollector( 3093): 	at android.os.Looper.loopOnce(Looper.java:288)
08-01 00:35:44.254 E/BluetoothPowerStatsCollector( 3093): 	at android.os.Looper.loop(Looper.java:392)
08-01 00:35:44.254 E/BluetoothPowerStatsCollector( 3093): 	at android.os.HandlerThread.run(HandlerThread.java:139)
08-01 00:35:44.254 E/BluetoothPowerStatsCollector( 3093): Caused by: java.lang.RuntimeException: error: 9
08-01 00:35:44.254 E/BluetoothPowerStatsCollector( 3093): 	at com.android.server.power.stats.BluetoothPowerStatsCollector$1.onBluetoothActivityEnergyInfoError(qb/111684928 8a2772898477f7cc112f6ac514b611258fb1e5c3f2206b0d202f25701684a852:12)
08-01 00:35:44.254 E/BluetoothPowerStatsCollector( 3093): 	at android.bluetooth.BluetoothAdapter.lambda$requestControllerActivityEnergyInfo$32(BluetoothAdapter.java:3799)
08-01 00:35:44.254 E/BluetoothPowerStatsCollector( 3093): 	at android.bluetooth.BluetoothAdapter$$ExternalSyntheticLambda30.run(D8$$SyntheticClass:0)
08-01 00:35:44.254 E/BluetoothPowerStatsCollector( 3093): 	at com.android.server.SystemServerInitThreadPool$$ExternalSyntheticLambda0.execute(qb/111684928 8a2772898477f7cc112f6ac514b611258fb1e5c3f2206b0d202f25701684a852:1)
08-01 00:35:44.254 E/BluetoothPowerStatsCollector( 3093): 	at android.bluetooth.BluetoothAdapter.requestControllerActivityEnergyInfo(BluetoothAdapter.java:3797)
08-01 00:35:44.254 E/BluetoothPowerStatsCollector( 3093): 	at com.android.server.power.stats.BluetoothPowerStatsCollector.collectStats(qb/111684928 8a2772898477f7cc112f6ac514b611258fb1e5c3f2206b0d202f25701684a852:202)
08-01 00:35:44.254 E/BluetoothPowerStatsCollector( 3093): 	... 7 more
08-01 00:35:44.402 E/BluetoothPowerStatsCollector( 3093): Cannot acquire BluetoothActivityEnergyInfo
08-01 00:35:44.402 E/BluetoothPowerStatsCollector( 3093): java.util.concurrent.ExecutionException: java.lang.RuntimeException: error: 9
08-01 00:35:44.402 E/BluetoothPowerStatsCollector( 3093): 	at java.util.concurrent.CompletableFuture.reportGet(CompletableFuture.java:372)
08-01 00:35:44.402 E/BluetoothPowerStatsCollector( 3093): 	at java.util.concurrent.CompletableFuture.get(CompletableFuture.java:2072)
08-01 00:35:44.402 E/BluetoothPowerStatsCollector( 3093): 	at com.android.server.power.stats.BluetoothPowerStatsCollector.collectStats(qb/111684928 8a2772898477f7cc112f6ac514b611258fb1e5c3f2206b0d202f25701684a852:209)
08-01 00:35:44.402 E/BluetoothPowerStatsCollector( 3093): 	at com.android.server.power.stats.PowerStatsCollector$$ExternalSyntheticLambda0.run(qb/111684928 8a2772898477f7cc112f6ac514b611258fb1e5c3f2206b0d202f25701684a852:48)
08-01 00:35:44.402 E/BluetoothPowerStatsCollector( 3093): 	at android.os.Handler.handleCallback(Handler.java:1070)
08-01 00:35:44.402 E/BluetoothPowerStatsCollector( 3093): 	at android.os.Handler.dispatchMessage(Handler.java:125)
08-01 00:35:44.402 E/BluetoothPowerStatsCollector( 3093): 	at android.os.Looper.dispatchMessage(Looper.java:358)
08-01 00:35:44.402 E/BluetoothPowerStatsCollector( 3093): 	at android.os.Looper.loopOnce(Looper.java:288)
08-01 00:35:44.402 E/BluetoothPowerStatsCollector( 3093): 	at android.os.Looper.loop(Looper.java:392)
08-01 00:35:44.402 E/BluetoothPowerStatsCollector( 3093): 	at android.os.HandlerThread.run(HandlerThread.java:139)
08-01 00:35:44.402 E/BluetoothPowerStatsCollector( 3093): Caused by: java.lang.RuntimeException: error: 9
08-01 00:35:44.402 E/BluetoothPowerStatsCollector( 3093): 	at com.android.server.power.stats.BluetoothPowerStatsCollector$1.onBluetoothActivityEnergyInfoError(qb/111684928 8a2772898477f7cc112f6ac514b611258fb1e5c3f2206b0d202f25701684a852:12)
08-01 00:35:44.402 E/BluetoothPowerStatsCollector( 3093): 	at android.bluetooth.BluetoothAdapter.lambda$requestControllerActivityEnergyInfo$32(BluetoothAdapter.java:3799)
08-01 00:35:44.402 E/BluetoothPowerStatsCollector( 3093): 	at android.bluetooth.BluetoothAdapter$$ExternalSyntheticLambda30.run(D8$$SyntheticClass:0)
08-01 00:35:44.402 E/BluetoothPowerStatsCollector( 3093): 	at com.android.server.SystemServerInitThreadPool$$ExternalSyntheticLambda0.execute(qb/111684928 8a2772898477f7cc112f6ac514b611258fb1e5c3f2206b0d202f25701684a852:1)
08-01 00:35:44.402 E/BluetoothPowerStatsCollector( 3093): 	at android.bluetooth.BluetoothAdapter.requestControllerActivityEnergyInfo(BluetoothAdapter.java:3797)
08-01 00:35:44.402 E/BluetoothPowerStatsCollector( 3093): 	at com.android.server.power.stats.BluetoothPowerStatsCollector.collectStats(qb/111684928 8a2772898477f7cc112f6ac514b611258fb1e5c3f2206b0d202f25701684a852:202)
08-01 00:35:44.402 E/BluetoothPowerStatsCollector( 3093): 	... 7 more
08-01 00:35:44.605 E/AppOps  ( 3093): Bad call made by uid 1000. Package "com.google.android.googlequicksearchbox" does not belong to uid 1000.
08-01 00:35:44.643 E/ActivityThread(16817): Failed to find provider info for com.zhiliaoapp.musically.apm
08-01 00:35:45.081 E/ActivityManager( 3093): Unable to unfreeze binder for 23408 com.android.providers.partnerbookmarks. Killing it
08-01 00:35:45.132 E/ActivityThread(10907): Failed to find provider info for issuetracker_provider
08-01 00:35:45.429 E/WindowManager( 3093): win=Window{1e1062b u0 com.sec.android.app.launcher/com.sec.android.app.launcher.activities.LauncherActivity} destroySurfaces: appStopped=true cleanupOnResume=false win.mWindowRemovalAllowed=false win.mRemoveOnExit=false win.mViewVisibility=8 caller=com.android.server.wm.ActivityRecord.destroySurfaces:24 com.android.server.wm.ActivityRecord.activityStopped:209 com.android.server.wm.ActivityClientController.activityStopped:102 android.app.IActivityClientController$Stub.onTransact:829 com.android.server.wm.ActivityClientController.onTransact:1 android.os.Binder.execTransactInternal:1514 android.os.Binder.execTransact:1454 
08-01 00:35:45.492 E/CoreBackPreview( 3093): Window is null, returning null.
08-01 00:35:45.492 E/ShellBackPreview( 4266): Received BackNavigationInfo is null.
08-01 00:35:45.645 E/ActivityThread(16817): Failed to find provider info for com.zhiliaoapp.musically.apm
08-01 00:35:45.942 E/WindowManager( 3093): win=Window{5f33061 u0 BackPanelController} destroySurfaces: appStopped=true cleanupOnResume=false win.mWindowRemovalAllowed=false win.mRemoveOnExit=false win.mViewVisibility=8 caller=com.android.server.wm.WindowManagerService.tryStartExitingAnimation:128 com.android.server.wm.WindowManagerService.relayoutWindow:1121 com.android.server.wm.Session.relayout:30 android.view.IWindowSession$Stub.onTransact:840 com.android.server.wm.Session.onTransact:1 android.os.Binder.execTransactInternal:1514 android.os.Binder.execTransact:1454 
08-01 00:35:46.444 E/WindowManager( 3093): win=Window{da38746 u0 SnapshotStartingWindow for taskId=348 EXITING} destroySurfaces: appStopped=false cleanupOnResume=false win.mWindowRemovalAllowed=true win.mRemoveOnExit=true win.mViewVisibility=0 caller=com.android.server.wm.WindowState.onExitAnimationDone:224 com.android.server.wm.WindowState.onAnimationFinished:174 com.android.server.wm.WindowContainer$$ExternalSyntheticLambda8.onAnimationFinished:3 com.android.server.wm.SurfaceAnimator$$ExternalSyntheticLambda0.onAnimationFinished:69 com.android.server.wm.LocalAnimationAdapter$$ExternalSyntheticLambda0.run:10 android.os.Handler.handleCallback:1070 android.os.Handler.dispatchMessage:125 
08-01 00:35:47.453 E/WindowManager( 3093): win=Window{5f33061 u0 BackPanelController} destroySurfaces: appStopped=true cleanupOnResume=false win.mWindowRemovalAllowed=false win.mRemoveOnExit=false win.mViewVisibility=8 caller=com.android.server.wm.WindowManagerService.tryStartExitingAnimation:128 com.android.server.wm.WindowManagerService.relayoutWindow:1121 com.android.server.wm.Session.relayout:30 android.view.IWindowSession$Stub.onTransact:840 com.android.server.wm.Session.onTransact:1 android.os.Binder.execTransactInternal:1514 android.os.Binder.execTransact:1454 
08-01 00:35:47.929 E/TaskPersister( 3093): File error accessing recents directory (directory doesn't exist?).
08-01 00:35:47.930 E/TaskPersister( 3093): File error accessing recents directory (directory doesn't exist?).
08-01 00:35:47.930 E/TaskPersister( 3093): File error accessing recents directory (directory doesn't exist?).
08-01 00:35:47.930 E/TaskPersister( 3093): File error accessing recents directory (directory doesn't exist?).
08-01 00:35:51.373 E/AppOps  ( 3093): attributionTag  not declared in manifest of com.zhiliaoapp.musically
08-01 00:35:51.374 E/AppOps  ( 3093): attributionTag  not declared in manifest of com.zhiliaoapp.musically
08-01 00:35:51.434 E/AppOps  ( 3093): attributionTag  not declared in manifest of com.zhiliaoapp.musically
08-01 00:35:51.434 E/AppOps  ( 3093): attributionTag  not declared in manifest of com.zhiliaoapp.musically
08-01 00:35:51.602 E/AppOps  ( 3093): attributionTag  not declared in manifest of com.zhiliaoapp.musically
08-01 00:35:51.603 E/AppOps  ( 3093): attributionTag  not declared in manifest of com.zhiliaoapp.musically
08-01 00:35:56.968 E/AppOps  ( 3093): attributionTag  not declared in manifest of com.zhiliaoapp.musically
08-01 00:35:56.968 E/AppOps  ( 3093): attributionTag  not declared in manifest of com.zhiliaoapp.musically
08-01 00:35:56.974 E/AppOps  ( 3093): attributionTag  not declared in manifest of com.zhiliaoapp.musically
08-01 00:35:56.974 E/AppOps  ( 3093): attributionTag  not declared in manifest of com.zhiliaoapp.musically
08-01 00:36:01.334 E/AppOps  ( 3093): attributionTag  not declared in manifest of com.zhiliaoapp.musically
08-01 00:36:01.334 E/AppOps  ( 3093): attributionTag  not declared in manifest of com.zhiliaoapp.musically
08-01 00:36:01.348 E/AppOps  ( 3093): attributionTag  not declared in manifest of com.zhiliaoapp.musically
08-01 00:36:01.348 E/AppOps  ( 3093): attributionTag  not declared in manifest of com.zhiliaoapp.musically
08-01 00:36:02.122 E/AppOps  ( 3093): attributionTag  not declared in manifest of com.zhiliaoapp.musically
08-01 00:36:02.122 E/AppOps  ( 3093): attributionTag  not declared in manifest of com.zhiliaoapp.musically
08-01 00:36:02.126 E/AppOps  ( 3093): attributionTag  not declared in manifest of com.zhiliaoapp.musically
08-01 00:36:02.127 E/AppOps  ( 3093): attributionTag  not declared in manifest of com.zhiliaoapp.musically
08-01 00:36:08.008 E/Watchdog( 3093): !@Sync: 1449 heap(MB): 196 / 203 FD: 1501 Threads: 581 [2026-08-01 00:36:08.008]
08-01 00:36:20.743 E/AppOps  ( 3093): attributionTag  not declared in manifest of com.zhiliaoapp.musically
08-01 00:36:20.743 E/AppOps  ( 3093): attributionTag  not declared in manifest of com.zhiliaoapp.musically
08-01 00:36:20.866 E/WindowManager( 3093): win=Window{5f33061 u0 BackPanelController} destroySurfaces: appStopped=true cleanupOnResume=false win.mWindowRemovalAllowed=false win.mRemoveOnExit=false win.mViewVisibility=8 caller=com.android.server.wm.WindowManagerService.tryStartExitingAnimation:128 com.android.server.wm.WindowManagerService.relayoutWindow:1121 com.android.server.wm.Session.relayout:30 android.view.IWindowSession$Stub.onTransact:840 com.android.server.wm.Session.onTransact:1 android.os.Binder.execTransactInternal:1514 android.os.Binder.execTransact:1454 
08-01 00:36:20.875 E/AppOps  ( 3093): attributionTag  not declared in manifest of com.zhiliaoapp.musically
08-01 00:36:20.878 E/AppOps  ( 3093): attributionTag  not declared in manifest of com.zhiliaoapp.musically
08-01 00:36:29.221 E/AppOps  ( 3093): attributionTag  not declared in manifest of com.zhiliaoapp.musically
08-01 00:36:29.221 E/AppOps  ( 3093): attributionTag  not declared in manifest of com.zhiliaoapp.musically
08-01 00:36:32.051 E/WindowManager( 3093): win=Window{938771a u0 com.zhiliaoapp.musically/com.ss.android.ugc.aweme.main.MainActivity} destroySurfaces: appStopped=true cleanupOnResume=false win.mWindowRemovalAllowed=false win.mRemoveOnExit=false win.mViewVisibility=8 caller=com.android.server.wm.ActivityRecord.destroySurfaces:24 com.android.server.wm.ActivityRecord.activityStopped:209 com.android.server.wm.ActivityClientController.activityStopped:102 android.app.IActivityClientController$Stub.onTransact:829 com.android.server.wm.ActivityClientController.onTransact:1 android.os.Binder.execTransactInternal:1514 android.os.Binder.execTransact:1454 
08-01 00:36:34.262 E/WindowManager( 3093): win=Window{5f33061 u0 BackPanelController} destroySurfaces: appStopped=true cleanupOnResume=false win.mWindowRemovalAllowed=false win.mRemoveOnExit=false win.mViewVisibility=8 caller=com.android.server.wm.WindowManagerService.tryStartExitingAnimation:128 com.android.server.wm.WindowManagerService.relayoutWindow:1121 com.android.server.wm.Session.relayout:30 android.view.IWindowSession$Stub.onTransact:840 com.android.server.wm.Session.onTransact:1 android.os.Binder.execTransactInternal:1514 android.os.Binder.execTransact:1454 
08-01 00:36:34.753 E/AppOps  ( 3093): attributionTag  not declared in manifest of com.zhiliaoapp.musically
08-01 00:36:34.753 E/AppOps  ( 3093): attributionTag  not declared in manifest of com.zhiliaoapp.musically
08-01 00:36:35.098 E/AppOps  ( 3093): attributionTag  not declared in manifest of com.zhiliaoapp.musically
08-01 00:36:35.099 E/AppOps  ( 3093): attributionTag  not declared in manifest of com.zhiliaoapp.musically
08-01 00:36:35.117 E/AppOps  ( 3093): attributionTag  not declared in manifest of com.zhiliaoapp.musically
08-01 00:36:35.119 E/AppOps  ( 3093): attributionTag  not declared in manifest of com.zhiliaoapp.musically
08-01 00:36:35.155 E/TaskPersister( 3093): File error accessing recents directory (directory doesn't exist?).
08-01 00:36:35.157 E/TaskPersister( 3093): File error accessing recents directory (directory doesn't exist?).
08-01 00:36:35.157 E/TaskPersister( 3093): File error accessing recents directory (directory doesn't exist?).
08-01 00:36:35.157 E/TaskPersister( 3093): File error accessing recents directory (directory doesn't exist?).
08-01 00:36:36.821 E/AppOps  ( 3093): attributionTag  not declared in manifest of com.zhiliaoapp.musically
08-01 00:36:36.821 E/AppOps  ( 3093): attributionTag  not declared in manifest of com.zhiliaoapp.musically
08-01 00:36:36.826 E/AppOps  ( 3093): attributionTag  not declared in manifest of com.zhiliaoapp.musically
08-01 00:36:36.826 E/AppOps  ( 3093): attributionTag  not declared in manifest of com.zhiliaoapp.musically
08-01 00:36:37.862 E/AppOps  ( 3093): attributionTag  not declared in manifest of com.zhiliaoapp.musically
08-01 00:36:37.865 E/AppOps  ( 3093): attributionTag  not declared in manifest of com.zhiliaoapp.musically
08-01 00:36:37.870 E/AppOps  ( 3093): attributionTag  not declared in manifest of com.zhiliaoapp.musically
08-01 00:36:37.870 E/AppOps  ( 3093): attributionTag  not declared in manifest of com.zhiliaoapp.musically
08-01 00:36:38.016 E/Watchdog( 3093): !@Sync: 1450 heap(MB): 183 / 203 FD: 1501 Threads: 581 [2026-08-01 00:36:38.016]
08-01 00:36:44.451 E/BluetoothPowerStatsCollector( 3093): Cannot acquire BluetoothActivityEnergyInfo
08-01 00:36:44.451 E/BluetoothPowerStatsCollector( 3093): java.util.concurrent.ExecutionException: java.lang.RuntimeException: error: 9
08-01 00:36:44.451 E/BluetoothPowerStatsCollector( 3093): 	at java.util.concurrent.CompletableFuture.reportGet(CompletableFuture.java:372)
08-01 00:36:44.451 E/BluetoothPowerStatsCollector( 3093): 	at java.util.concurrent.CompletableFuture.get(CompletableFuture.java:2072)
08-01 00:36:44.451 E/BluetoothPowerStatsCollector( 3093): 	at com.android.server.power.stats.BluetoothPowerStatsCollector.collectStats(qb/111684928 8a2772898477f7cc112f6ac514b611258fb1e5c3f2206b0d202f25701684a852:209)
08-01 00:36:44.451 E/BluetoothPowerStatsCollector( 3093): 	at com.android.server.power.stats.PowerStatsCollector$$ExternalSyntheticLambda0.run(qb/111684928 8a2772898477f7cc112f6ac514b611258fb1e5c3f2206b0d202f25701684a852:12)
08-01 00:36:44.451 E/BluetoothPowerStatsCollector( 3093): 	at android.os.Handler.handleCallback(Handler.java:1070)
08-01 00:36:44.451 E/BluetoothPowerStatsCollector( 3093): 	at android.os.Handler.dispatchMessage(Handler.java:125)
08-01 00:36:44.451 E/BluetoothPowerStatsCollector( 3093): 	at android.os.Looper.dispatchMessage(Looper.java:358)
08-01 00:36:44.451 E/BluetoothPowerStatsCollector( 3093): 	at android.os.Looper.loopOnce(Looper.java:288)
08-01 00:36:44.451 E/BluetoothPowerStatsCollector( 3093): 	at android.os.Looper.loop(Looper.java:392)
08-01 00:36:44.451 E/BluetoothPowerStatsCollector( 3093): 	at android.os.HandlerThread.run(HandlerThread.java:139)
08-01 00:36:44.451 E/BluetoothPowerStatsCollector( 3093): Caused by: java.lang.RuntimeException: error: 9
08-01 00:36:44.451 E/BluetoothPowerStatsCollector( 3093): 	at com.android.server.power.stats.BluetoothPowerStatsCollector$1.onBluetoothActivityEnergyInfoError(qb/111684928 8a2772898477f7cc112f6ac514b611258fb1e5c3f2206b0d202f25701684a852:12)
08-01 00:36:44.451 E/BluetoothPowerStatsCollector( 3093): 	at android.bluetooth.BluetoothAdapter.lambda$requestControllerActivityEnergyInfo$32(BluetoothAdapter.java:3799)
08-01 00:36:44.451 E/BluetoothPowerStatsCollector( 3093): 	at android.bluetooth.BluetoothAdapter$$ExternalSyntheticLambda30.run(D8$$SyntheticClass:0)
08-01 00:36:44.451 E/BluetoothPowerStatsCollector( 3093): 	at com.android.server.SystemServerInitThreadPool$$ExternalSyntheticLambda0.execute(qb/111684928 8a2772898477f7cc112f6ac514b611258fb1e5c3f2206b0d202f25701684a852:1)
08-01 00:36:44.451 E/BluetoothPowerStatsCollector( 3093): 	at android.bluetooth.BluetoothAdapter.requestControllerActivityEnergyInfo(BluetoothAdapter.java:3797)
08-01 00:36:44.451 E/BluetoothPowerStatsCollector( 3093): 	at com.android.server.power.stats.BluetoothPowerStatsCollector.collectStats(qb/111684928 8a2772898477f7cc112f6ac514b611258fb1e5c3f2206b0d202f25701684a852:202)
08-01 00:36:44.451 E/BluetoothPowerStatsCollector( 3093): 	... 7 more
08-01 00:37:08.041 E/Watchdog( 3093): !@Sync: 1451 heap(MB): 198 / 203 FD: 1515 Threads: 581 [2026-08-01 00:37:08.041]
08-01 00:37:11.587 E/AppOps  ( 3093): Bad call made by uid 1001. Package "com.android.phone" does not belong to uid 10096.
08-01 00:37:11.587 E/AppOps  ( 3093): Cannot noteOperation
08-01 00:37:11.587 E/AppOps  ( 3093): java.lang.SecurityException: Specified package "com.android.phone" under uid 10096 but it is not
08-01 00:37:11.587 E/AppOps  ( 3093): 	at com.android.server.appop.AppOpsService.verifyAndGetBypass(qb/111684928 8a2772898477f7cc112f6ac514b611258fb1e5c3f2206b0d202f25701684a852:63)
08-01 00:37:11.587 E/AppOps  ( 3093): 	at com.android.server.appop.AppOpsService.noteOperationUnchecked(qb/111684928 8a2772898477f7cc112f6ac514b611258fb1e5c3f2206b0d202f25701684a852:68)
08-01 00:37:11.587 E/AppOps  ( 3093): 	at com.android.server.appop.AppOpsService.-$$Nest$mnoteOperationImpl(qb/111684928 8a2772898477f7cc112f6ac514b611258fb1e5c3f2206b0d202f25701684a852:89)
08-01 00:37:11.587 E/AppOps  ( 3093): 	at com.android.server.appop.AppOpsService$CheckOpsDelegateDispatcher$$ExternalSyntheticLambda4.apply(qb/111684928 8a2772898477f7cc112f6ac514b611258fb1e5c3f2206b0d202f25701684a852:65)
08-01 00:37:11.587 E/AppOps  ( 3093): 	at com.android.server.policy.AppOpsPolicy.noteOperation(qb/111684928 8a2772898477f7cc112f6ac514b611258fb1e5c3f2206b0d202f25701684a852:35)
08-01 00:37:11.587 E/AppOps  ( 3093): 	at com.android.server.appop.AppOpsService$CheckOpsDelegateDispatcher.noteOperation(qb/111684928 8a2772898477f7cc112f6ac514b611258fb1e5c3f2206b0d202f25701684a852:66)
08-01 00:37:11.587 E/AppOps  ( 3093): 	at com.android.server.appop.AppOpsService.noteOperation(qb/111684928 8a2772898477f7cc112f6ac514b611258fb1e5c3f2206b0d202f25701684a852:20)
08-01 00:37:11.587 E/AppOps  ( 3093): 	at com.android.internal.app.IAppOpsService$Stub.onTransact(IAppOpsService.java:592)
08-01 00:37:11.587 E/AppOps  ( 3093): 	at android.os.Binder.execTransactInternal(Binder.java:1514)
08-01 00:37:11.587 E/AppOps  ( 3093): 	at android.os.Binder.execTransact(Binder.java:1454)
08-01 00:37:12.587 E/AppOps  ( 3093): Bad call made by uid 1001. Package "com.android.phone" does not belong to uid 10096.
08-01 00:37:12.587 E/AppOps  ( 3093): Cannot noteOperation
08-01 00:37:12.587 E/AppOps  ( 3093): java.lang.SecurityException: Specified package "com.android.phone" under uid 10096 but it is not
08-01 00:37:12.587 E/AppOps  ( 3093): 	at com.android.server.appop.AppOpsService.verifyAndGetBypass(qb/111684928 8a2772898477f7cc112f6ac514b611258fb1e5c3f2206b0d202f25701684a852:63)
08-01 00:37:12.587 E/AppOps  ( 3093): 	at com.android.server.appop.AppOpsService.noteOperationUnchecked(qb/111684928 8a2772898477f7cc112f6ac514b611258fb1e5c3f2206b0d202f25701684a852:68)
08-01 00:37:12.587 E/AppOps  ( 3093): 	at com.android.server.appop.AppOpsService.-$$Nest$mnoteOperationImpl(qb/111684928 8a2772898477f7cc112f6ac514b611258fb1e5c3f2206b0d202f25701684a852:89)
08-01 00:37:12.587 E/AppOps  ( 3093): 	at com.android.server.appop.AppOpsService$CheckOpsDelegateDispatcher$$ExternalSyntheticLambda4.apply(qb/111684928 8a2772898477f7cc112f6ac514b611258fb1e5c3f2206b0d202f25701684a852:65)
08-01 00:37:12.587 E/AppOps  ( 3093): 	at com.android.server.policy.AppOpsPolicy.noteOperation(qb/111684928 8a2772898477f7cc112f6ac514b611258fb1e5c3f2206b0d202f25701684a852:35)
08-01 00:37:12.587 E/AppOps  ( 3093): 	at com.android.server.appop.AppOpsService$CheckOpsDelegateDispatcher.noteOperation(qb/111684928 8a2772898477f7cc112f6ac514b611258fb1e5c3f2206b0d202f25701684a852:66)
08-01 00:37:12.587 E/AppOps  ( 3093): 	at com.android.server.appop.AppOpsService.noteOperationsInBatch(qb/111684928 8a2772898477f7cc112f6ac514b611258fb1e5c3f2206b0d202f25701684a852:71)
08-01 00:37:12.587 E/AppOps  ( 3093): 	at com.android.internal.app.IAppOpsService$Stub.onTransact(IAppOpsService.java:1429)
08-01 00:37:12.587 E/AppOps  ( 3093): 	at android.os.Binder.execTransactInternal(Binder.java:1514)
08-01 00:37:12.587 E/AppOps  ( 3093): 	at android.os.Binder.execTransact(Binder.java:1454)
08-01 00:37:13.318 E/AppOps  ( 3093): Bad call made by uid 1001. Package "com.android.phone" does not belong to uid 10096.
08-01 00:37:13.318 E/AppOps  ( 3093): Cannot noteOperation
08-01 00:37:13.318 E/AppOps  ( 3093): java.lang.SecurityException: Specified package "com.android.phone" under uid 10096 but it is not
08-01 00:37:13.318 E/AppOps  ( 3093): 	at com.android.server.appop.AppOpsService.verifyAndGetBypass(qb/111684928 8a2772898477f7cc112f6ac514b611258fb1e5c3f2206b0d202f25701684a852:63)
08-01 00:37:13.318 E/AppOps  ( 3093): 	at com.android.server.appop.AppOpsService.noteOperationUnchecked(qb/111684928 8a2772898477f7cc112f6ac514b611258fb1e5c3f2206b0d202f25701684a852:68)
08-01 00:37:13.318 E/AppOps  ( 3093): 	at com.android.server.appop.AppOpsService.-$$Nest$mnoteOperationImpl(qb/111684928 8a2772898477f7cc112f6ac514b611258fb1e5c3f2206b0d202f25701684a852:89)
08-01 00:37:13.318 E/AppOps  ( 3093): 	at com.android.server.appop.AppOpsService$CheckOpsDelegateDispatcher$$ExternalSyntheticLambda4.apply(qb/111684928 8a2772898477f7cc112f6ac514b611258fb1e5c3f2206b0d202f25701684a852:65)
08-01 00:37:13.318 E/AppOps  ( 3093): 	at com.android.server.policy.AppOpsPolicy.noteOperation(qb/111684928 8a2772898477f7cc112f6ac514b611258fb1e5c3f2206b0d202f25701684a852:35)
08-01 00:37:13.318 E/AppOps  ( 3093): 	at com.android.server.appop.AppOpsService$CheckOpsDelegateDispatcher.noteOperation(qb/111684928 8a2772898477f7cc112f6ac514b611258fb1e5c3f2206b0d202f25701684a852:66)
08-01 00:37:13.318 E/AppOps  ( 3093): 	at com.android.server.appop.AppOpsService.noteOperation(qb/111684928 8a2772898477f7cc112f6ac514b611258fb1e5c3f2206b0d202f25701684a852:20)
08-01 00:37:13.318 E/AppOps  ( 3093): 	at com.android.internal.app.IAppOpsService$Stub.onTransact(IAppOpsService.java:592)
08-01 00:37:13.318 E/AppOps  ( 3093): 	at android.os.Binder.execTransactInternal(Binder.java:1514)
08-01 00:37:13.318 E/AppOps  ( 3093): 	at android.os.Binder.execTransact(Binder.java:1454)
08-01 00:37:13.672 E/AppOps  ( 3093): attributionTag  not declared in manifest of com.zhiliaoapp.musically
08-01 00:37:13.673 E/AppOps  ( 3093): attributionTag  not declared in manifest of com.zhiliaoapp.musically
08-01 00:37:13.674 E/AppOps  ( 3093): attributionTag  not declared in manifest of com.zhiliaoapp.musically
08-01 00:37:13.674 E/AppOps  ( 3093): attributionTag  not declared in manifest of com.zhiliaoapp.musically
08-01 00:37:13.678 E/AppOps  ( 3093): attributionTag  not declared in manifest of com.zhiliaoapp.musically
08-01 00:37:13.678 E/AppOps  ( 3093): attributionTag  not declared in manifest of com.zhiliaoapp.musically
08-01 00:37:15.506 E/AppOps  ( 3093): attributionTag  not declared in manifest of com.zhiliaoapp.musically
08-01 00:37:15.506 E/AppOps  ( 3093): attributionTag  not declared in manifest of com.zhiliaoapp.musically
08-01 00:37:15.596 E/WindowManager( 3093): win=Window{5f33061 u0 BackPanelController} destroySurfaces: appStopped=true cleanupOnResume=false win.mWindowRemovalAllowed=false win.mRemoveOnExit=false win.mViewVisibility=8 caller=com.android.server.wm.WindowManagerService.tryStartExitingAnimation:128 com.android.server.wm.WindowManagerService.relayoutWindow:1121 com.android.server.wm.Session.relayout:30 android.view.IWindowSession$Stub.onTransact:840 com.android.server.wm.Session.onTransact:1 android.os.Binder.execTransactInternal:1514 android.os.Binder.execTransact:1454 
08-01 00:37:15.979 E/WindowManager( 3093): win=Window{5f33061 u0 BackPanelController} destroySurfaces: appStopped=true cleanupOnResume=false win.mWindowRemovalAllowed=false win.mRemoveOnExit=false win.mViewVisibility=8 caller=com.android.server.wm.WindowManagerService.tryStartExitingAnimation:128 com.android.server.wm.WindowManagerService.relayoutWindow:1121 com.android.server.wm.Session.relayout:30 android.view.IWindowSession$Stub.onTransact:840 com.android.server.wm.Session.onTransact:1 android.os.Binder.execTransactInternal:1514 android.os.Binder.execTransact:1454 
08-01 00:37:17.161 E/TaskPersister( 3093): File error accessing recents directory (directory doesn't exist?).
08-01 00:37:17.162 E/TaskPersister( 3093): File error accessing recents directory (directory doesn't exist?).
08-01 00:37:17.162 E/TaskPersister( 3093): File error accessing recents directory (directory doesn't exist?).
08-01 00:37:17.162 E/TaskPersister( 3093): File error accessing recents directory (directory doesn't exist?).
08-01 00:37:17.534 E/SyncManager( 3093): SYNC_OP_STATE_INVALID: disallowed by settings/network
08-01 00:37:17.658 E/AppOps  ( 3093): attributionTag  not declared in manifest of com.zhiliaoapp.musically
08-01 00:37:17.659 E/AppOps  ( 3093): attributionTag  not declared in manifest of com.zhiliaoapp.musically
08-01 00:37:17.667 E/LoadedApk(12204): Unable to instantiate appComponentFactory
08-01 00:37:17.667 E/LoadedApk(12204): java.lang.ClassNotFoundException: Didn't find class "androidx.core.app.CoreComponentFactory" on path: DexPathList[[zip file "/data/app/~~7AHQ44HYEWDfTx2hZcfRQQ==/flux.light.runner-bX23wNUNZ_wDr2081dTt_g==/base.apk"],nativeLibraryDirectories=[/data/app/~~7AHQ44HYEWDfTx2hZcfRQQ==/flux.light.runner-bX23wNUNZ_wDr2081dTt_g==/lib/arm64, /data/app/~~7AHQ44HYEWDfTx2hZcfRQQ==/flux.light.runner-bX23wNUNZ_wDr2081dTt_g==/base.apk!/lib/arm64-v8a, /system/lib64, /system_ext/lib64]]
08-01 00:37:17.667 E/LoadedApk(12204): 	at dalvik.system.BaseDexClassLoader.findClass(BaseDexClassLoader.java:259)
08-01 00:37:17.667 E/LoadedApk(12204): 	at java.lang.ClassLoader.loadClass(ClassLoader.java:644)
08-01 00:37:17.667 E/LoadedApk(12204): 	at java.lang.ClassLoader.loadClass(ClassLoader.java:580)
08-01 00:37:17.667 E/LoadedApk(12204): 	at android.app.LoadedApk.createAppFactory(LoadedApk.java:317)
08-01 00:37:17.667 E/LoadedApk(12204): 	at android.app.LoadedApk.createOrUpdateClassLoaderLocked(LoadedApk.java:1102)
08-01 00:37:17.667 E/LoadedApk(12204): 	at android.app.LoadedApk.getClassLoader(LoadedApk.java:1198)
08-01 00:37:17.667 E/LoadedApk(12204): 	at android.app.LoadedApk.getResourcesInner(LoadedApk.java:1578)
08-01 00:37:17.667 E/LoadedApk(12204): 	at android.app.LoadedApk.getResources(LoadedApk.java:1556)
08-01 00:37:17.667 E/LoadedApk(12204): 	at android.app.ContextImpl.createAppContext(ContextImpl.java:3770)
08-01 00:37:17.667 E/LoadedApk(12204): 	at android.app.ContextImpl.createAppContext(ContextImpl.java:3760)
08-01 00:37:17.667 E/LoadedApk(12204): 	at android.app.ActivityThread.handleBindApplication(ActivityThread.java:8957)
08-01 00:37:17.667 E/LoadedApk(12204): 	at android.app.ActivityThread.-$$Nest$mhandleBindApplication(ActivityThread.java:0)
08-01 00:37:17.667 E/LoadedApk(12204): 	at android.app.ActivityThread$H.handleMessage(ActivityThread.java:3016)
08-01 00:37:17.667 E/LoadedApk(12204): 	at android.os.Handler.dispatchMessage(Handler.java:132)
08-01 00:37:17.667 E/LoadedApk(12204): 	at android.os.Looper.dispatchMessage(Looper.java:358)
08-01 00:37:17.667 E/LoadedApk(12204): 	at android.os.Looper.loopOnce(Looper.java:288)
08-01 00:37:17.667 E/LoadedApk(12204): 	at android.os.Looper.loop(Looper.java:392)
08-01 00:37:17.667 E/LoadedApk(12204): 	at android.app.ActivityThread.main(ActivityThread.java:10346)
08-01 00:37:17.667 E/LoadedApk(12204): 	at java.lang.reflect.Method.invoke(Native Method)
08-01 00:37:17.667 E/LoadedApk(12204): 	at com.android.internal.os.RuntimeInit$MethodAndArgsCaller.run(RuntimeInit.java:638)
08-01 00:37:17.667 E/LoadedApk(12204): 	at com.android.internal.os.ZygoteInit.main(ZygoteInit.java:972)
08-01 00:37:17.780 E/AppOps  ( 3093): attributionTag  not declared in manifest of com.zhiliaoapp.musically
08-01 00:37:17.781 E/AppOps  ( 3093): attributionTag  not declared in manifest of com.zhiliaoapp.musically
08-01 00:37:17.831 E/ActivityThread(12183): Failed to find provider info for com.sec.android.log.diagmonagent
08-01 00:37:19.484 E/LoadedApk( 5290): Exception : java.lang.NullPointerException: Attempt to invoke virtual method 'boolean android.os.Looper.isPerfLogEnable()' on a null object reference
08-01 00:37:19.485 E/LoadedApk( 5290): Exception : java.lang.NullPointerException: Attempt to invoke virtual method 'boolean android.os.Looper.isPerfLogEnable()' on a null object reference
08-01 00:37:19.897 E/TransitionChain( 3093): Can't collect into a chain with no transition
08-01 00:37:19.897 E/TransitionChain( 3093): Can't collect into a chain with no transition
08-01 00:37:20.722 E/LoadedApk( 5290): Exception : java.lang.NullPointerException: Attempt to invoke virtual method 'boolean android.os.Looper.isPerfLogEnable()' on a null object reference
08-01 00:37:20.722 E/LoadedApk( 5290): Exception : java.lang.NullPointerException: Attempt to invoke virtual method 'boolean android.os.Looper.isPerfLogEnable()' on a null object reference
08-01 00:37:20.722 E/LoadedApk( 4786): Exception : java.lang.NullPointerException: Attempt to invoke virtual method 'boolean android.os.Looper.isPerfLogEnable()' on a null object reference
08-01 00:37:20.735 E/LoadedApk( 5290): Exception : java.lang.NullPointerException: Attempt to invoke virtual method 'boolean android.os.Looper.isPerfLogEnable()' on a null object reference
08-01 00:37:20.735 E/LoadedApk( 5290): Exception : java.lang.NullPointerException: Attempt to invoke virtual method 'boolean android.os.Looper.isPerfLogEnable()' on a null object reference
08-01 00:37:20.736 E/LoadedApk( 4786): Exception : java.lang.NullPointerException: Attempt to invoke virtual method 'boolean android.os.Looper.isPerfLogEnable()' on a null object reference
08-01 00:37:23.028 E/LoadedApk( 4786): Exception : java.lang.NullPointerException: Attempt to invoke virtual method 'boolean android.os.Looper.isPerfLogEnable()' on a null object reference
08-01 00:37:23.039 E/LoadedApk( 5290): Exception : java.lang.NullPointerException: Attempt to invoke virtual method 'boolean android.os.Looper.isPerfLogEnable()' on a null object reference
08-01 00:37:23.042 E/LoadedApk( 5290): Exception : java.lang.NullPointerException: Attempt to invoke virtual method 'boolean android.os.Looper.isPerfLogEnable()' on a null object reference
08-01 00:37:26.771 E/WindowManager( 3093): win=Window{5f33061 u0 BackPanelController} destroySurfaces: appStopped=true cleanupOnResume=false win.mWindowRemovalAllowed=false win.mRemoveOnExit=false win.mViewVisibility=8 caller=com.android.server.wm.WindowManagerService.tryStartExitingAnimation:128 com.android.server.wm.WindowManagerService.relayoutWindow:1121 com.android.server.wm.Session.relayout:30 android.view.IWindowSession$Stub.onTransact:840 com.android.server.wm.Session.onTransact:1 android.os.Binder.execTransactInternal:1514 android.os.Binder.execTransact:1454 
08-01 00:37:31.478 E/AppOps  ( 3093): Bad call made by uid 1001. Package "com.android.phone" does not belong to uid 10096.
08-01 00:37:31.478 E/AppOps  ( 3093): Cannot noteOperation
08-01 00:37:31.478 E/AppOps  ( 3093): java.lang.SecurityException: Specified package "com.android.phone" under uid 10096 but it is not
08-01 00:37:31.478 E/AppOps  ( 3093): 	at com.android.server.appop.AppOpsService.verifyAndGetBypass(qb/111684928 8a2772898477f7cc112f6ac514b611258fb1e5c3f2206b0d202f25701684a852:63)
08-01 00:37:31.478 E/AppOps  ( 3093): 	at com.android.server.appop.AppOpsService.noteOperationUnchecked(qb/111684928 8a2772898477f7cc112f6ac514b611258fb1e5c3f2206b0d202f25701684a852:68)
08-01 00:37:31.478 E/AppOps  ( 3093): 	at com.android.server.appop.AppOpsService.-$$Nest$mnoteOperationImpl(qb/111684928 8a2772898477f7cc112f6ac514b611258fb1e5c3f2206b0d202f25701684a852:89)
08-01 00:37:31.478 E/AppOps  ( 3093): 	at com.android.server.appop.AppOpsService$CheckOpsDelegateDispatcher$$ExternalSyntheticLambda4.apply(qb/111684928 8a2772898477f7cc112f6ac514b611258fb1e5c3f2206b0d202f25701684a852:65)
08-01 00:37:31.478 E/AppOps  ( 3093): 	at com.android.server.policy.AppOpsPolicy.noteOperation(qb/111684928 8a2772898477f7cc112f6ac514b611258fb1e5c3f2206b0d202f25701684a852:35)
08-01 00:37:31.478 E/AppOps  ( 3093): 	at com.android.server.appop.AppOpsService$CheckOpsDelegateDispatcher.noteOperation(qb/111684928 8a2772898477f7cc112f6ac514b611258fb1e5c3f2206b0d202f25701684a852:66)
08-01 00:37:31.478 E/AppOps  ( 3093): 	at com.android.server.appop.AppOpsService.noteOperation(qb/111684928 8a2772898477f7cc112f6ac514b611258fb1e5c3f2206b0d202f25701684a852:20)
08-01 00:37:31.478 E/AppOps  ( 3093): 	at com.android.internal.app.IAppOpsService$Stub.onTransact(IAppOpsService.java:592)
08-01 00:37:31.478 E/AppOps  ( 3093): 	at android.os.Binder.execTransactInternal(Binder.java:1514)
08-01 00:37:31.478 E/AppOps  ( 3093): 	at android.os.Binder.execTransact(Binder.java:1454)
08-01 00:37:32.482 E/AppOps  ( 3093): Bad call made by uid 1001. Package "com.android.phone" does not belong to uid 10096.
08-01 00:37:32.482 E/AppOps  ( 3093): Cannot noteOperation
08-01 00:37:32.482 E/AppOps  ( 3093): java.lang.SecurityException: Specified package "com.android.phone" under uid 10096 but it is not
08-01 00:37:32.482 E/AppOps  ( 3093): 	at com.android.server.appop.AppOpsService.verifyAndGetBypass(qb/111684928 8a2772898477f7cc112f6ac514b611258fb1e5c3f2206b0d202f25701684a852:63)
08-01 00:37:32.482 E/AppOps  ( 3093): 	at com.android.server.appop.AppOpsService.noteOperationUnchecked(qb/111684928 8a2772898477f7cc112f6ac514b611258fb1e5c3f2206b0d202f25701684a852:68)
08-01 00:37:32.482 E/AppOps  ( 3093): 	at com.android.server.appop.AppOpsService.-$$Nest$mnoteOperationImpl(qb/111684928 8a2772898477f7cc112f6ac514b611258fb1e5c3f2206b0d202f25701684a852:89)
08-01 00:37:32.482 E/AppOps  ( 3093): 	at com.android.server.appop.AppOpsService$CheckOpsDelegateDispatcher$$ExternalSyntheticLambda4.apply(qb/111684928 8a2772898477f7cc112f6ac514b611258fb1e5c3f2206b0d202f25701684a852:65)
08-01 00:37:32.482 E/AppOps  ( 3093): 	at com.android.server.policy.AppOpsPolicy.noteOperation(qb/111684928 8a2772898477f7cc112f6ac514b611258fb1e5c3f2206b0d202f25701684a852:35)
08-01 00:37:32.482 E/AppOps  ( 3093): 	at com.android.server.appop.AppOpsService$CheckOpsDelegateDispatcher.noteOperation(qb/111684928 8a2772898477f7cc112f6ac514b611258fb1e5c3f2206b0d202f25701684a852:66)
08-01 00:37:32.482 E/AppOps  ( 3093): 	at com.android.server.appop.AppOpsService.noteOperationsInBatch(qb/111684928 8a2772898477f7cc112f6ac514b611258fb1e5c3f2206b0d202f25701684a852:71)
08-01 00:37:32.482 E/AppOps  ( 3093): 	at com.android.internal.app.IAppOpsService$Stub.onTransact(IAppOpsService.java:1429)
08-01 00:37:32.482 E/AppOps  ( 3093): 	at android.os.Binder.execTransactInternal(Binder.java:1514)
08-01 00:37:32.482 E/AppOps  ( 3093): 	at android.os.Binder.execTransact(Binder.java:1454)
08-01 00:37:33.042 E/ActivityThread(14460): Failed to find provider info for com.transsion.tpush.tpms.PushContentProvider
08-01 00:37:33.098 E/LoadedApk( 4786): Exception : java.lang.NullPointerException: Attempt to invoke virtual method 'boolean android.os.Looper.isPerfLogEnable()' on a null object reference
08-01 00:37:33.099 E/LoadedApk( 5290): Exception : java.lang.NullPointerException: Attempt to invoke virtual method 'boolean android.os.Looper.isPerfLogEnable()' on a null object reference
08-01 00:37:33.100 E/LoadedApk( 5290): Exception : java.lang.NullPointerException: Attempt to invoke virtual method 'boolean android.os.Looper.isPerfLogEnable()' on a null object reference
08-01 00:37:35.768 E/LoadedApk( 5290): Exception : java.lang.NullPointerException: Attempt to invoke virtual method 'boolean android.os.Looper.isPerfLogEnable()' on a null object reference
08-01 00:37:35.768 E/LoadedApk( 5290): Exception : java.lang.NullPointerException: Attempt to invoke virtual method 'boolean android.os.Looper.isPerfLogEnable()' on a null object reference
08-01 00:37:36.288 E/AppOps  ( 3093): Operation not started: uid=10109 pkg=com.samsung.android.rubin.app(null) op=ACTIVITY_RECOGNITION
08-01 00:37:37.440 E/WindowManager( 3093): win=Window{36d3d2e u0 InputMethod} destroySurfaces: appStopped=true cleanupOnResume=false win.mWindowRemovalAllowed=false win.mRemoveOnExit=false win.mViewVisibility=8 caller=com.android.server.wm.WindowManagerService.tryStartExitingAnimation:128 com.android.server.wm.WindowManagerService.relayoutWindow:1121 com.android.server.wm.Session.relayout:30 android.view.IWindowSession$Stub.onTransact:840 com.android.server.wm.Session.onTransact:1 android.os.Binder.execTransactInternal:1509 android.os.Binder.execTransact:1454 
08-01 00:37:37.451 E/VibratorInfo(15000): Invalid frequency profile received from HAL. resonantFrequencyHz=NaN, frequenciesHz=null, outputAccelerationsGs=null
08-01 00:37:37.649 E/LoadedApk( 4786): Exception : java.lang.NullPointerException: Attempt to invoke virtual method 'boolean android.os.Looper.isPerfLogEnable()' on a null object reference
08-01 00:37:37.650 E/LoadedApk( 5290): Exception : java.lang.NullPointerException: Attempt to invoke virtual method 'boolean android.os.Looper.isPerfLogEnable()' on a null object reference
08-01 00:37:37.651 E/LoadedApk( 5290): Exception : java.lang.NullPointerException: Attempt to invoke virtual method 'boolean android.os.Looper.isPerfLogEnable()' on a null object reference
08-01 00:37:38.010 E/WindowManager( 3093): win=Window{1634bb1 u0 com.sec.android.app.launcher/com.samsung.app.honeyspace.edge.edgepanel.app.CocktailBarService} destroySurfaces: appStopped=true cleanupOnResume=false win.mWindowRemovalAllowed=false win.mRemoveOnExit=false win.mViewVisibility=8 caller=com.android.server.wm.WindowManagerService.tryStartExitingAnimation:128 com.android.server.wm.WindowManagerService.relayoutWindow:1121 com.android.server.wm.Session.relayout:30 android.view.IWindowSession$Stub.onTransact:840 com.android.server.wm.Session.onTransact:1 android.os.Binder.execTransactInternal:1514 android.os.Binder.execTransact:1454 
08-01 00:37:38.051 E/Watchdog( 3093): !@Sync: 1452 heap(MB): 202 / 203 FD: 1503 Threads: 582 [2026-08-01 00:37:38.051]
08-01 00:37:38.568 E/ActivityManager( 3093): Unexpected non-cached process may get frozen soon:  name: com.google.android.webview:js_sandboxed_process0:org.chromium.android_webview.js_sandbox.service.JsSandboxService0 curAdj: 100 oldOomAdj: 905 curRawAdj: 100 maxAdj: 1001 adjType: service adjTarget: ComponentInfo{com.anthropic.claude/org.chromium.android_webview.js_sandbox.service.JsSandboxService0} adjSource: ProcessRecord{8178c37 446:com.anthropic.claude/u0a629} adjSourcePrcState: 19 serviceB: false curProcState: 19 curRawProcState: 19 curSchedGroup: 0
08-01 00:37:38.568 E/ActivityManager( 3093): android.util.Log$TerribleFailure: Unexpected non-cached process may get frozen soon:  name: com.google.android.webview:js_sandboxed_process0:org.chromium.android_webview.js_sandbox.service.JsSandboxService0 curAdj: 100 oldOomAdj: 905 curRawAdj: 100 maxAdj: 1001 adjType: service adjTarget: ComponentInfo{com.anthropic.claude/org.chromium.android_webview.js_sandbox.service.JsSandboxService0} adjSource: ProcessRecord{8178c37 446:com.anthropic.claude/u0a629} adjSourcePrcState: 19 serviceB: false curProcState: 19 curRawProcState: 19 curSchedGroup: 0
08-01 00:37:38.568 E/ActivityManager( 3093): 	at android.util.Log.wtf(Log.java:466)
08-01 00:37:38.568 E/ActivityManager( 3093): 	at android.util.Slog.wtfStack(Slog.java:349)
08-01 00:37:38.568 E/ActivityManager( 3093): 	at com.android.server.am.OomAdjuster.updateAppFreezeStateLSP(qb/111684928 8a2772898477f7cc112f6ac514b611258fb1e5c3f2206b0d202f25701684a852:484)
08-01 00:37:38.568 E/ActivityManager( 3093): 	at com.android.server.am.OomAdjuster.applyOomAdjLSP(qb/111684928 8a2772898477f7cc112f6ac514b611258fb1e5c3f2206b0d202f25701684a852:1765)
08-01 00:37:38.568 E/ActivityManager( 3093): 	at com.android.server.am.OomAdjuster.postUpdateOomAdjInnerLSP(qb/111684928 8a2772898477f7cc112f6ac514b611258fb1e5c3f2206b0d202f25701684a852:257)
08-01 00:37:38.568 E/ActivityManager( 3093): 	at com.android.server.am.OomAdjusterImpl.partialUpdateLSP(qb/111684928 8a2772898477f7cc112f6ac514b611258fb1e5c3f2206b0d202f25701684a852:462)
08-01 00:37:38.568 E/ActivityManager( 3093): 	at com.android.server.am.OomAdjusterImpl.performUpdateOomAdjPendingTargetsLocked(qb/111684928 8a2772898477f7cc112f6ac514b611258fb1e5c3f2206b0d202f25701684a852:38)
08-01 00:37:38.568 E/ActivityManager( 3093): 	at com.android.server.am.OomAdjuster.updateOomAdjPendingTargetsLocked(qb/111684928 8a2772898477f7cc112f6ac514b611258fb1e5c3f2206b0d202f25701684a852:50)
08-01 00:37:38.568 E/ActivityManager( 3093): 	at com.android.server.am.ActivityManagerService.updateOomAdjPendingTargetsLocked(qb/111684928 8a2772898477f7cc112f6ac514b611258fb1e5c3f2206b0d202f25701684a852:19)
08-01 00:37:38.568 E/ActivityManager( 3093): 	at com.android.server.am.ActiveServices.bumpServiceExecutingLocked(qb/111684928 8a2772898477f7cc112f6ac514b611258fb1e5c3f2206b0d202f25701684a852:473)
08-01 00:37:38.568 E/ActivityManager( 3093): 	at com.android.server.am.ActiveServices.removeConnectionLocked(qb/111684928 8a2772898477f7cc112f6ac514b611258fb1e5c3f2206b0d202f25701684a852:756)
08-01 00:37:38.568 E/ActivityManager( 3093): 	at com.android.server.am.ActiveServices.killServicesLocked(qb/111684928 8a2772898477f7cc112f6ac514b611258fb1e5c3f2206b0d202f25701684a852:25)
08-01 00:37:38.568 E/ActivityManager( 3093): 	at com.android.server.am.ActivityManagerService.cleanUpApplicationRecordLocked(qb/111684928 8a2772898477f7cc112f6ac514b611258fb1e5c3f2206b0d202f25701684a852:159)
08-01 00:37:38.568 E/ActivityManager( 3093): 	at com.android.server.am.ActivityManagerService.handleAppDiedLocked(qb/111684928 8a2772898477f7cc112f6ac514b611258fb1e5c3f2206b0d202f25701684a852:189)
08-01 00:37:38.568 E/ActivityManager( 3093): 	at com.android.server.am.ActivityManagerService.appDiedLocked(qb/111684928 8a2772898477f7cc112f6ac514b611258fb1e5c3f2206b0d202f25701684a852:603)
08-01 00:37:38.568 E/ActivityManager( 3093): 	at com.android.server.am.ActivityManagerService$AppDeathRecipient.binderDied(qb/111684928 8a2772898477f7cc112f6ac514b611258fb1e5c3f2206b0d202f25701684a852:17)
08-01 00:37:38.568 E/ActivityManager( 3093): 	at android.os.IBinder$DeathRecipient.binderDied(IBinder.java:346)
08-01 00:37:38.568 E/ActivityManager( 3093): 	at android.os.BinderProxy.sendDeathNotice(BinderProxy.java:913)
08-01 00:37:39.344 E/LoadedApk( 4786): Exception : java.lang.NullPointerException: Attempt to invoke virtual method 'boolean android.os.Looper.isPerfLogEnable()' on a null object reference
08-01 00:37:39.346 E/LoadedApk( 5290): Exception : java.lang.NullPointerException: Attempt to invoke virtual method 'boolean android.os.Looper.isPerfLogEnable()' on a null object reference
08-01 00:37:39.348 E/LoadedApk( 5290): Exception : java.lang.NullPointerException: Attempt to invoke virtual method 'boolean android.os.Looper.isPerfLogEnable()' on a null object reference
08-01 00:37:39.779 E/WindowManager( 3093): win=Window{114a300 u0 NotificationShade} destroySurfaces: appStopped=true cleanupOnResume=false win.mWindowRemovalAllowed=false win.mRemoveOnExit=false win.mViewVisibility=4 caller=com.android.server.wm.WindowManagerService.tryStartExitingAnimation:128 com.android.server.wm.WindowManagerService.relayoutWindow:1121 com.android.server.wm.Session.relayout:30 android.view.IWindowSession$Stub.onTransact:840 com.android.server.wm.Session.onTransact:1 android.os.Binder.execTransactInternal:1514 android.os.Binder.execTransact:1454 
08-01 00:37:41.572 E/LoadedApk( 4786): Exception : java.lang.NullPointerException: Attempt to invoke virtual method 'boolean android.os.Looper.isPerfLogEnable()' on a null object reference
08-01 00:37:41.573 E/LoadedApk( 5290): Exception : java.lang.NullPointerException: Attempt to invoke virtual method 'boolean android.os.Looper.isPerfLogEnable()' on a null object reference
08-01 00:37:41.574 E/LoadedApk( 5290): Exception : java.lang.NullPointerException: Attempt to invoke virtual method 'boolean android.os.Looper.isPerfLogEnable()' on a null object reference
08-01 00:37:44.260 E/VibratorInfo(16094): Invalid frequency profile received from HAL. resonantFrequencyHz=NaN, frequenciesHz=null, outputAccelerationsGs=null
--------- beginning of main
08-01 00:37:44.756 E/DictionaryBackupAgent(25880): Couldn't read from the cursor
08-01 00:37:45.038 E/aznj    (15541): RuntimeException while executing runnable mvq@e716a2d with executor MoreExecutors.directExecutor()
08-01 00:37:45.038 E/aznj    (15541): java.lang.NullPointerException: Attempt to invoke virtual method 'int android.app.ApplicationStartInfo.getReason()' on a null object reference
08-01 00:37:45.038 E/aznj    (15541): 	at ky$$ExternalSyntheticApiModelOutline1.m$1(D8$$SyntheticClass:1)
08-01 00:37:45.038 E/aznj    (15541): 	at srg.f(PG:9)
08-01 00:37:45.038 E/aznj    (15541): 	at mvq.run(PG:238)
08-01 00:37:45.038 E/aznj    (15541): 	at azmf.execute(PG:1)
08-01 00:37:45.038 E/aznj    (15541): 	at aznj.c(PG:7)
08-01 00:37:45.038 E/aznj    (15541): 	at mwf.q(PG:197)
08-01 00:37:45.038 E/aznj    (15541): 	at erh.run(PG:972)
08-01 00:37:45.038 E/aznj    (15541): 	at java.util.concurrent.ThreadPoolExecutor.runWorker(ThreadPoolExecutor.java:1100)
08-01 00:37:45.038 E/aznj    (15541): 	at java.util.concurrent.ThreadPoolExecutor$Worker.run(ThreadPoolExecutor.java:624)
08-01 00:37:45.038 E/aznj    (15541): 	at java.lang.Thread.run(Thread.java:1572)
08-01 00:37:47.148 E/NativeCustomFrequencyManager( 2198): [NativeCFMS] BpCustomFrequencyManager::acquire()
08-01 00:37:47.494 E/ActivityThread(16817): Failed to find provider info for com.zhiliaoapp.musically.apm
08-01 00:37:47.566 E/FlexPanelStartController( 4266): failed to call SemStatusBarManager
08-01 00:37:47.566 E/FlexPanelStartController( 4266): java.lang.NullPointerException
08-01 00:37:47.566 E/FlexPanelStartController( 4266): 	at com.android.wm.shell.flexpanel.FlexPanelStartController.onFlexModeChanged(qb/111684928 80d0ebc2d11fc069506f954a8624ba64b8132103f5e7677332960c1f301d015e:24)
08-01 00:37:47.566 E/FlexPanelStartController( 4266): 	at com.android.wm.shell.flexpanel.FlexPanelStartController$1.onReceive(qb/111684928 80d0ebc2d11fc069506f954a8624ba64b8132103f5e7677332960c1f301d015e:101)
08-01 00:37:47.566 E/FlexPanelStartController( 4266): 	at android.app.LoadedApk$ReceiverDispatcher$Args.lambda$getRunnable$0(LoadedApk.java:2073)
08-01 00:37:47.566 E/FlexPanelStartController( 4266): 	at android.app.LoadedApk$ReceiverDispatcher$Args.$r8$lambda$mcNAAl1SQ4MyJPyDg8TJ2x2h0Rk(LoadedApk.java:0)
08-01 00:37:47.566 E/FlexPanelStartController( 4266): 	at android.app.LoadedApk$ReceiverDispatcher$Args$$ExternalSyntheticLambda0.run(D8$$SyntheticClass:0)
08-01 00:37:47.566 E/FlexPanelStartController( 4266): 	at android.os.Handler.handleCallback(Handler.java:1070)
08-01 00:37:47.566 E/FlexPanelStartController( 4266): 	at android.os.Handler.dispatchMessage(Handler.java:125)
08-01 00:37:47.566 E/FlexPanelStartController( 4266): 	at android.os.Looper.dispatchMessage(Looper.java:358)
08-01 00:37:47.566 E/FlexPanelStartController( 4266): 	at android.os.Looper.loopOnce(Looper.java:288)
08-01 00:37:47.566 E/FlexPanelStartController( 4266): 	at android.os.Looper.loop(Looper.java:392)
08-01 00:37:47.566 E/FlexPanelStartController( 4266): 	at android.app.ActivityThread.main(ActivityThread.java:10346)
08-01 00:37:47.566 E/FlexPanelStartController( 4266): 	at java.lang.reflect.Method.invoke(Native Method)
08-01 00:37:47.566 E/FlexPanelStartController( 4266): 	at com.android.internal.os.RuntimeInit$MethodAndArgsCaller.run(RuntimeInit.java:638)
08-01 00:37:47.566 E/FlexPanelStartController( 4266): 	at com.android.internal.os.ZygoteInit.main(ZygoteInit.java:972)
08-01 00:37:47.926 E/WindowManager( 3093): win=Window{36d3d2e u0 InputMethod} destroySurfaces: appStopped=true cleanupOnResume=false win.mWindowRemovalAllowed=false win.mRemoveOnExit=false win.mViewVisibility=8 caller=com.android.server.wm.WindowManagerService.tryStartExitingAnimation:128 com.android.server.wm.WindowManagerService.relayoutWindow:1121 com.android.server.wm.Session.relayout:30 android.view.IWindowSession$Stub.onTransact:840 com.android.server.wm.Session.onTransact:1 android.os.Binder.execTransactInternal:1509 android.os.Binder.execTransact:1454 
08-01 00:37:47.938 E/SurfaceFlinger( 2198): alpha changed 1.000 -> 0.000 - Surface(name=36d3d2e InputMethod#306690)/@0xba43165 - animation-leash of insets_animation#357141
08-01 00:37:48.415 E/ashmem  (16211): Pinning is deprecated since Android Q. Please use trim or other methods.
08-01 00:37:48.440 E/com.facebook.l(16211): GraphRequest can't be used when Facebook SDK isn't fully initialized
08-01 00:37:48.440 E/com.facebook.l(16211): GraphRequest can't be used when Facebook SDK isn't fully initialized
08-01 00:37:48.440 E/com.facebook.l(16211): GraphRequest can't be used when Facebook SDK isn't fully initialized
08-01 00:37:48.443 E/com.facebook.l(16211): GraphRequest can't be used when Facebook SDK isn't fully initialized
08-01 00:37:48.443 E/com.facebook.l(16211): GraphRequest can't be used when Facebook SDK isn't fully initialized
08-01 00:37:48.444 E/com.facebook.l(16211): GraphRequest can't be used when Facebook SDK isn't fully initialized
08-01 00:37:48.445 E/com.facebook.l(16211): GraphRequest can't be used when Facebook SDK isn't fully initialized
08-01 00:37:48.446 E/com.facebook.l(16211): GraphRequest can't be used when Facebook SDK isn't fully initialized
08-01 00:37:48.450 E/ightradar24free(16211): No package ID 6a found for resource ID 0x6a0b0013.
08-01 00:37:48.450 E/com.facebook.l(16211): GraphRequest can't be used when Facebook SDK isn't fully initialized
08-01 00:37:48.457 E/ashmem  (16212): Pinning is deprecated since Android Q. Please use trim or other methods.
08-01 00:37:48.473 E/com.facebook.l(16211): GraphRequest can't be used when Facebook SDK isn't fully initialized
08-01 00:37:48.482 E/com.facebook.l(16211): GraphRequest can't be used when Facebook SDK isn't fully initialized
08-01 00:37:48.489 E/com.facebook.l(16211): GraphRequest can't be used when Facebook SDK isn't fully initialized
08-01 00:37:48.657 E/NativeCustomFrequencyManager( 2198): [NativeCFMS] BpCustomFrequencyManager::acquire()
08-01 00:37:48.774 E/psl     (22459): [TikTok] TraceManagerImpl: Trace Application creation timed out after 1652528 ms. Complete trace: # bwlj@79301074
08-01 00:37:48.774 E/psl     (22459): bwln: 
08-01 00:37:48.774 E/psl     (22459): 	at tk_trace.Read profile_info(Started After:0)
08-01 00:37:48.774 E/psl     (22459): 	at tk_trace.Get profile_info(Started After:0)
08-01 00:37:48.774 E/psl     (22459): 	at tk_trace.Application.onCreate(Started After:0)
08-01 00:37:48.774 E/psl     (22459): 	at tk_trace.Application creation(Started After:0)
08-01 00:37:48.793 E/GoogleApiManager(16212): Failed to get service from broker. 
08-01 00:37:48.793 E/GoogleApiManager(16212): java.lang.SecurityException: Unknown calling package name 'com.google.android.gms'.
08-01 00:37:48.793 E/GoogleApiManager(16212): 	at android.os.Parcel.createExceptionOrNull(Parcel.java:3388)
08-01 00:37:48.793 E/GoogleApiManager(16212): 	at android.os.Parcel.createException(Parcel.java:3372)
08-01 00:37:48.793 E/GoogleApiManager(16212): 	at android.os.Parcel.readException(Parcel.java:3355)
08-01 00:37:48.793 E/GoogleApiManager(16212): 	at android.os.Parcel.readException(Parcel.java:3297)
08-01 00:37:48.793 E/GoogleApiManager(16212): 	at blbn.a(:com.google.android.gms@262634035@26.26.34 (260400-945364269):36)
08-01 00:37:48.793 E/GoogleApiManager(16212): 	at bkzj.y(:com.google.android.gms@262634035@26.26.34 (260400-945364269):144)
08-01 00:37:48.793 E/GoogleApiManager(16212): 	at bkfn.run(:com.google.android.gms@262634035@26.26.34 (260400-945364269):42)
08-01 00:37:48.793 E/GoogleApiManager(16212): 	at android.os.Handler.handleCallback(Handler.java:1070)
08-01 00:37:48.793 E/GoogleApiManager(16212): 	at android.os.Handler.dispatchMessage(Handler.java:125)
08-01 00:37:48.793 E/GoogleApiManager(16212): 	at deiq.mK(:com.google.android.gms@262634035@26.26.34 (260400-945364269):1)
08-01 00:37:48.793 E/GoogleApiManager(16212): 	at deiq.dispatchMessage(:com.google.android.gms@262634035@26.26.34 (260400-945364269):5)
08-01 00:37:48.793 E/GoogleApiManager(16212): 	at android.os.Looper.dispatchMessage(Looper.java:358)
08-01 00:37:48.793 E/GoogleApiManager(16212): 	at android.os.Looper.loopOnce(Looper.java:288)
08-01 00:37:48.793 E/GoogleApiManager(16212): 	at android.os.Looper.loop(Looper.java:392)
08-01 00:37:48.793 E/GoogleApiManager(16212): 	at android.os.HandlerThread.run(HandlerThread.java:139)
08-01 00:37:48.931 E/gcblocker(16817): gc block end, 388984602,300
08-01 00:37:49.234 E/BlackDenseThreshold(16817): searchMovCode64 failed, found 0 sites
08-01 00:37:49.402 E/ashmem  (16376): Pinning is deprecated since Android Q. Please use trim or other methods.
08-01 00:37:49.437 E/com.olx.pk(16376): No package ID 6a found for resource ID 0x6a0b0013.
08-01 00:37:49.606 E/ashmem  (16459): Pinning is deprecated since Android Q. Please use trim or other methods.
08-01 00:37:49.669 E/nthropic.claude(16444): No package ID 6a found for resource ID 0x6a0b0013.
08-01 00:37:49.672 E/AndroidLog(16444): message=Failed to fetch settings
08-01 00:37:49.679 E/ashmem  (16444): Pinning is deprecated since Android Q. Please use trim or other methods.
08-01 00:37:49.738 E/BatteryDump( 2074): !@new_battery_dump : 3822,33,1000,2000,40,358,356,468,358,0,389,468,0,Charging,NO_CHARGING,Normal,Good,PDIC,0,Normal,0,0,9300,0x8000,0x10010000,0x0,0,0,0000,0000,00000000,0,0,0,0,539,3806,3991,980,0,
08-01 00:37:50.188 E/NativeCustomFrequencyManager( 2198): [NativeCFMS] BpCustomFrequencyManager::acquire()
08-01 00:37:51.063 E/Adreno-AppProfiles(12214): QSPM AIDL service doesn't exist
08-01 00:37:51.407 E/ashmem  (16609): Pinning is deprecated since Android Q. Please use trim or other methods.
08-01 00:37:51.532 E/AppOps  ( 3093): Bad call made by uid 1000. Package "com.google.android.googlequicksearchbox" does not belong to uid 1000.
08-01 00:37:52.324 E/GoogleApiManager(15541): Failed to get service from broker. 
08-01 00:37:52.324 E/GoogleApiManager(15541): java.lang.SecurityException: Unknown calling package name 'com.google.android.gms'.
08-01 00:37:52.324 E/GoogleApiManager(15541): 	at android.os.Parcel.createExceptionOrNull(Parcel.java:3388)
08-01 00:37:52.324 E/GoogleApiManager(15541): 	at android.os.Parcel.createException(Parcel.java:3372)
08-01 00:37:52.324 E/GoogleApiManager(15541): 	at android.os.Parcel.readException(Parcel.java:3355)
08-01 00:37:52.324 E/GoogleApiManager(15541): 	at android.os.Parcel.readException(Parcel.java:3297)
08-01 00:37:52.324 E/GoogleApiManager(15541): 	at blbn.a(:com.google.android.gms@262634035@26.26.34 (260400-945364269):36)
08-01 00:37:52.324 E/GoogleApiManager(15541): 	at bkzj.y(:com.google.android.gms@262634035@26.26.34 (260400-945364269):144)
08-01 00:37:52.324 E/GoogleApiManager(15541): 	at bkfn.run(:com.google.android.gms@262634035@26.26.34 (260400-945364269):42)
08-01 00:37:52.324 E/GoogleApiManager(15541): 	at android.os.Handler.handleCallback(Handler.java:1070)
08-01 00:37:52.324 E/GoogleApiManager(15541): 	at android.os.Handler.dispatchMessage(Handler.java:125)
08-01 00:37:52.324 E/GoogleApiManager(15541): 	at deiq.mK(:com.google.android.gms@262634035@26.26.34 (260400-945364269):1)
08-01 00:37:52.324 E/GoogleApiManager(15541): 	at deiq.dispatchMessage(:com.google.android.gms@262634035@26.26.34 (260400-945364269):5)
08-01 00:37:52.324 E/GoogleApiManager(15541): 	at android.os.Looper.dispatchMessage(Looper.java:358)
08-01 00:37:52.324 E/GoogleApiManager(15541): 	at android.os.Looper.loopOnce(Looper.java:288)
08-01 00:37:52.324 E/GoogleApiManager(15541): 	at android.os.Looper.loop(Looper.java:392)
08-01 00:37:52.324 E/GoogleApiManager(15541): 	at android.os.HandlerThread.run(HandlerThread.java:139)
08-01 00:37:52.714 E/GoogleApiManager(15697): Failed to get service from broker. 
08-01 00:37:52.714 E/GoogleApiManager(15697): java.lang.SecurityException: Unknown calling package name 'com.google.android.gms'.
08-01 00:37:52.714 E/GoogleApiManager(15697): 	at android.os.Parcel.createExceptionOrNull(Parcel.java:3388)
08-01 00:37:52.714 E/GoogleApiManager(15697): 	at android.os.Parcel.createException(Parcel.java:3372)
08-01 00:37:52.714 E/GoogleApiManager(15697): 	at android.os.Parcel.readException(Parcel.java:3355)
08-01 00:37:52.714 E/GoogleApiManager(15697): 	at android.os.Parcel.readException(Parcel.java:3297)
08-01 00:37:52.714 E/GoogleApiManager(15697): 	at blbn.a(:com.google.android.gms@262634035@26.26.34 (260400-945364269):36)
08-01 00:37:52.714 E/GoogleApiManager(15697): 	at bkzj.y(:com.google.android.gms@262634035@26.26.34 (260400-945364269):144)
08-01 00:37:52.714 E/GoogleApiManager(15697): 	at bkfn.run(:com.google.android.gms@262634035@26.26.34 (260400-945364269):42)
08-01 00:37:52.714 E/GoogleApiManager(15697): 	at android.os.Handler.handleCallback(Handler.java:1070)
08-01 00:37:52.714 E/GoogleApiManager(15697): 	at android.os.Handler.dispatchMessage(Handler.java:125)
08-01 00:37:52.714 E/GoogleApiManager(15697): 	at deiq.mK(:com.google.android.gms@262634035@26.26.34 (260400-945364269):1)
08-01 00:37:52.714 E/GoogleApiManager(15697): 	at deiq.dispatchMessage(:com.google.android.gms@262634035@26.26.34 (260400-945364269):5)
08-01 00:37:52.714 E/GoogleApiManager(15697): 	at android.os.Looper.dispatchMessage(Looper.java:358)
08-01 00:37:52.714 E/GoogleApiManager(15697): 	at android.os.Looper.loopOnce(Looper.java:288)
08-01 00:37:52.714 E/GoogleApiManager(15697): 	at android.os.Looper.loop(Looper.java:392)
08-01 00:37:52.714 E/GoogleApiManager(15697): 	at android.os.HandlerThread.run(HandlerThread.java:139)
08-01 00:37:55.071 E/NativeCustomFrequencyManager( 2198): [NativeCFMS] BpCustomFrequencyManager::acquire()
08-01 00:37:55.344 E/pageboostd( 5725): Received HALT command code 2
08-01 00:37:55.413 E/WindowManager( 3093): win=Window{5f33061 u0 BackPanelController} destroySurfaces: appStopped=true cleanupOnResume=false win.mWindowRemovalAllowed=false win.mRemoveOnExit=false win.mViewVisibility=8 caller=com.android.server.wm.WindowManagerService.tryStartExitingAnimation:128 com.android.server.wm.WindowManagerService.relayoutWindow:1121 com.android.server.wm.Session.relayout:30 android.view.IWindowSession$Stub.onTransact:840 com.android.server.wm.Session.onTransact:1 android.os.Binder.execTransactInternal:1514 android.os.Binder.execTransact:1454 
08-01 00:37:55.494 E/pageboostd( 5725): Received HALT command code 2
08-01 00:37:55.495 E/chromium(14147): [ERROR:components/sync/engine/get_updates_processor.cc:270] PostClientToServerMessage() failed during GetUpdates with error Network error (ERR_ABORTED)
08-01 00:37:55.511 E/SurfaceFlinger( 2198): alpha changed 1.000 -> 0.000 - ActivityRecord{222996367 u0 com.google.android.permissioncontroller/com.android.permissioncontroller.permission.ui.GrantPermissionsActivity t348}#357145
08-01 00:37:55.511 E/SurfaceFlinger( 2198): alpha changed 0.000 -> 1.000 - ActivityRecord{222996367 u0 com.google.android.permissioncontroller/com.android.permissioncontroller.permission.ui.GrantPermissionsActivity t348}#357145
08-01 00:37:55.708 E/pageboostd( 5725): Received HALT command code 2
08-01 00:37:55.710 E/AndroidLog(16444): message=Software caused connection abort
08-01 00:37:55.710 E/AndroidLog(16444): message= Error uploading events from batch file
08-01 00:37:55.710 E/AndroidLog(16444):  fileUrl="/data/user/0/com.anthropic.claude/app_segment-disk-queue/LKJN8LsLERHEOXkw487o7qCTFOrGPimI-5924"
08-01 00:37:55.710 E/AndroidLog(16444):  msg=Software caused connection abort
08-01 00:37:55.730 E/AppOps  ( 3093): attributionTag  not declared in manifest of com.zhiliaoapp.musically
08-01 00:37:55.733 E/AppOps  ( 3093): attributionTag  not declared in manifest of com.zhiliaoapp.musically
08-01 00:37:55.759 E/pageboostd( 5725): Received HALT command code 2
08-01 00:37:55.769 E/SurfaceFlinger( 2198): alpha changed 1.000 -> 0.000 - ActivityRecord{72509726 u0 com.google.android.permissioncontroller/com.android.permissioncontroller.permission.ui.GrantPermissionsActivity t348}#357155
08-01 00:37:55.769 E/SurfaceFlinger( 2198): alpha changed 0.000 -> 1.000 - ActivityRecord{72509726 u0 com.google.android.permissioncontroller/com.android.permissioncontroller.permission.ui.GrantPermissionsActivity t348}#357155
08-01 00:37:55.786 E/AppOps  ( 3093): attributionTag  not declared in manifest of com.zhiliaoapp.musically
08-01 00:37:55.787 E/AppOps  ( 3093): attributionTag  not declared in manifest of com.zhiliaoapp.musically
08-01 00:37:56.604 E/NativeCustomFrequencyManager( 2198): [NativeCFMS] BpCustomFrequencyManager::acquire()
08-01 00:37:57.536 E/HYPER-HAL( 2868): [HandlerUClamp.cpp]set_uclamp_min(): sched_setattr failed for thread 22965, err = -1
08-01 00:37:57.536 E/HYPER-HAL( 2868): [HandlerUClamp.cpp]set_uclamp_min(): sched_setattr failed for thread 22966, err = -1
08-01 00:37:57.536 E/HYPER-HAL( 2868): [HandlerUClamp.cpp]set_uclamp_min(): sched_setattr failed for thread 22893, err = -1
08-01 00:37:57.536 E/HYPER-HAL( 2868): [HandlerUClamp.cpp]set_uclamp_min(): sched_setattr failed for thread 22938, err = -1
08-01 00:37:57.536 E/HYPER-HAL( 2868): [HandlerUClamp.cpp]set_uclamp_min(): sched_setattr failed for thread 22965, err = -1
08-01 00:37:57.536 E/HYPER-HAL( 2868): [HandlerUClamp.cpp]set_uclamp_min(): sched_setattr failed for thread 22966, err = -1
08-01 00:37:57.536 E/HYPER-HAL( 2868): [HandlerUClamp.cpp]set_uclamp_min(): sched_setattr failed for thread 22893, err = -1
08-01 00:37:57.536 E/HYPER-HAL( 2868): [HandlerUClamp.cpp]set_uclamp_min(): sched_setattr failed for thread 22938, err = -1
08-01 00:37:57.812 E/HYPER-HAL( 2868): [HandlerUClamp.cpp]set_uclamp_min(): sched_setattr failed for thread 22965, err = -1
08-01 00:37:57.812 E/HYPER-HAL( 2868): [HandlerUClamp.cpp]set_uclamp_min(): sched_setattr failed for thread 22966, err = -1
08-01 00:37:57.812 E/HYPER-HAL( 2868): [HandlerUClamp.cpp]set_uclamp_min(): sched_setattr failed for thread 22893, err = -1
08-01 00:37:57.812 E/HYPER-HAL( 2868): [HandlerUClamp.cpp]set_uclamp_min(): sched_setattr failed for thread 22938, err = -1
08-01 00:37:57.812 E/HYPER-HAL( 2868): [HandlerUClamp.cpp]set_uclamp_min(): sched_setattr failed for thread 22965, err = -1
08-01 00:37:57.812 E/HYPER-HAL( 2868): [HandlerUClamp.cpp]set_uclamp_min(): sched_setattr failed for thread 22966, err = -1
08-01 00:37:57.812 E/HYPER-HAL( 2868): [HandlerUClamp.cpp]set_uclamp_min(): sched_setattr failed for thread 22893, err = -1
08-01 00:37:57.812 E/HYPER-HAL( 2868): [HandlerUClamp.cpp]set_uclamp_min(): sched_setattr failed for thread 22938, err = -1
08-01 00:37:58.136 E/NativeCustomFrequencyManager( 2198): [NativeCFMS] BpCustomFrequencyManager::acquire()
08-01 00:37:58.786 E/GoogleApiManager(16212): Failed to get service from broker. 
08-01 00:37:58.786 E/GoogleApiManager(16212): java.lang.SecurityException: Unknown calling package name 'com.google.android.gms'.
08-01 00:37:58.786 E/GoogleApiManager(16212): 	at android.os.Parcel.createExceptionOrNull(Parcel.java:3388)
08-01 00:37:58.786 E/GoogleApiManager(16212): 	at android.os.Parcel.createException(Parcel.java:3372)
08-01 00:37:58.786 E/GoogleApiManager(16212): 	at android.os.Parcel.readException(Parcel.java:3355)
08-01 00:37:58.786 E/GoogleApiManager(16212): 	at android.os.Parcel.readException(Parcel.java:3297)
08-01 00:37:58.786 E/GoogleApiManager(16212): 	at blbn.a(:com.google.android.gms@262634035@26.26.34 (260400-945364269):36)
08-01 00:37:58.786 E/GoogleApiManager(16212): 	at bkzj.y(:com.google.android.gms@262634035@26.26.34 (260400-945364269):144)
08-01 00:37:58.786 E/GoogleApiManager(16212): 	at bkfn.run(:com.google.android.gms@262634035@26.26.34 (260400-945364269):42)
08-01 00:37:58.786 E/GoogleApiManager(16212): 	at android.os.Handler.handleCallback(Handler.java:1070)
08-01 00:37:58.786 E/GoogleApiManager(16212): 	at android.os.Handler.dispatchMessage(Handler.java:125)
08-01 00:37:58.786 E/GoogleApiManager(16212): 	at deiq.mK(:com.google.android.gms@262634035@26.26.34 (260400-945364269):1)
08-01 00:37:58.786 E/GoogleApiManager(16212): 	at deiq.dispatchMessage(:com.google.android.gms@262634035@26.26.34 (260400-945364269):5)
08-01 00:37:58.786 E/GoogleApiManager(16212): 	at android.os.Looper.dispatchMessage(Looper.java:358)
08-01 00:37:58.786 E/GoogleApiManager(16212): 	at android.os.Looper.loopOnce(Looper.java:288)
08-01 00:37:58.786 E/GoogleApiManager(16212): 	at android.os.Looper.loop(Looper.java:392)
08-01 00:37:58.786 E/GoogleApiManager(16212): 	at android.os.HandlerThread.run(HandlerThread.java:139)
08-01 00:37:59.224 E/ashmem  (14090): Pinning is deprecated since Android Q. Please use trim or other methods.
08-01 00:37:59.326 E/native  (14090): E0000 00:00:1785526679.326777   14118 model-utils.cc:41] Not a valid Model flatbuffer
08-01 00:37:59.327 E/native  (14090): E0000 00:00:1785526679.327029   14118 model-provider-from-fb.cc:105] Unable to initialize ModelProviderFromFlatbuffer
08-01 00:37:59.608 E/ashmem  (16724): Pinning is deprecated since Android Q. Please use trim or other methods.
08-01 00:37:59.672 E/NativeCustomFrequencyManager( 2198): [NativeCFMS] BpCustomFrequencyManager::acquire()
08-01 00:37:59.674 E/AndroidLog(16444): message=Unable to resolve host "a-api.anthropic.com": No address associated with hostname
08-01 00:37:59.675 E/AndroidLog(16444): message= Error uploading events from batch file
08-01 00:37:59.675 E/AndroidLog(16444):  fileUrl="/data/user/0/com.anthropic.claude/app_segment-disk-queue/LKJN8LsLERHEOXkw487o7qCTFOrGPimI-5924"
08-01 00:37:59.675 E/AndroidLog(16444):  msg=Unable to resolve host "a-api.anthropic.com": No address associated with hostname
08-01 00:37:59.893 E/BatteryDump( 2074): !@new_battery_dump : 3835,326,1000,2000,40,360,355,457,360,0,393,457,0,Charging,NO_CHARGING,Normal,Good,PDIC,0,Normal,0,0,9300,0x8000,0x10010000,0x0,0,0,0000,0000,00000000,0,0,0,0,539,3806,3994,980,0,
08-01 00:38:01.864 E/NativeCustomFrequencyManager( 2198): [NativeCFMS] BpCustomFrequencyManager::acquire()
08-01 00:38:02.204 E/AppOps  ( 3093): attributionTag  not declared in manifest of com.zhiliaoapp.musically
08-01 00:38:02.205 E/AppOps  ( 3093): attributionTag  not declared in manifest of com.zhiliaoapp.musically
08-01 00:38:02.294 E/AppOps  ( 3093): attributionTag  not declared in manifest of com.zhiliaoapp.musically
08-01 00:38:02.294 E/AppOps  ( 3093): attributionTag  not declared in manifest of com.zhiliaoapp.musically
08-01 00:38:02.863 E/aoapp.musically(16817): Failed to query component interface for required system resources: 6
08-01 00:38:02.875 E/QC2Comp ( 2072): [hvcD_692] configureIntf failed 95
08-01 00:38:02.880 E/QC2V4l2Codec( 2072): [v4lhvcD_692]  ? is not a supported pixel format!
08-01 00:38:03.330 E/gcblocker(16817): gc block end, 388998132,1170
08-01 00:38:03.367 E/AppOps  ( 3093): attributionTag  not declared in manifest of com.zhiliaoapp.musically
08-01 00:38:03.367 E/AppOps  ( 3093): attributionTag  not declared in manifest of com.zhiliaoapp.musically
08-01 00:38:03.381 E/AppOps  ( 3093): attributionTag  not declared in manifest of com.zhiliaoapp.musically
08-01 00:38:03.382 E/AppOps  ( 3093): attributionTag  not declared in manifest of com.zhiliaoapp.musically
08-01 00:38:03.661 E/BlackDenseThreshold(16817): searchMovCode64 failed, found 0 sites
08-01 00:38:03.961 E/aoapp.musically(16817): Failed to query component interface for required system resources: 6
08-01 00:38:03.965 E/QC2Comp ( 2072): [hvcD_693] configureIntf failed 95
08-01 00:38:03.968 E/QC2V4l2Codec( 2072): [v4lhvcD_693]  ? is not a supported pixel format!
08-01 00:38:04.054 E/aoapp.musically(16817): Failed to query component interface for required system resources: 6
08-01 00:38:04.059 E/QC2Comp ( 2072): [avcD_694] configureIntf failed 95
08-01 00:38:04.062 E/QC2V4l2Codec( 2072): [v4lavcD_694]  ? is not a supported pixel format!
08-01 00:38:04.073 E/AppOps  ( 3093): attributionTag  not declared in manifest of com.zhiliaoapp.musically
08-01 00:38:04.073 E/AppOps  ( 3093): attributionTag  not declared in manifest of com.zhiliaoapp.musically
08-01 00:38:04.117 E/AppOps  ( 3093): attributionTag  not declared in manifest of com.zhiliaoapp.musically
08-01 00:38:04.118 E/AppOps  ( 3093): attributionTag  not declared in manifest of com.zhiliaoapp.musically
08-01 00:38:04.126 E/MediaCodec(16817): Released by resource manager
08-01 00:38:04.156 E/aoapp.musically(16817): Failed to query component interface for required system resources: 6
08-01 00:38:04.158 E/QC2Comp ( 2072): [hvcD_695] configureIntf failed 95
08-01 00:38:04.160 E/QC2V4l2Codec( 2072): [v4lhvcD_695]  ? is not a supported pixel format!
08-01 00:38:04.907 E/QC2PerfCtrlUtil( 2072): Failed to set Power hint
08-01 00:38:04.911 E/AppOps  ( 3093): attributionTag  not declared in manifest of com.zhiliaoapp.musically
08-01 00:38:04.911 E/AppOps  ( 3093): attributionTag  not declared in manifest of com.zhiliaoapp.musically
08-01 00:38:04.912 E/AppOps  ( 3093): attributionTag  not declared in manifest of com.zhiliaoapp.musically
08-01 00:38:04.913 E/AppOps  ( 3093): attributionTag  not declared in manifest of com.zhiliaoapp.musically
08-01 00:38:05.472 E/aoapp.musically(16817): Failed to query component interface for required system resources: 6
08-01 00:38:05.475 E/QC2Comp ( 2072): [hvcD_696] configureIntf failed 95
08-01 00:38:05.477 E/QC2V4l2Codec( 2072): [v4lhvcD_696]  ? is not a supported pixel format!
08-01 00:38:06.721 E/BlackDenseThreshold(16817): searchMovCode64 failed, found 0 sites
08-01 00:38:08.061 E/Watchdog( 3093): !@Sync: 1453 heap(MB): 194 / 203 FD: 1504 Threads: 580 [2026-08-01 00:38:08.061]
08-01 00:38:10.065 E/BatteryDump( 2074): !@new_battery_dump : 3854,533,1000,1800,40,360,355,447,360,0,395,447,0,Charging,NO_CHARGING,Normal,Good,PDIC,0,Normal,0,0,9300,0x8000,0x10010000,0x0,0,0,0000,0000,00000000,0,0,0,0,539,3806,3996,980,0,
08-01 00:38:11.464 E/WindowManager( 3093): win=Window{5f33061 u0 BackPanelController} destroySurfaces: appStopped=true cleanupOnResume=false win.mWindowRemovalAllowed=false win.mRemoveOnExit=false win.mViewVisibility=8 caller=com.android.server.wm.WindowManagerService.tryStartExitingAnimation:128 com.android.server.wm.WindowManagerService.relayoutWindow:1121 com.android.server.wm.Session.relayout:30 android.view.IWindowSession$Stub.onTransact:840 com.android.server.wm.Session.onTransact:1 android.os.Binder.execTransactInternal:1514 android.os.Binder.execTransact:1454 
08-01 00:38:12.038 E/FilePhenotypeFlags(12539): Config package com.google.android.gms.clearcut_client#com.snaptube.premium cannot use FILE backing without declarative registration. See go/phenotype-android-integration#phenotype for more information. This will lead to stale flags.
08-01 00:38:12.039 E/FilePhenotypeFlags(12539): Config package com.google.android.gms.clearcut_client#com.snaptube.premium cannot use FILE backing without declarative registration. See go/phenotype-android-integration#phenotype for more information. This will lead to stale flags.
08-01 00:38:12.056 E/FilePhenotypeFlags(12539): Config package com.google.android.gms.clearcut_client#com.snaptube.premium cannot use FILE backing without declarative registration. See go/phenotype-android-integration#phenotype for more information. This will lead to stale flags.
08-01 00:38:12.056 E/FilePhenotypeFlags(12539): Config package com.google.android.gms.clearcut_client#com.snaptube.premium cannot use FILE backing without declarative registration. See go/phenotype-android-integration#phenotype for more information. This will lead to stale flags.
08-01 00:38:12.634 E/ignored (12539): java.lang.NullPointerException: Attempt to invoke virtual method 'java.lang.Object android.content.Context.getSystemService(java.lang.String)' on a null object reference
08-01 00:38:13.520 E/mAFPC_ABC( 3093): [READ] [TYPE : 0] saProcess : 0
08-01 00:38:14.780 E/BlackDenseThreshold(16817): searchMovCode64 failed, found 0 sites
08-01 00:38:17.731 E/WindowManager( 3093): win=Window{5f33061 u0 BackPanelController} destroySurfaces: appStopped=true cleanupOnResume=false win.mWindowRemovalAllowed=false win.mRemoveOnExit=false win.mViewVisibility=8 caller=com.android.server.wm.WindowManagerService.tryStartExitingAnimation:128 com.android.server.wm.WindowManagerService.relayoutWindow:1121 com.android.server.wm.Session.relayout:30 android.view.IWindowSession$Stub.onTransact:840 com.android.server.wm.Session.onTransact:1 android.os.Binder.execTransactInternal:1514 android.os.Binder.execTransact:1454 
08-01 00:38:18.187 E/AppOps  ( 3093): attributionTag  not declared in manifest of com.zhiliaoapp.musically
08-01 00:38:18.188 E/AppOps  ( 3093): attributionTag  not declared in manifest of com.zhiliaoapp.musically
08-01 00:38:18.470 E/QC2PerfCtrlUtil( 2072): Failed to set Power hint
08-01 00:38:18.546 E/AppOps  ( 3093): attributionTag  not declared in manifest of com.zhiliaoapp.musically
08-01 00:38:18.548 E/AppOps  ( 3093): attributionTag  not declared in manifest of com.zhiliaoapp.musically
08-01 00:38:20.235 E/BatteryDump( 2074): !@new_battery_dump : 3813,78,1200,1800,40,359,355,448,359,0,393,448,0,Charging,NO_CHARGING,Normal,Good,PDIC,0,Normal,0,0,9300,0x8000,0x10010000,0x0,0,0,0000,0000,00000000,0,0,0,0,539,3806,4000,980,0,
08-01 00:38:20.294 E/BlackDenseThreshold(16817): searchMovCode64 failed, found 0 sites
08-01 00:38:20.560 E/AppOps  ( 3093): attributionTag  not declared in manifest of com.zhiliaoapp.musically
08-01 00:38:20.562 E/AppOps  ( 3093): attributionTag  not declared in manifest of com.zhiliaoapp.musically
08-01 00:38:20.574 E/AppOps  ( 3093): attributionTag  not declared in manifest of com.zhiliaoapp.musically
08-01 00:38:20.574 E/AppOps  ( 3093): attributionTag  not declared in manifest of com.zhiliaoapp.musically
08-01 00:38:20.850 E/Forest_null(16817): could not get any valid access key from remote settings
08-01 00:38:20.903 E/Forest_null(16817): could not get any valid access key from remote settings
08-01 00:38:20.942 E/Forest_null(16817): could not get any valid access key from remote settings
08-01 00:38:21.138 E/aoapp.musically(16817): Failed to query component interface for required system resources: 6
08-01 00:38:21.141 E/QC2Comp ( 2072): [hvcD_697] configureIntf failed 95
08-01 00:38:21.143 E/QC2V4l2Codec( 2072): [v4lhvcD_697]  ? is not a supported pixel format!
08-01 00:38:22.060 E/Forest_GeckoFetcher(16817): download failed with waitGeckoUpdate=true ,channel = landing_page_r_15_adsformat,bundle = page/template.js
08-01 00:38:22.060 E/Forest_GeckoFetcher(16817): java.lang.Throwable: invalid channel
08-01 00:38:22.060 E/Forest_GeckoFetcher(16817): 	at X.12w7.LJIIIIZZ(SourceFile:33554554)
08-01 00:38:22.060 E/Forest_GeckoFetcher(16817): 	at X.14EP.LIZ(SourceFile:378)
08-01 00:38:22.060 E/Forest_GeckoFetcher(16817): 	at X.14EP.run(SourceFile:5)
08-01 00:38:22.060 E/Forest_GeckoFetcher(16817): 	at Y.AObjectS117S0100000_13.invoke$3(SourceFile:16777222)
08-01 00:38:22.060 E/Forest_GeckoFetcher(16817): 	at Y.AObjectS117S0100000_13.invoke(SourceFile:37)
08-01 00:38:22.060 E/Forest_GeckoFetcher(16817): 	at X.0WK0.invoke(SourceFile:4)
08-01 00:38:22.060 E/Forest_GeckoFetcher(16817): 	at X.0V6C.LIZ(SourceFile:50331890)
08-01 00:38:22.060 E/Forest_GeckoFetcher(16817): 	at X.0WJw.LIZJ(SourceFile:86)
08-01 00:38:22.060 E/Forest_GeckoFetcher(16817): 	at X.0WJw.run(SourceFile:0)
08-01 00:38:22.060 E/Forest_GeckoFetcher(16817): 	at X.0SRz.run(SourceFile:2)
08-01 00:38:22.060 E/Forest_GeckoFetcher(16817): 	at java.util.concurrent.ThreadPoolExecutor.runWorker(ThreadPoolExecutor.java:1100)
08-01 00:38:22.060 E/Forest_GeckoFetcher(16817): 	at java.util.concurrent.ThreadPoolExecutor$Worker.run(ThreadPoolExecutor.java:624)
08-01 00:38:22.060 E/Forest_GeckoFetcher(16817): 	at X.0WK2.run(SourceFile:9)
08-01 00:38:22.060 E/Forest_GeckoFetcher(16817): 	at java.lang.Thread.run(Thread.java:1572)
08-01 00:38:22.060 E/Forest_GeckoFetcher(16817): 	at com.bytedance.bpea.transmit.delegate.BPEAThread.com_bytedance_bpea_transmit_delegate_BPEAThread__run$___twin___(SourceFile:9)
08-01 00:38:22.060 E/Forest_GeckoFetcher(16817): 	at com.bytedance.bpea.transmit.delegate.BPEAThread.com_bytedance_bpea_transmit_delegate_BPEAThread_com_ss_android_ugc_aweme_lancet_RunnableGuardLancet_run(SourceFile:16777216)
08-01 00:38:22.060 E/Forest_GeckoFetcher(16817): 	at com.bytedance.bpea.transmit.delegate.BPEAThread.run(SourceFile:0)
08-01 00:38:22.061 E/Forest_GeckoXAdapter(16817): onLocalNewestVersion:localPackage:com.bytedance.geckox.model.LocalPackageModel@ab240b8
08-01 00:38:23.506 E/BlackDenseThreshold(16817): searchMovCode64 failed, found 0 sites
08-01 00:38:28.588 E/SurfaceFlinger( 2198): alpha changed 0.000 -> 1.000 - Surface(name=36d3d2e InputMethod#306690)/@0xba43165 - animation-leash of insets_animation#357141
08-01 00:38:29.507 E/WindowManager( 3093): win=Window{5f33061 u0 BackPanelController} destroySurfaces: appStopped=true cleanupOnResume=false win.mWindowRemovalAllowed=false win.mRemoveOnExit=false win.mViewVisibility=8 caller=com.android.server.wm.WindowManagerService.tryStartExitingAnimation:128 com.android.server.wm.WindowManagerService.relayoutWindow:1121 com.android.server.wm.Session.relayout:30 android.view.IWindowSession$Stub.onTransact:840 com.android.server.wm.Session.onTransact:1 android.os.Binder.execTransactInternal:1514 android.os.Binder.execTransact:1454 
08-01 00:38:29.650 E/FlexPanelStartController( 4266): failed to call SemStatusBarManager
08-01 00:38:29.650 E/FlexPanelStartController( 4266): java.lang.NullPointerException
08-01 00:38:29.650 E/FlexPanelStartController( 4266): 	at com.android.wm.shell.flexpanel.FlexPanelStartController.onFlexModeChanged(qb/111684928 80d0ebc2d11fc069506f954a8624ba64b8132103f5e7677332960c1f301d015e:24)
08-01 00:38:29.650 E/FlexPanelStartController( 4266): 	at com.android.wm.shell.flexpanel.FlexPanelStartController$1.onReceive(qb/111684928 80d0ebc2d11fc069506f954a8624ba64b8132103f5e7677332960c1f301d015e:101)
08-01 00:38:29.650 E/FlexPanelStartController( 4266): 	at android.app.LoadedApk$ReceiverDispatcher$Args.lambda$getRunnable$0(LoadedApk.java:2073)
08-01 00:38:29.650 E/FlexPanelStartController( 4266): 	at android.app.LoadedApk$ReceiverDispatcher$Args.$r8$lambda$mcNAAl1SQ4MyJPyDg8TJ2x2h0Rk(LoadedApk.java:0)
08-01 00:38:29.650 E/FlexPanelStartController( 4266): 	at android.app.LoadedApk$ReceiverDispatcher$Args$$ExternalSyntheticLambda0.run(D8$$SyntheticClass:0)
08-01 00:38:29.650 E/FlexPanelStartController( 4266): 	at android.os.Handler.handleCallback(Handler.java:1070)
08-01 00:38:29.650 E/FlexPanelStartController( 4266): 	at android.os.Handler.dispatchMessage(Handler.java:125)
08-01 00:38:29.650 E/FlexPanelStartController( 4266): 	at android.os.Looper.dispatchMessage(Looper.java:358)
08-01 00:38:29.650 E/FlexPanelStartController( 4266): 	at android.os.Looper.loopOnce(Looper.java:288)
08-01 00:38:29.650 E/FlexPanelStartController( 4266): 	at android.os.Looper.loop(Looper.java:392)
08-01 00:38:29.650 E/FlexPanelStartController( 4266): 	at android.app.ActivityThread.main(ActivityThread.java:10346)
08-01 00:38:29.650 E/FlexPanelStartController( 4266): 	at java.lang.reflect.Method.invoke(Native Method)
08-01 00:38:29.650 E/FlexPanelStartController( 4266): 	at com.android.internal.os.RuntimeInit$MethodAndArgsCaller.run(RuntimeInit.java:638)
08-01 00:38:29.650 E/FlexPanelStartController( 4266): 	at com.android.internal.os.ZygoteInit.main(ZygoteInit.java:972)
08-01 00:38:29.899 E/WindowManager( 3093): win=Window{5f33061 u0 BackPanelController} destroySurfaces: appStopped=true cleanupOnResume=false win.mWindowRemovalAllowed=false win.mRemoveOnExit=false win.mViewVisibility=8 caller=com.android.server.wm.WindowManagerService.tryStartExitingAnimation:128 com.android.server.wm.WindowManagerService.relayoutWindow:1121 com.android.server.wm.Session.relayout:30 android.view.IWindowSession$Stub.onTransact:840 com.android.server.wm.Session.onTransact:1 android.os.Binder.execTransactInternal:1514 android.os.Binder.execTransact:1454 
08-01 00:38:30.011 E/WindowManager( 3093): win=Window{36d3d2e u0 InputMethod} destroySurfaces: appStopped=true cleanupOnResume=false win.mWindowRemovalAllowed=false win.mRemoveOnExit=false win.mViewVisibility=8 caller=com.android.server.wm.WindowManagerService.tryStartExitingAnimation:128 com.android.server.wm.WindowManagerService.relayoutWindow:1121 com.android.server.wm.Session.relayout:30 android.view.IWindowSession$Stub.onTransact:840 com.android.server.wm.Session.onTransact:1 android.os.Binder.execTransactInternal:1509 android.os.Binder.execTransact:1454 
08-01 00:38:30.027 E/SurfaceFlinger( 2198): alpha changed 1.000 -> 0.000 - Surface(name=36d3d2e InputMethod#306690)/@0xba43165 - animation-leash of insets_animation#357207
08-01 00:38:30.397 E/BatteryDump( 2074): !@new_battery_dump : 3877,1060,1200,1800,40,358,356,441,358,0,391,441,0,Charging,NO_CHARGING,Normal,Good,PDIC,0,Normal,0,0,9300,0x8000,0x10010000,0x0,0,0,0000,0000,00000000,0,0,0,0,539,3806,4005,980,0,
08-01 00:38:38.074 E/Watchdog( 3093): !@Sync: 1454 heap(MB): 203 / 203 FD: 1503 Threads: 580 [2026-08-01 00:38:38.074]
08-01 00:38:40.555 E/BatteryDump( 2074): !@new_battery_dump : 3875,1006,1200,1800,40,358,355,430,358,0,390,430,0,Charging,NO_CHARGING,Normal,Good,PDIC,0,Normal,0,0,9300,0x8000,0x10010000,0x0,0,0,0000,0000,00000000,0,0,0,0,539,3806,4010,980,0,
08-01 00:38:42.321 E/BlackDenseThreshold(16817): searchMovCode64 failed, found 0 sites
08-01 00:38:43.607 E/mAFPC_ABC( 3093): [READ] [TYPE : 0] saProcess : 0
08-01 00:38:47.281 E/KioskModeService( 3093): There's no matched data
08-01 00:38:47.295 E/aoapp.musically(16817): No package ID e6 found for resource ID 0xe66a8309.
08-01 00:38:47.295 E/aoapp.musically(16817): No package ID 22 found for resource ID 0x228c9947.
08-01 00:38:47.295 E/aoapp.musically(16817): Invalid resource ID 0x6600e0a5.
08-01 00:38:47.295 E/aoapp.musically(16817): No package ID e6 found for resource ID 0xe66a8309.
08-01 00:38:47.295 E/aoapp.musically(16817): Invalid resource ID 0x6600e0a5.
08-01 00:38:47.296 E/aoapp.musically(16817): No package ID e6 found for resource ID 0xe66a8309.
08-01 00:38:47.296 E/aoapp.musically(16817): Invalid resource ID 0x6600e0a5.
08-01 00:38:47.296 E/aoapp.musically(16817): No package ID e6 found for resource ID 0xe66a8309.
08-01 00:38:47.296 E/aoapp.musically(16817): No package ID e6 found for resource ID 0xe66a8309.
08-01 00:38:47.297 E/aoapp.musically(16817): Invalid resource ID 0x6600e0a5.
08-01 00:38:47.297 E/aoapp.musically(16817): No package ID e6 found for resource ID 0xe66a8309.
08-01 00:38:47.297 E/aoapp.musically(16817): No package ID e6 found for resource ID 0xe66a8309.
08-01 00:38:47.297 E/aoapp.musically(16817): No package ID e6 found for resource ID 0xe66a8309.
08-01 00:38:47.407 E/pageboostd( 5725): Received HALT command code 2
08-01 00:38:47.435 E/AppOps  ( 3093): attributionTag  not declared in manifest of com.zhiliaoapp.musically
08-01 00:38:47.435 E/AppOps  ( 3093): attributionTag  not declared in manifest of com.zhiliaoapp.musically
08-01 00:38:47.627 E/PhoneInterfaceManager( 3945): getDataNetworkTypeForSubscriber: phone is null for sub -1
08-01 00:38:47.747 E/emib    ( 6930): Error evaluating condition expression
08-01 00:38:47.747 E/emib    ( 6930): java.lang.IllegalArgumentException: Invalid configuration, activityLevel is unknown
08-01 00:38:47.747 E/emib    ( 6930): 	at djgs.a(PG:249)
08-01 00:38:47.747 E/emib    ( 6930): 	at emib.b(PG:199)
08-01 00:38:47.747 E/emib    ( 6930): 	at emib.c(PG:108)
08-01 00:38:47.747 E/emib    ( 6930): 	at emib.a(PG:53)
08-01 00:38:47.747 E/emib    ( 6930): 	at emib.b(PG:303)
08-01 00:38:47.747 E/emib    ( 6930): 	at emib.c(PG:108)
08-01 00:38:47.747 E/emib    ( 6930): 	at emhy.invokeSuspend(PG:13)
08-01 00:38:47.747 E/emib    ( 6930): 	at glth.resumeWith(PG:11)
08-01 00:38:47.747 E/emib    ( 6930): 	at gmdc.run(PG:115)
08-01 00:38:47.747 E/emib    ( 6930): 	at ffbl.run(PG:3)
08-01 00:38:47.747 E/emib    ( 6930): 	at dcfx.run(PG:5)
08-01 00:38:47.747 E/emib    ( 6930): 	at fpss.run(PG:46)
08-01 00:38:47.747 E/emib    ( 6930): 	at dcfj.run(PG:81)
08-01 00:38:47.747 E/emib    ( 6930): 	at java.lang.Thread.run(Thread.java:1572)
08-01 00:38:47.747 E/emib    ( 6930): 	at dchc.run(PG:63)
08-01 00:38:47.765 E/BufferQueueProducer( 6930): Unable to open libpenguin.so: dlopen failed: library "libpenguin.so" not found.
08-01 00:38:47.765 E/chbox:googleapp( 6930): Unable to open libpenguin.so: dlopen failed: library "libpenguin.so" not found.
08-01 00:38:47.822 E/pageboostd( 5725): Received HALT command code 2
08-01 00:38:47.853 E/SurfaceFlinger( 2198): alpha changed 1.000 -> 0.000 - Task=420#357209
08-01 00:38:47.853 E/SurfaceFlinger( 2198): alpha changed 0.000 -> 1.000 - Task=420#357209
08-01 00:38:47.911 E/SurfaceFlinger( 2198): alpha changed 1.000 -> 0.000 - Surface(name=36d3d2e InputMethod#306690)/@0xba43165 - animation-leash of insets_animation#357217
08-01 00:38:47.926 E/AtomicFile(  951): Failed to rename /data/user_de/0/com.samsung.android.honeyboard/files/selected.json.new to /data/user_de/0/com.samsung.android.honeyboard/files/selected.json
08-01 00:38:47.927 E/AtomicFile(  951): Failed to rename /data/user_de/0/com.samsung.android.honeyboard/files/selected.json.new to /data/user_de/0/com.samsung.android.honeyboard/files/selected.json
08-01 00:38:47.926 E/AtomicFile(  951): Failed to rename /data/user_de/0/com.samsung.android.honeyboard/files/selected.json.new to /data/user_de/0/com.samsung.android.honeyboard/files/selected.json
08-01 00:38:48.067 E/nthropic.claude(16444): hiddenapi: Accessing hidden method Lsun/misc/Unsafe;->getAndAddLong(Ljava/lang/Object;JJ)J (runtime_flags=0, domain=core-platform, api=max-target-r) from Lc9j; (domain=app, TargetSdkVersion=36) using reflection: denied
08-01 00:38:48.194 E/VibratorInfo( 6930): Invalid frequency profile received from HAL. resonantFrequencyHz=NaN, frequenciesHz=null, outputAccelerationsGs=null
08-01 00:38:48.197 E/VibratorController( 3093): vibratorSetIntensity setAmplitude successfully
08-01 00:38:48.202 E/SecVibrator-HAL-AIDL-EXT( 2116): V_5_0: setAmplitude 6000
08-01 00:38:48.203 E/SecVibrator-HAL-AIDL-CORE( 2116): HW_API: [setForceFeedbackAmplitude]amplitude: 6000
08-01 00:38:48.205 E/SecVibrator-HAL-AIDL-CORE( 2116): V_2_0: [compose]size:10
08-01 00:38:48.206 E/SecVibrator-HAL-AIDL-CORE( 2116): V_2_0: [getPrimitiveDetails]sep index transform
08-01 00:38:48.206 E/SecVibrator-HAL-AIDL-CORE( 2116): V_2_0: [getPrimitiveDetails]sep index transform
08-01 00:38:48.206 E/SecVibrator-HAL-AIDL-CORE( 2116): V_2_0: [getPrimitiveDetails]sep index transform
08-01 00:38:48.206 E/SecVibrator-HAL-AIDL-CORE( 2116): V_2_0: [getPrimitiveDetails]sep index transform
08-01 00:38:48.206 E/SecVibrator-HAL-AIDL-CORE( 2116): V_2_0: [getPrimitiveDetails]sep index transform
08-01 00:38:48.206 E/SecVibrator-HAL-AIDL-CORE( 2116): V_2_0: [getPrimitiveDetails]sep index transform
08-01 00:38:48.206 E/SecVibrator-HAL-AIDL-CORE( 2116): V_2_0: [getPrimitiveDetails]sep index transform
08-01 00:38:48.206 E/SecVibrator-HAL-AIDL-CORE( 2116): V_2_0: [getPrimitiveDetails]sep index transform
08-01 00:38:48.206 E/SecVibrator-HAL-AIDL-CORE( 2116): V_2_0: [getPrimitiveDetails]sep index transform
08-01 00:38:48.207 E/SecVibrator-HAL-AIDL-CORE( 2116): V_2_0: [getPrimitiveDetails]sep index transform
08-01 00:38:48.207 E/SecVibrator-HAL-AIDL-CORE( 2116): V_2_0: [compose]totalDelay:0
08-01 00:38:48.207 E/SecVibrator-HAL-AIDL-CORE( 2116): V_2_0: [compose]totalDuration:200
08-01 00:38:48.207 E/SecVibrator-HAL-AIDL-CORE( 2116): V_2_0: [compose]effects:50.20,135.10,135.10,135.10,135.10,135.10,135.10,135.10,135.10,135.10,
08-01 00:38:48.207 E/SecVibrator-HAL-AIDL-CORE( 2116): HW_API: [setAndTriggerOwt_primitve]str: 50.20,135.10,135.10,135.10,135.10,135.10,135.10,135.10,135.10,135.10,
08-01 00:38:48.207 E/SecVibrator-HAL-AIDL-CORE( 2116): HW_API: [setAndTriggerOwt_primitve]num_bytes: 84
08-01 00:38:48.219 E/SecVibrator-HAL-AIDL-CORE( 2116): HW_API: [uploadForceFeedbackeffect]ioctl success ,uploaded effect with ID: 0
08-01 00:38:48.219 E/SecVibrator-HAL-AIDL-CORE( 2116): HW_API: [triggerForceFeedbackVibration]on: 1
08-01 00:38:48.220 E/SecVibrator-HAL-AIDL-CORE( 2116): V_2_0: [compose]compose callback thread
08-01 00:38:48.259 E/libc    (17482): SetHeapTaggingLevel: re-enabling tagging after it was disabled is not supported
08-01 00:38:48.313 E/emib    ( 6930): Error evaluating condition expression
08-01 00:38:48.313 E/emib    ( 6930): java.lang.IllegalArgumentException: Invalid configuration, activityLevel is unknown
08-01 00:38:48.313 E/emib    ( 6930): 	at djgs.a(PG:249)
08-01 00:38:48.313 E/emib    ( 6930): 	at emib.b(PG:199)
08-01 00:38:48.313 E/emib    ( 6930): 	at emib.c(PG:108)
08-01 00:38:48.313 E/emib    ( 6930): 	at emib.a(PG:53)
08-01 00:38:48.313 E/emib    ( 6930): 	at emib.b(PG:303)
08-01 00:38:48.313 E/emib    ( 6930): 	at emib.c(PG:108)
08-01 00:38:48.313 E/emib    ( 6930): 	at emib.d(PG:53)
08-01 00:38:48.313 E/emib    ( 6930): 	at emib.b(PG:281)
08-01 00:38:48.313 E/emib    ( 6930): 	at emib.c(PG:108)
08-01 00:38:48.313 E/emib    ( 6930): 	at emib.a(PG:53)
08-01 00:38:48.313 E/emib    ( 6930): 	at emib.b(PG:303)
08-01 00:38:48.313 E/emib    ( 6930): 	at emib.e(PG:56)
08-01 00:38:48.313 E/emib    ( 6930): 	at emkb.invokeSuspend(PG:762)
08-01 00:38:48.313 E/emib    ( 6930): 	at emkb.invoke(PG:13)
08-01 00:38:48.313 E/emib    ( 6930): 	at gmqm.a(PG:15)
08-01 00:38:48.313 E/emib    ( 6930): 	at gmcp.p(PG:53)
08-01 00:38:48.313 E/emib    ( 6930): 	at emhs.invokeSuspend(PG:51)
08-01 00:38:48.313 E/emib    ( 6930): 	at glth.resumeWith(PG:11)
08-01 00:38:48.313 E/emib    ( 6930): 	at gmdc.run(PG:115)
08-01 00:38:48.313 E/emib    ( 6930): 	at ffbl.run(PG:3)
08-01 00:38:48.313 E/emib    ( 6930): 	at fgqr.run(PG:17)
08-01 00:38:48.313 E/emib    ( 6930): 	at dcfx.run(PG:5)
08-01 00:38:48.313 E/emib    ( 6930): 	at fpss.run(PG:46)
08-01 00:38:48.313 E/emib    ( 6930): 	at dcfj.run(PG:81)
08-01 00:38:48.313 E/emib    ( 6930): 	at java.lang.Thread.run(Thread.java:1572)
08-01 00:38:48.313 E/emib    ( 6930): 	at dchc.run(PG:63)
08-01 00:38:48.359 E/SecVibrator-HAL-AIDL-CORE( 2116): V_2_0: Vibrator off
08-01 00:38:48.359 E/SecVibrator-HAL-AIDL-CORE( 2116): HW_API: do_off
08-01 00:38:48.359 E/SecVibrator-HAL-AIDL-CORE( 2116): HW_API: [triggerForceFeedbackVibration]on: 0
08-01 00:38:48.377 E/ashmem  (17482): readlink(/proc/self/fd/109) failed: Operation not permitted
08-01 00:38:48.378 E/ashmem  (17482): readlink(/proc/self/fd/132) failed: Operation not permitted
08-01 00:38:48.378 E/ashmem  (17482): readlink(/proc/self/fd/135) failed: Operation not permitted
08-01 00:38:48.379 E/ashmem  (17482): readlink(/proc/self/fd/134) failed: Operation not permitted
08-01 00:38:48.380 E/ashmem  (17482): readlink(/proc/self/fd/108) failed: Operation not permitted
08-01 00:38:48.380 E/ashmem  (17482): readlink(/proc/self/fd/137) failed: Operation not permitted
08-01 00:38:48.421 E/SecVibrator-HAL-AIDL-CORE( 2116): V_2_0: [compose]Notifying complete
08-01 00:38:49.454 E/ashmem  (17482): readlink(/proc/self/fd/108) failed: Operation not permitted
08-01 00:38:49.456 E/ashmem  (17482): readlink(/proc/self/fd/136) failed: Operation not permitted
08-01 00:38:49.456 E/ashmem  (17482): readlink(/proc/self/fd/138) failed: Operation not permitted
08-01 00:38:49.473 E/chromium(17482): [ERROR:cc/tiles/tile_manager.cc:1013] WARNING: tile memory limits exceeded, some content may not draw
08-01 00:38:49.473 E/chromium(17482): [ERROR:cc/tiles/tile_manager.cc:1013] WARNING: tile memory limits exceeded, some content may not draw
08-01 00:38:49.507 E/ashmem  (17482): readlink(/proc/self/fd/133) failed: Operation not permitted
08-01 00:38:49.510 E/ashmem  (17482): readlink(/proc/self/fd/137) failed: Operation not permitted
08-01 00:38:49.648 E/ashmem  (17482): readlink(/proc/self/fd/140) failed: Operation not permitted
08-01 00:38:50.086 E/ashmem  (17482): readlink(/proc/self/fd/143) failed: Operation not permitted
08-01 00:38:50.419 E/TaskPersister( 3093): File error accessing recents directory (directory doesn't exist?).
08-01 00:38:50.420 E/TaskPersister( 3093): File error accessing recents directory (directory doesn't exist?).
08-01 00:38:50.420 E/TaskPersister( 3093): File error accessing recents directory (directory doesn't exist?).
08-01 00:38:50.420 E/TaskPersister( 3093): File error accessing recents directory (directory doesn't exist?).
08-01 00:38:50.676 E/ashmem  (17482): readlink(/proc/self/fd/111) failed: Operation not permitted
08-01 00:38:50.736 E/BatteryDump( 2074): !@new_battery_dump : 3849,-475,1200,1800,40,357,355,436,357,0,387,436,0,Charging,NO_CHARGING,Normal,Good,PDIC,0,Normal,0,0,9300,0x8000,0x10010000,0x0,0,0,0000,0000,00000000,0,0,0,0,539,3807,4014,980,0,
08-01 00:38:53.446 E/ashmem  (17482): readlink(/proc/self/fd/132) failed: Operation not permitted
08-01 00:38:53.446 E/ashmem  (17482): readlink(/proc/self/fd/135) failed: Operation not permitted
08-01 00:38:53.446 E/ashmem  (17482): readlink(/proc/self/fd/111) failed: Operation not permitted
08-01 00:38:57.927 E/AndroidLog(16444): message=Unable to resolve host "a-api.anthropic.com": No address associated with hostname
08-01 00:38:57.927 E/AndroidLog(16444): message= Error uploading events from batch file
08-01 00:38:57.927 E/AndroidLog(16444):  fileUrl="/data/user/0/com.anthropic.claude/app_segment-disk-queue/LKJN8LsLERHEOXkw487o7qCTFOrGPimI-5925"
08-01 00:38:57.927 E/AndroidLog(16444):  msg=Unable to resolve host "a-api.anthropic.com": No address associated with hostname
08-01 00:38:58.530 E/ashmem  (17482): readlink(/proc/self/fd/137) failed: Operation not permitted
08-01 00:38:58.531 E/ashmem  (17482): readlink(/proc/self/fd/144) failed: Operation not permitted
08-01 00:38:58.531 E/ashmem  (17482): readlink(/proc/self/fd/146) failed: Operation not permitted
08-01 00:38:58.555 E/ashmem  (17482): readlink(/proc/self/fd/145) failed: Operation not permitted
08-01 00:38:58.556 E/ashmem  (17482): readlink(/proc/self/fd/143) failed: Operation not permitted
08-01 00:38:58.556 E/ashmem  (17482): readlink(/proc/self/fd/148) failed: Operation not permitted
08-01 00:38:59.918 E/ashmem  (17482): readlink(/proc/self/fd/147) failed: Operation not permitted
08-01 00:38:59.929 E/ashmem  (17482): readlink(/proc/self/fd/150) failed: Operation not permitted
08-01 00:38:59.929 E/ashmem  (17482): readlink(/proc/self/fd/152) failed: Operation not permitted
08-01 00:39:00.029 E/AppOps  ( 3093): attributionTag  not declared in manifest of com.google.android.googlequicksearchbox
08-01 00:39:00.029 E/AppOps  ( 3093): attributionTag  not declared in manifest of com.google.android.googlequicksearchbox
08-01 00:39:00.104 E/ACDB    ( 2759): vendor/qcom/proprietary/args/acdb/src/acdb_command.c:AcdbCmdGetProcSubgraphCalDataPersist:8247 Error[19]: No calibration found
08-01 00:39:00.104 E/ACDB    ( 2759): vendor/qcom/proprietary/args/acdb/src/acdb_command.c:AcdbCmdGetProcSubgraphCalDataPersist:8247 Error[19]: No calibration found
08-01 00:39:00.104 E/ACDB    ( 2759): vendor/qcom/proprietary/args/acdb/src/acdb_command.c:AcdbCmdGetProcSubgraphCalDataPersist:8247 Error[19]: No calibration found
08-01 00:39:00.104 E/ACDB    ( 2759): vendor/qcom/proprietary/args/acdb/src/acdb_command.c:AcdbCmdGetProcSubgraphCalDataPersist:8247 Error[19]: No calibration found
08-01 00:39:00.106 E/ACDB    ( 2759): vendor/qcom/proprietary/args/acdb/src/acdb_command.c:AcdbCmdGetProcSubgraphCalDataPersist:8247 Error[19]: No calibration found
08-01 00:39:00.106 E/ACDB    ( 2759): vendor/qcom/proprietary/args/acdb/src/acdb_command.c:AcdbCmdGetProcSubgraphCalDataPersist:8247 Error[19]: No calibration found
08-01 00:39:00.106 E/ACDB    ( 2759): vendor/qcom/proprietary/args/acdb/src/acdb_command.c:AcdbCmdGetProcSubgraphCalDataPersist:8247 Error[19]: No calibration found
08-01 00:39:00.106 E/ACDB    ( 2759): vendor/qcom/proprietary/args/acdb/src/acdb_command.c:AcdbCmdGetProcSubgraphCalDataPersist:8247 Error[19]: No calibration found
08-01 00:39:00.108 E/AGM: graph( 2759): configure_buffer_params: 300 Unsupported buffer mode : 0, Default to Blocking
08-01 00:39:00.891 E/BatteryDump( 2074): !@new_battery_dump : 3879,451,1200,1800,41,357,355,427,357,0,383,427,0,Charging,NO_CHARGING,Normal,Good,PDIC,0,Normal,0,0,9300,0x8000,0x10010000,0x0,0,0,0000,0000,00000000,0,0,0,0,539,3807,4020,980,0,
08-01 00:39:01.199 E/ashmem  (17670): Pinning is deprecated since Android Q. Please use trim or other methods.
08-01 00:39:01.355 E/ashmem  (17702): Pinning is deprecated since Android Q. Please use trim or other methods.
08-01 00:39:01.604 E/DeviceIconManager(17670): getSvgIcon() fail : /data/user/0/com.android.settings.intelligence/files/bticon/01_00.svg is null 
08-01 00:39:03.835 E/ashmem  (17482): readlink(/proc/self/fd/111) failed: Operation not permitted
08-01 00:39:03.836 E/ashmem  (17482): readlink(/proc/self/fd/149) failed: Operation not permitted
08-01 00:39:03.913 E/ashmem  (17482): readlink(/proc/self/fd/132) failed: Operation not permitted
08-01 00:39:03.915 E/ashmem  (17482): readlink(/proc/self/fd/154) failed: Operation not permitted
08-01 00:39:03.915 E/ashmem  (17482): readlink(/proc/self/fd/156) failed: Operation not permitted
08-01 00:39:03.916 E/ashmem  (17482): readlink(/proc/self/fd/155) failed: Operation not permitted
08-01 00:39:04.676 E/ashmem  (17482): readlink(/proc/self/fd/156) failed: Operation not permitted
08-01 00:39:06.911 E/SurfaceFlinger( 2198): alpha changed 0.000 -> 1.000 - Surface(name=36d3d2e InputMethod#306690)/@0xba43165 - animation-leash of insets_animation#357217
08-01 00:39:06.957 E/[PASS][SPAF]AutofillFillResponseHandler(15689): No valid parsed autofill fields
08-01 00:39:07.144 E/[PASS][SPAF]AutofillService(15689): No valid parsed autofill fields
08-01 00:39:08.083 E/Watchdog( 3093): !@Sync: 1455 heap(MB): 192 / 203 FD: 1533 Threads: 580 [2026-08-01 00:39:08.083]
08-01 00:39:09.964 E/AppOps  ( 3093): attributionTag  not declared in manifest of com.google.android.googlequicksearchbox
08-01 00:39:09.965 E/AppOps  ( 3093): attributionTag  not declared in manifest of com.google.android.googlequicksearchbox
08-01 00:39:11.046 E/BatteryDump( 2074): !@new_battery_dump : 3876,973,1200,1800,41,356,354,424,356,0,383,424,0,Charging,NO_CHARGING,Normal,Good,PDIC,0,Normal,0,0,9300,0x8000,0x10010000,0x0,0,0,0000,0000,00000000,0,0,0,0,539,3807,4025,980,0,
08-01 00:39:13.692 E/mAFPC_ABC( 3093): [READ] [TYPE : 0] saProcess : 0
08-01 00:39:17.722 E/ashmem  (17847): Pinning is deprecated since Android Q. Please use trim or other methods.
08-01 00:39:20.706 E/ashmem  (17482): readlink(/proc/self/fd/111) failed: Operation not permitted
08-01 00:39:20.707 E/ashmem  (17482): readlink(/proc/self/fd/149) failed: Operation not permitted
08-01 00:39:20.707 E/ashmem  (17482): readlink(/proc/self/fd/151) failed: Operation not permitted
08-01 00:39:21.048 E/FlexPanelStartController( 4266): failed to call SemStatusBarManager
08-01 00:39:21.048 E/FlexPanelStartController( 4266): java.lang.NullPointerException
08-01 00:39:21.048 E/FlexPanelStartController( 4266): 	at com.android.wm.shell.flexpanel.FlexPanelStartController.onFlexModeChanged(qb/111684928 80d0ebc2d11fc069506f954a8624ba64b8132103f5e7677332960c1f301d015e:24)
08-01 00:39:21.048 E/FlexPanelStartController( 4266): 	at com.android.wm.shell.flexpanel.FlexPanelStartController$1.onReceive(qb/111684928 80d0ebc2d11fc069506f954a8624ba64b8132103f5e7677332960c1f301d015e:101)
08-01 00:39:21.048 E/FlexPanelStartController( 4266): 	at android.app.LoadedApk$ReceiverDispatcher$Args.lambda$getRunnable$0(LoadedApk.java:2073)
08-01 00:39:21.048 E/FlexPanelStartController( 4266): 	at android.app.LoadedApk$ReceiverDispatcher$Args.$r8$lambda$mcNAAl1SQ4MyJPyDg8TJ2x2h0Rk(LoadedApk.java:0)
08-01 00:39:21.048 E/FlexPanelStartController( 4266): 	at android.app.LoadedApk$ReceiverDispatcher$Args$$ExternalSyntheticLambda0.run(D8$$SyntheticClass:0)
08-01 00:39:21.048 E/FlexPanelStartController( 4266): 	at android.os.Handler.handleCallback(Handler.java:1070)
08-01 00:39:21.048 E/FlexPanelStartController( 4266): 	at android.os.Handler.dispatchMessage(Handler.java:125)
08-01 00:39:21.048 E/FlexPanelStartController( 4266): 	at android.os.Looper.dispatchMessage(Looper.java:358)
08-01 00:39:21.048 E/FlexPanelStartController( 4266): 	at android.os.Looper.loopOnce(Looper.java:288)
08-01 00:39:21.048 E/FlexPanelStartController( 4266): 	at android.os.Looper.loop(Looper.java:392)
08-01 00:39:21.048 E/FlexPanelStartController( 4266): 	at android.app.ActivityThread.main(ActivityThread.java:10346)
08-01 00:39:21.048 E/FlexPanelStartController( 4266): 	at java.lang.reflect.Method.invoke(Native Method)
08-01 00:39:21.048 E/FlexPanelStartController( 4266): 	at com.android.internal.os.RuntimeInit$MethodAndArgsCaller.run(RuntimeInit.java:638)
08-01 00:39:21.048 E/FlexPanelStartController( 4266): 	at com.android.internal.os.ZygoteInit.main(ZygoteInit.java:972)
08-01 00:39:21.236 E/BatteryDump( 2074): !@new_battery_dump : 3843,1024,1200,1800,41,356,353,423,356,0,382,423,0,Charging,NO_CHARGING,Normal,Good,PDIC,0,Normal,0,0,9300,0x8000,0x10010000,0x0,0,0,0000,0000,00000000,0,0,0,0,539,3807,4033,980,0,
08-01 00:39:21.387 E/WindowManager( 3093): win=Window{36d3d2e u0 InputMethod} destroySurfaces: appStopped=true cleanupOnResume=false win.mWindowRemovalAllowed=false win.mRemoveOnExit=false win.mViewVisibility=8 caller=com.android.server.wm.WindowManagerService.tryStartExitingAnimation:128 com.android.server.wm.WindowManagerService.relayoutWindow:1121 com.android.server.wm.Session.relayout:30 android.view.IWindowSession$Stub.onTransact:840 com.android.server.wm.Session.onTransact:1 android.os.Binder.execTransactInternal:1509 android.os.Binder.execTransact:1454 
08-01 00:39:21.399 E/SurfaceFlinger( 2198): alpha changed 1.000 -> 0.000 - Surface(name=36d3d2e InputMethod#306690)/@0xba43165 - animation-leash of insets_animation#357221
08-01 00:39:27.072 E/ashmem  (17482): readlink(/proc/self/fd/132) failed: Operation not permitted
08-01 00:39:31.386 E/BatteryDump( 2074): !@new_battery_dump : 3885,1110,1200,1800,41,356,353,421,356,0,380,421,0,Charging,NO_CHARGING,Normal,Good,PDIC,0,Normal,0,0,9300,0x8000,0x10010000,0x0,0,0,0000,0000,00000000,0,0,0,0,539,3807,4037,980,0,
08-01 00:39:33.243 E/SemContext.CaeProvider( 3093): setAttribute() : attribute is null!
08-01 00:39:33.244 E/SensorService( 3093): BigData:Pakage) 5 already enabled. 
08-01 00:39:33.249 E/SensorService( 3093): BigData:Pakage) 5 already disabled. 
08-01 00:39:38.098 E/Watchdog( 3093): !@Sync: 1456 heap(MB): 165 / 203 FD: 1520 Threads: 580 [2026-08-01 00:39:38.098]
08-01 00:39:41.549 E/BatteryDump( 2074): !@new_battery_dump : 3888,1182,1200,2000,41,354,353,411,354,0,380,411,0,Charging,NO_CHARGING,Normal,Good,PDIC,0,Normal,0,0,9300,0x8000,0x10010000,0x0,0,0,0000,0000,00000000,0,0,0,0,539,3807,4045,980,0,
08-01 00:39:43.785 E/mAFPC_ABC( 3093): [READ] [TYPE : 0] saProcess : 0
08-01 00:39:51.706 E/BatteryDump( 2074): !@new_battery_dump : 3828,960,1000,2000,41,353,351,403,353,0,378,403,0,Charging,NO_CHARGING,Normal,Good,PDIC,0,Normal,0,0,9300,0x8000,0x10010000,0x0,0,0,0000,0000,00000000,0,0,0,0,539,3808,4051,980,0,
08-01 00:39:56.467 E/ashmem  (17482): readlink(/proc/self/fd/90) failed: Operation not permitted
08-01 00:39:56.468 E/ashmem  (17482): readlink(/proc/self/fd/132) failed: Operation not permitted
08-01 00:39:56.470 E/ashmem  (17482): readlink(/proc/self/fd/111) failed: Operation not permitted
08-01 00:40:01.894 E/BatteryDump( 2074): !@new_battery_dump : 3870,939,1000,2000,41,352,350,398,352,0,375,398,0,Charging,NO_CHARGING,Normal,Good,PDIC,0,Normal,0,0,9300,0x8000,0x10010000,0x0,0,0,0000,0000,00000000,0,0,0,0,539,3808,4056,980,0,
08-01 00:40:06.792 E/BlackDenseThreshold(16817): searchMovCode64 failed, found 0 sites
08-01 00:40:08.108 E/Watchdog( 3093): !@Sync: 1457 heap(MB): 180 / 203 FD: 1520 Threads: 580 [2026-08-01 00:40:08.108]
08-01 00:40:08.784 E/sensors-hal( 2035): sendContextData:133, slocationcore h 193 m 23 s 55
08-01 00:40:08.784 E/sensors-hal( 2035): create_send_context_data:64, slocationcore create_send_context_data
08-01 00:40:08.785 E/sensors-hal( 2035): handle_sns_client_event:78, slocationcore_event: msgid:1025
08-01 00:40:08.787 E/sensors-hal( 2035): handle_sns_client_event:78, slocationcore_event: msgid:1025
08-01 00:40:08.787 E/sensors-hal( 2035): handle_sns_client_event:78, slocationcore_event: msgid:1025
08-01 00:40:08.790 E/sensors-hal( 2035): sendContextData:133, slocationcore h 193 m 23 s 55
08-01 00:40:08.790 E/sensors-hal( 2035): create_send_context_data:64, slocationcore create_send_context_data
08-01 00:40:08.791 E/sensors-hal( 2035): handle_sns_client_event:78, slocationcore_event: msgid:1025
08-01 00:40:08.828 E/AppOps  ( 3093): Bad call made by uid 1001. Package "com.android.phone" does not belong to uid 10096.
08-01 00:40:08.828 E/AppOps  ( 3093): Cannot noteOperation
08-01 00:40:08.828 E/AppOps  ( 3093): java.lang.SecurityException: Specified package "com.android.phone" under uid 10096 but it is not
08-01 00:40:08.828 E/AppOps  ( 3093): 	at com.android.server.appop.AppOpsService.verifyAndGetBypass(qb/111684928 8a2772898477f7cc112f6ac514b611258fb1e5c3f2206b0d202f25701684a852:63)
08-01 00:40:08.828 E/AppOps  ( 3093): 	at com.android.server.appop.AppOpsService.noteOperationUnchecked(qb/111684928 8a2772898477f7cc112f6ac514b611258fb1e5c3f2206b0d202f25701684a852:68)
08-01 00:40:08.828 E/AppOps  ( 3093): 	at com.android.server.appop.AppOpsService.-$$Nest$mnoteOperationImpl(qb/111684928 8a2772898477f7cc112f6ac514b611258fb1e5c3f2206b0d202f25701684a852:89)
08-01 00:40:08.828 E/AppOps  ( 3093): 	at com.android.server.appop.AppOpsService$CheckOpsDelegateDispatcher$$ExternalSyntheticLambda4.apply(qb/111684928 8a2772898477f7cc112f6ac514b611258fb1e5c3f2206b0d202f25701684a852:65)
08-01 00:40:08.828 E/AppOps  ( 3093): 	at com.android.server.policy.AppOpsPolicy.noteOperation(qb/111684928 8a2772898477f7cc112f6ac514b611258fb1e5c3f2206b0d202f25701684a852:35)
08-01 00:40:08.828 E/AppOps  ( 3093): 	at com.android.server.appop.AppOpsService$CheckOpsDelegateDispatcher.noteOperation(qb/111684928 8a2772898477f7cc112f6ac514b611258fb1e5c3f2206b0d202f25701684a852:66)
08-01 00:40:08.828 E/AppOps  ( 3093): 	at com.android.server.appop.AppOpsService.noteOperation(qb/111684928 8a2772898477f7cc112f6ac514b611258fb1e5c3f2206b0d202f25701684a852:20)
08-01 00:40:08.828 E/AppOps  ( 3093): 	at com.android.internal.app.IAppOpsService$Stub.onTransact(IAppOpsService.java:592)
08-01 00:40:08.828 E/AppOps  ( 3093): 	at android.os.Binder.execTransactInternal(Binder.java:1514)
08-01 00:40:08.828 E/AppOps  ( 3093): 	at android.os.Binder.execTransact(Binder.java:1454)
08-01 00:40:08.829 E/[CE]_CellInfoUtils(12042): logCellInfo - No cell info available
08-01 00:40:08.829 E/[CE]_CellInfoUtils(12042): checkCellInfoCondition - No cell info available
08-01 00:40:09.050 E/ashmem  (17482): readlink(/proc/self/fd/90) failed: Operation not permitted
08-01 00:40:09.051 E/ashmem  (17482): readlink(/proc/self/fd/132) failed: Operation not permitted
08-01 00:40:09.053 E/ashmem  (17482): readlink(/proc/self/fd/111) failed: Operation not permitted
08-01 00:40:09.824 E/AppOps  ( 3093): Bad call made by uid 1001. Package "com.android.phone" does not belong to uid 10096.
08-01 00:40:09.824 E/AppOps  ( 3093): Cannot noteOperation
08-01 00:40:09.824 E/AppOps  ( 3093): java.lang.SecurityException: Specified package "com.android.phone" under uid 10096 but it is not
08-01 00:40:09.824 E/AppOps  ( 3093): 	at com.android.server.appop.AppOpsService.verifyAndGetBypass(qb/111684928 8a2772898477f7cc112f6ac514b611258fb1e5c3f2206b0d202f25701684a852:63)
08-01 00:40:09.824 E/AppOps  ( 3093): 	at com.android.server.appop.AppOpsService.noteOperationUnchecked(qb/111684928 8a2772898477f7cc112f6ac514b611258fb1e5c3f2206b0d202f25701684a852:68)
08-01 00:40:09.824 E/AppOps  ( 3093): 	at com.android.server.appop.AppOpsService.-$$Nest$mnoteOperationImpl(qb/111684928 8a2772898477f7cc112f6ac514b611258fb1e5c3f2206b0d202f25701684a852:89)
08-01 00:40:09.824 E/AppOps  ( 3093): 	at com.android.server.appop.AppOpsService$CheckOpsDelegateDispatcher$$ExternalSyntheticLambda4.apply(qb/111684928 8a2772898477f7cc112f6ac514b611258fb1e5c3f2206b0d202f25701684a852:65)
08-01 00:40:09.824 E/AppOps  ( 3093): 	at com.android.server.policy.AppOpsPolicy.noteOperation(qb/111684928 8a2772898477f7cc112f6ac514b611258fb1e5c3f2206b0d202f25701684a852:35)
08-01 00:40:09.824 E/AppOps  ( 3093): 	at com.android.server.appop.AppOpsService$CheckOpsDelegateDispatcher.noteOperation(qb/111684928 8a2772898477f7cc112f6ac514b611258fb1e5c3f2206b0d202f25701684a852:66)
08-01 00:40:09.824 E/AppOps  ( 3093): 	at com.android.server.appop.AppOpsService.noteOperationsInBatch(qb/111684928 8a2772898477f7cc112f6ac514b611258fb1e5c3f2206b0d202f25701684a852:71)
08-01 00:40:09.824 E/AppOps  ( 3093): 	at com.android.internal.app.IAppOpsService$Stub.onTransact(IAppOpsService.java:1429)
08-01 00:40:09.824 E/AppOps  ( 3093): 	at android.os.Binder.execTransactInternal(Binder.java:1514)
08-01 00:40:09.824 E/AppOps  ( 3093): 	at android.os.Binder.execTransact(Binder.java:1454)
08-01 00:40:12.057 E/BatteryDump( 2074): !@new_battery_dump : 3879,996,1000,2000,41,350,349,395,350,0,373,395,0,Charging,NO_CHARGING,Normal,Good,PDIC,0,Normal,0,0,9300,0x8000,0x10010000,0x0,0,0,0000,0000,00000000,0,0,0,0,539,3808,4062,980,0,
08-01 00:40:13.889 E/mAFPC_ABC( 3093): [READ] [TYPE : 0] saProcess : 0
08-01 00:40:22.214 E/BatteryDump( 2074): !@new_battery_dump : 3878,1014,1000,2000,41,349,349,390,349,0,371,390,0,Charging,NO_CHARGING,Normal,Good,PDIC,0,Normal,0,0,9300,0x8000,0x10010000,0x0,0,0,0000,0000,00000000,0,0,0,0,539,3808,4068,980,0,
08-01 00:40:23.739 E/ashmem  (17482): readlink(/proc/self/fd/90) failed: Operation not permitted
08-01 00:40:23.739 E/ashmem  (17482): readlink(/proc/self/fd/132) failed: Operation not permitted
08-01 00:40:23.741 E/ashmem  (17482): readlink(/proc/self/fd/111) failed: Operation not permitted
08-01 00:40:27.250 E/ashmem  (17482): readlink(/proc/self/fd/90) failed: Operation not permitted
08-01 00:40:27.250 E/ashmem  (17482): readlink(/proc/self/fd/132) failed: Operation not permitted
08-01 00:40:27.250 E/ashmem  (17482): readlink(/proc/self/fd/111) failed: Operation not permitted
08-01 00:40:32.381 E/BatteryDump( 2074): !@new_battery_dump : 3879,938,1000,2000,41,349,348,388,349,0,369,388,0,Charging,NO_CHARGING,Normal,Good,PDIC,0,Normal,0,0,9300,0x8000,0x10010000,0x0,0,0,0000,0000,00000000,0,0,0,0,539,3808,4074,980,0,
08-01 00:40:37.748 E/SurfaceFlinger( 2198): alpha changed 0.000 -> 1.000 - Surface(name=36d3d2e InputMethod#306690)/@0xba43165 - animation-leash of insets_animation#357221
08-01 00:40:38.114 E/Watchdog( 3093): !@Sync: 1458 heap(MB): 174 / 203 FD: 1520 Threads: 580 [2026-08-01 00:40:38.114]
08-01 00:40:38.151 E/HoneySpace.HotseatPot@157326920( 4932): Illegal access
08-01 00:40:38.171 E/PackageManager( 3093): replace res.nonLocalizedLabel(null) to newName(Cloudy) and activity.getPackageName() () UId(1000)
08-01 00:40:38.202 E/NativeCustomFrequencyManager( 2198): [NativeCFMS] BpCustomFrequencyManager::acquire()
08-01 00:40:38.214 E/SurfaceFlinger( 2198): alpha changed 1.000 -> 0.000 - Surface(name=TransientLaunchOverlayToken{270718 token=android.os.BinderProxy@c63ec46}#306649)/@0x73454c5_transition-leash#357227
08-01 00:40:38.214 E/SurfaceFlinger( 2198): alpha changed 1.000 -> 0.000 - Surface(name=Task=1#306592)/@0x87a4e1a_transition-leash#357228
08-01 00:40:38.289 E/SurfaceFlinger( 2198): alpha changed 0.000 -> 1.000 - Surface(name=TransientLaunchOverlayToken{270718 token=android.os.BinderProxy@c63ec46}#306649)/@0x73454c5_transition-leash#357227
08-01 00:40:38.289 E/SurfaceFlinger( 2198): alpha changed 0.000 -> 1.000 - Surface(name=Task=1#306592)/@0x87a4e1a_transition-leash#357228
08-01 00:40:38.307 E/HoneySpace.BadgeIconDecoratorCreator( 4932): NameNotFoundException /#UserHandle{0}
08-01 00:40:38.310 E/HoneySpace.BadgeIconDecoratorCreator( 4932): NameNotFoundException /#UserHandle{0}
08-01 00:40:38.311 E/HoneySpace.BadgeIconDecoratorCreator( 4932): NameNotFoundException /#UserHandle{0}
08-01 00:40:38.311 E/HoneySpace.BadgeIconDecoratorCreator( 4932): NameNotFoundException /#UserHandle{0}
08-01 00:40:38.806 E/pageboostd( 5725): Received HALT command code 2
08-01 00:40:38.813 E/pageboostd( 5725): Received HALT command code 2
08-01 00:40:38.871 E/SurfaceFlinger( 2198): alpha changed 1.000 -> 0.000 - Surface(name=Task=7#306682)/@0xb052b21_transition-leash#357235
08-01 00:40:38.953 E/TransitionChain( 3093): Trying to collect into a finished transition
08-01 00:40:38.953 E/TransitionChain( 3093): Trying to collect into a finished transition
08-01 00:40:38.963 E/SurfaceFlinger( 2198): alpha changed 0.000 -> 1.000 - Surface(name=Task=7#306682)/@0xb052b21_transition-leash#357235
08-01 00:40:38.977 E/pageboostd( 5725): Received HALT command code 2
08-01 00:40:38.992 E/HoneySpace.HotseatPot@157326920( 4932): Illegal access
08-01 00:40:39.012 E/WindowManager( 3093): win=Window{373414f u0 PopupWindow:835783a} destroySurfaces: appStopped=false cleanupOnResume=true win.mWindowRemovalAllowed=false win.mRemoveOnExit=false win.mViewVisibility=8 caller=com.android.server.wm.WindowState.destroySurface:32 com.android.server.wm.ActivityRecord.destroySurfaces:24 com.android.server.wm.TaskFragment.resumeTopActivity:2170 com.android.server.wm.Task.resumeTopActivityInnerLocked:125 com.android.server.wm.Task.resumeTopActivityUncheckedLocked:23 com.android.server.wm.RootWindowContainer.resumeFocusedTasksTopActivities:5 com.android.server.wm.TaskFragment.completePause:191 
08-01 00:40:39.036 E/libbinder.IPCThreadState( 3093): Process seems to be sending too many oneway calls.
08-01 00:40:39.042 E/WindowManager( 3093): win=Window{1e1062b u0 com.sec.android.app.launcher/com.sec.android.app.launcher.activities.LauncherActivity} destroySurfaces: appStopped=true cleanupOnResume=false win.mWindowRemovalAllowed=false win.mRemoveOnExit=false win.mViewVisibility=4 caller=com.android.server.wm.ActivityRecord.destroySurfaces:24 com.android.server.wm.ActivityRecord.activityStopped:209 com.android.server.wm.ActivityClientController.activityStopped:102 android.app.IActivityClientController$Stub.onTransact:829 com.android.server.wm.ActivityClientController.onTransact:1 android.os.Binder.execTransactInternal:1514 android.os.Binder.execTransact:1454 
08-01 00:40:39.071 E/SurfaceFlinger( 2198): alpha changed 1.000 -> 0.000 - Surface(name=Task=348#344580)/@0xd5962b5_transition-leash#357240
08-01 00:40:39.071 E/SurfaceFlinger( 2198): alpha changed 0.000 -> 0.000 - Surface(name=Task=348#344580)/@0xd5962b5_transition-leash#357240
08-01 00:40:39.083 E/WindowManager( 3093): win=Window{c3d8599 u0 com.google.android.googlequicksearchbox/com.google.android.apps.lens.ContextualSearchEntrypoint} destroySurfaces: appStopped=true cleanupOnResume=false win.mWindowRemovalAllowed=false win.mRemoveOnExit=false win.mViewVisibility=8 caller=com.android.server.wm.ActivityRecord.destroySurfaces:24 com.android.server.wm.ActivityRecord.activityStopped:209 com.android.server.wm.ActivityClientController.activityStopped:102 android.app.IActivityClientController$Stub.onTransact:829 com.android.server.wm.ActivityClientController.onTransact:1 android.os.Binder.execTransactInternal:1514 android.os.Binder.execTransact:1454 
08-01 00:40:39.101 E/ActivityThread(16817): Failed to find provider info for com.zhiliaoapp.musically.apm
08-01 00:40:39.104 E/SurfaceFlinger( 2198): alpha changed 0.000 -> 0.681 - Surface(name=Task=348#344580)/@0xd5962b5_transition-leash#357240
08-01 00:40:39.168 E/ActivityThread(16817): Failed to find provider info for com.zhiliaoapp.musically.apm
08-01 00:40:39.271 E/FrameEvents(16817): addRelease: Did not find frame.
08-01 00:40:39.287 E/SurfaceFlinger( 2198): alpha changed 1.000 -> 0.000 - Surface(name=36d3d2e InputMethod#306690)/@0xba43165 - animation-leash of insets_animation#357252
08-01 00:40:39.288 E/oneway spamming( 3093):   #00 pc 00000000000869d4  /system/lib64/libbinder.so (android::BpBinder::transact(unsigned int, android::Parcel const&, android::Parcel*, unsigned int)+492) (BuildId: 973fc90844051c9ef52eca3a06715da4)
08-01 00:40:39.288 E/oneway spamming( 3093):   #01 pc 00000000001fd7f0  /system/lib64/libandroid_runtime.so (android_os_BinderProxy_transact(_JNIEnv*, _jobject*, int, _jobject*, _jobject*, int)+156) (BuildId: eed4a52206faca0c3a618534f58753cf)
08-01 00:40:39.288 E/oneway spamming( 3093):   #02 pc 0000000000dbb97c  /data/misc/apexdata/com.android.art/dalvik-cache/arm64/boot.oat (art_jni_trampoline+140)
08-01 00:40:39.288 E/oneway spamming( 3093):   #03 pc 000000000093b6cc  /data/misc/apexdata/com.android.art/dalvik-cache/arm64/boot.oat (android.os.BinderProxy.transact+2492)
08-01 00:40:39.288 E/oneway spamming( 3093):   #04 pc 000000000072bb3c  /apex/com.android.art/lib64/libart.so (nterp_helper+2732) (BuildId: cecb684d19b4f44ee3cbd66142c315f4)
08-01 00:40:39.288 E/oneway spamming( 3093):   #05 pc 00000000002556ce  /system/framework/framework.jar (offset 0x6000) (android.app.ITaskStackListener$Stub$Proxy.onActivityRestartAttempt+70)
08-01 00:40:39.288 E/oneway spamming( 3093):   #06 pc 00000000020d2424  /memfd:jit-cache (deleted) (offset 0x2000000) (com.android.server.wm.TaskChangeNotificationController$$ExternalSyntheticLambda0.accept+644)
08-01 00:40:39.288 E/oneway spamming( 3093):   #07 pc 000000000283de0c  /memfd:jit-cache (deleted) (offset 0x2000000) (com.android.server.wm.TaskChangeNotificationController.-$$Nest$mforAllRemoteListeners+268)
08-01 00:40:39.288 E/oneway spamming( 3093):   #08 pc 00000000026584d8  /memfd:jit-cache (deleted) (offset 0x2000000) (com.android.server.wm.TaskChangeNotificationController$MainHandler.handleMessage+1448)
08-01 00:40:39.288 E/oneway spamming( 3093):   #09 pc 00000000008dfef8  /data/misc/apexdata/com.android.art/dalvik-cache/arm64/boot.oat (android.os.Handler.dispatchMessage+152)
08-01 00:40:39.288 E/oneway spamming( 3093):   #10 pc 000000000095b5a8  /data/misc/apexdata/com.android.art/dalvik-cache/arm64/boot.oat (android.os.Looper.loopOnce+3096)
08-01 00:40:39.288 E/oneway spamming( 3093):   #11 pc 000000000095a914  /data/misc/apexdata/com.android.art/dalvik-cache/arm64/boot.oat (android.os.Looper.loop+244)
08-01 00:40:39.288 E/oneway spamming( 3093):   #12 pc 000000000094d038  /data/misc/apexdata/com.android.art/dalvik-cache/arm64/boot.oat (android.os.HandlerThread.run+472)
08-01 00:40:39.288 E/oneway spamming( 3093):   #13 pc 000000000072b8dc  /apex/com.android.art/lib64/libart.so (nterp_helper+2124) (BuildId: cecb684d19b4f44ee3cbd66142c315f4)
08-01 00:40:39.288 E/oneway spamming( 3093):   #14 pc 0000000000306e4a  /system/framework/framework.jar (offset 0x28e7000) (com.android.server.ServiceThread.run+22)
08-01 00:40:39.288 E/oneway spamming( 3093):   #15 pc 00000000002aaf94  /apex/com.android.art/lib64/libart.so (art_quick_invoke_stub+612) (BuildId: cecb684d19b4f44ee3cbd66142c315f4)
08-01 00:40:39.288 E/oneway spamming( 3093):   #16 pc 00000000002a9268  /apex/com.android.art/lib64/libart.so (art::ArtMethod::Invoke(art::Thread*, unsigned int*, unsigned int, art::JValue*, char const*)+148) (BuildId: cecb684d19b4f44ee3cbd66142c315f4)
08-01 00:40:39.288 E/oneway spamming( 3093):   #17 pc 00000000004e1a68  /apex/com.android.art/lib64/libart.so (art::Thread::CreateCallback(void*)+1384) (BuildId: cecb684d19b4f44ee3cbd66142c315f4)
08-01 00:40:39.288 E/oneway spamming( 3093):   #18 pc 00000000004e14ec  /apex/com.android.art/lib64/libart.so (art::Thread::CreateCallbackWithUffdGc(void*)+12) (BuildId: cecb684d19b4f44ee3cbd66142c315f4)
08-01 00:40:39.288 E/oneway spamming( 3093):   #19 pc 00000000000865ac  /apex/com.android.runtime/lib64/bionic/libc.so (__pthread_start(void*) (.__uniq.67847048707805468364044055584648682506)+184) (BuildId: 1ec1d41f7c9e3e45043ebfef05c0ed3d)
08-01 00:40:39.288 E/oneway spamming( 3093):   #20 pc 0000000000078ecc  /apex/com.android.runtime/lib64/bionic/libc.so (__start_thread+68) (BuildId: 1ec1d41f7c9e3e45043ebfef05c0ed3d)
08-01 00:40:39.296 E/AppOps  ( 3093): attributionTag  not declared in manifest of com.zhiliaoapp.musically
08-01 00:40:39.297 E/AppOps  ( 3093): attributionTag  not declared in manifest of com.zhiliaoapp.musically
08-01 00:40:39.299 E/FrameEvents(16817): addRelease: Did not find frame.
08-01 00:40:39.342 E/FlexPanelStartController( 4266): failed to call SemStatusBarManager
08-01 00:40:39.342 E/FlexPanelStartController( 4266): java.lang.NullPointerException
08-01 00:40:39.342 E/FlexPanelStartController( 4266): 	at com.android.wm.shell.flexpanel.FlexPanelStartController.onFlexModeChanged(qb/111684928 80d0ebc2d11fc069506f954a8624ba64b8132103f5e7677332960c1f301d015e:24)
08-01 00:40:39.342 E/FlexPanelStartController( 4266): 	at com.android.wm.shell.flexpanel.FlexPanelStartController$1.onReceive(qb/111684928 80d0ebc2d11fc069506f954a8624ba64b8132103f5e7677332960c1f301d015e:101)
08-01 00:40:39.342 E/FlexPanelStartController( 4266): 	at android.app.LoadedApk$ReceiverDispatcher$Args.lambda$getRunnable$0(LoadedApk.java:2073)
08-01 00:40:39.342 E/FlexPanelStartController( 4266): 	at android.app.LoadedApk$ReceiverDispatcher$Args.$r8$lambda$mcNAAl1SQ4MyJPyDg8TJ2x2h0Rk(LoadedApk.java:0)
08-01 00:40:39.342 E/FlexPanelStartController( 4266): 	at android.app.LoadedApk$ReceiverDispatcher$Args$$ExternalSyntheticLambda0.run(D8$$SyntheticClass:0)
08-01 00:40:39.342 E/FlexPanelStartController( 4266): 	at android.os.Handler.handleCallback(Handler.java:1070)
08-01 00:40:39.342 E/FlexPanelStartController( 4266): 	at android.os.Handler.dispatchMessage(Handler.java:125)
08-01 00:40:39.342 E/FlexPanelStartController( 4266): 	at android.os.Looper.dispatchMessage(Looper.java:358)
08-01 00:40:39.342 E/FlexPanelStartController( 4266): 	at android.os.Looper.loopOnce(Looper.java:288)
08-01 00:40:39.342 E/FlexPanelStartController( 4266): 	at android.os.Looper.loop(Looper.java:392)
08-01 00:40:39.342 E/FlexPanelStartController( 4266): 	at android.app.ActivityThread.main(ActivityThread.java:10346)
08-01 00:40:39.342 E/FlexPanelStartController( 4266): 	at java.lang.reflect.Method.invoke(Native Method)
08-01 00:40:39.342 E/FlexPanelStartController( 4266): 	at com.android.internal.os.RuntimeInit$MethodAndArgsCaller.run(RuntimeInit.java:638)
08-01 00:40:39.342 E/FlexPanelStartController( 4266): 	at com.android.internal.os.ZygoteInit.main(ZygoteInit.java:972)
08-01 00:40:39.358 E/ACDB    ( 2759): vendor/qcom/proprietary/args/acdb/src/acdb_command.c:AcdbCmdGetProcSubgraphCalDataPersist:8247 Error[19]: No calibration found
08-01 00:40:39.358 E/ACDB    ( 2759): vendor/qcom/proprietary/args/acdb/src/acdb_command.c:AcdbCmdGetProcSubgraphCalDataPersist:8247 Error[19]: No calibration found
08-01 00:40:39.358 E/ACDB    ( 2759): vendor/qcom/proprietary/args/acdb/src/acdb_command.c:AcdbCmdGetProcSubgraphCalDataPersist:8247 Error[19]: No calibration found
08-01 00:40:39.358 E/ACDB    ( 2759): vendor/qcom/proprietary/args/acdb/src/acdb_command.c:AcdbCmdGetProcSubgraphCalDataPersist:8247 Error[19]: No calibration found
08-01 00:40:39.360 E/ACDB    ( 2759): vendor/qcom/proprietary/args/acdb/src/acdb_command.c:AcdbCmdGetProcSubgraphCalDataPersist:8247 Error[19]: No calibration found
08-01 00:40:39.360 E/ACDB    ( 2759): vendor/qcom/proprietary/args/acdb/src/acdb_command.c:AcdbCmdGetProcSubgraphCalDataPersist:8247 Error[19]: No calibration found
08-01 00:40:39.360 E/ACDB    ( 2759): vendor/qcom/proprietary/args/acdb/src/acdb_command.c:AcdbCmdGetProcSubgraphCalDataPersist:8247 Error[19]: No calibration found
08-01 00:40:39.360 E/ACDB    ( 2759): vendor/qcom/proprietary/args/acdb/src/acdb_command.c:AcdbCmdGetProcSubgraphCalDataPersist:8247 Error[19]: No calibration found
08-01 00:40:39.362 E/AGM: graph( 2759): configure_buffer_params: 300 Unsupported buffer mode : 0, Default to Blocking
08-01 00:40:39.459 E/WindowManager( 3093): win=Window{31a6c5e u0 com.sec.android.app.launcher/com.android.quickstep.RecentsActivity} destroySurfaces: appStopped=true cleanupOnResume=false win.mWindowRemovalAllowed=false win.mRemoveOnExit=false win.mViewVisibility=8 caller=com.android.server.wm.ActivityRecord.destroySurfaces:24 com.android.server.wm.ActivityRecord.activityStopped:209 com.android.server.wm.ActivityClientController.activityStopped:102 android.app.IActivityClientController$Stub.onTransact:829 com.android.server.wm.ActivityClientController.onTransact:1 android.os.Binder.execTransactInternal:1514 android.os.Binder.execTransact:1454 
08-01 00:40:39.704 E/WindowManager( 3093): win=Window{36d3d2e u0 InputMethod} destroySurfaces: appStopped=true cleanupOnResume=false win.mWindowRemovalAllowed=false win.mRemoveOnExit=false win.mViewVisibility=8 caller=com.android.server.wm.WindowManagerService.tryStartExitingAnimation:128 com.android.server.wm.WindowManagerService.relayoutWindow:1121 com.android.server.wm.Session.relayout:30 android.view.IWindowSession$Stub.onTransact:840 com.android.server.wm.Session.onTransact:1 android.os.Binder.execTransactInternal:1509 android.os.Binder.execTransact:1454 
08-01 00:40:39.720 E/SurfaceFlinger( 2198): alpha changed 1.000 -> 0.000 - Surface(name=36d3d2e InputMethod#306690)/@0xba43165 - animation-leash of insets_animation#357254
08-01 00:40:40.020 E/WindowManager( 3093): win=Window{689e1c6 u0 SnapshotStartingWindow for taskId=348 EXITING} destroySurfaces: appStopped=false cleanupOnResume=false win.mWindowRemovalAllowed=true win.mRemoveOnExit=true win.mViewVisibility=0 caller=com.android.server.wm.WindowState.onExitAnimationDone:224 com.android.server.wm.WindowState.onAnimationFinished:174 com.android.server.wm.WindowContainer$$ExternalSyntheticLambda8.onAnimationFinished:3 com.android.server.wm.SurfaceAnimator$$ExternalSyntheticLambda0.onAnimationFinished:69 com.android.server.wm.LocalAnimationAdapter$$ExternalSyntheticLambda0.run:10 android.os.Handler.handleCallback:1070 android.os.Handler.dispatchMessage:125 
08-01 00:40:40.028 E/SurfaceFlinger( 2198): alpha changed 0.007 -> 0.000 - Surface(name=689e1c6 SnapshotStartingWindow for taskId=348#357237)/@0x6603242 - animation-leash of window_animation#357255
08-01 00:40:40.113 E/AppOps  ( 3093): attributionTag  not declared in manifest of com.zhiliaoapp.musically
08-01 00:40:40.113 E/AppOps  ( 3093): attributionTag  not declared in manifest of com.zhiliaoapp.musically
08-01 00:40:40.139 E/AppOps  ( 3093): attributionTag  not declared in manifest of com.zhiliaoapp.musically
08-01 00:40:40.140 E/AppOps  ( 3093): attributionTag  not declared in manifest of com.zhiliaoapp.musically
08-01 00:40:40.665 E/aoapp.musically(16817): Failed to query component interface for required system resources: 6
08-01 00:40:40.667 E/QC2Comp ( 2072): [avcD_698] configureIntf failed 95
08-01 00:40:40.672 E/QC2V4l2Codec( 2072): [v4lavcD_698]  ? is not a supported pixel format!
08-01 00:40:40.861 E/NativeCustomFrequencyManager( 2198): [NativeCFMS] BpCustomFrequencyManager::acquire()
08-01 00:40:41.040 E/AppOps  ( 3093): attributionTag  not declared in manifest of com.zhiliaoapp.musically
08-01 00:40:41.040 E/AppOps  ( 3093): attributionTag  not declared in manifest of com.zhiliaoapp.musically
08-01 00:40:41.044 E/AppOps  ( 3093): attributionTag  not declared in manifest of com.zhiliaoapp.musically
08-01 00:40:41.045 E/AppOps  ( 3093): attributionTag  not declared in manifest of com.zhiliaoapp.musically
08-01 00:40:41.989 E/TaskPersister( 3093): File error accessing recents directory (directory doesn't exist?).
08-01 00:40:41.990 E/TaskPersister( 3093): File error accessing recents directory (directory doesn't exist?).
08-01 00:40:41.990 E/TaskPersister( 3093): File error accessing recents directory (directory doesn't exist?).
08-01 00:40:41.991 E/TaskPersister( 3093): File error accessing recents directory (directory doesn't exist?).
08-01 00:40:42.111 E/gcblocker(16817): gc block end, 389156516,1566
08-01 00:40:42.422 E/BlackDenseThreshold(16817): searchMovCode64 failed, found 0 sites
08-01 00:40:42.541 E/BatteryDump( 2074): !@new_battery_dump : 3830,-311,1000,3331,41,348,348,405,348,0,367,405,0,Charging,NO_CHARGING,Normal,Good,PDIC,0,Normal,0,0,9300,0x8000,0x10010000,0x0,0,0,0000,0000,00000000,0,0,0,0,539,3808,4078,980,0,
08-01 00:40:43.173 E/AppOps  ( 3093): attributionTag  not declared in manifest of com.zhiliaoapp.musically
08-01 00:40:43.173 E/AppOps  ( 3093): attributionTag  not declared in manifest of com.zhiliaoapp.musically
08-01 00:40:43.176 E/AppOps  ( 3093): attributionTag  not declared in manifest of com.zhiliaoapp.musically
08-01 00:40:43.176 E/AppOps  ( 3093): attributionTag  not declared in manifest of com.zhiliaoapp.musically
08-01 00:40:43.191 E/NativeCustomFrequencyManager( 2198): [NativeCFMS] BpCustomFrequencyManager::acquire()
08-01 00:40:43.482 E/Forest_null(16817): could not get any valid access key from remote settings
08-01 00:40:43.482 E/Forest_ResourceFetcherChain(16817): fetchAsync error:300: geckoError:gecko File Not Found, 
08-01 00:40:43.490 E/Forest_ResourceFetcherChain(16817): fetchAsync error:3300: geckoError:gecko File Not Found, builtinError:builtin resource not exists, 
08-01 00:40:43.965 E/mAFPC_ABC( 3093): [READ] [TYPE : 0] saProcess : 0
08-01 00:40:44.250 E/gcblocker(16817): gc block end, 389159471,750
08-01 00:40:44.553 E/BlackDenseThreshold(16817): searchMovCode64 failed, found 0 sites
08-01 00:40:44.699 E/NativeCustomFrequencyManager( 2198): [NativeCFMS] BpCustomFrequencyManager::acquire()
08-01 00:40:44.711 E/ActivityThread(16817): Failed to find provider info for com.zhiliaoapp.musically.apm
08-01 00:40:46.219 E/NativeCustomFrequencyManager( 2198): [NativeCFMS] BpCustomFrequencyManager::acquire()
08-01 00:40:46.367 E/Forest_GeckoFetcher(16817): download failed with waitGeckoUpdate=false ,channel = iab_main_ak_rlynx,bundle = iab_main_ak_rlynx/agentHintsBar/template.js
08-01 00:40:46.367 E/Forest_GeckoFetcher(16817): java.lang.Throwable: invalid channel
08-01 00:40:46.367 E/Forest_GeckoFetcher(16817): 	at X.12w7.LJIIIZ(SourceFile:50331778)
08-01 00:40:46.367 E/Forest_GeckoFetcher(16817): 	at X.14E0.LIZJ(SourceFile:33554537)
08-01 00:40:46.367 E/Forest_GeckoFetcher(16817): 	at X.14EY.LIZJ(SourceFile:33554454)
08-01 00:40:46.367 E/Forest_GeckoFetcher(16817): 	at X.14ET.proceed(SourceFile:16777229)
08-01 00:40:46.367 E/Forest_GeckoFetcher(16817): 	at X.14EO.LIZJ(SourceFile:33555787)
08-01 00:40:46.367 E/Forest_GeckoFetcher(16817): 	at X.14ET.proceed(SourceFile:16777303)
08-01 00:40:46.367 E/Forest_GeckoFetcher(16817): 	at X.14Dn.LIZJ(SourceFile:33554769)
08-01 00:40:46.367 E/Forest_GeckoFetcher(16817): 	at X.14ET.proceed(SourceFile:16777303)
08-01 00:40:46.367 E/Forest_GeckoFetcher(16817): 	at X.14D1.LIZJ(SourceFile:33554432)
08-01 00:40:46.367 E/Forest_GeckoFetcher(16817): 	at X.14ET.proceed(SourceFile:16777303)
08-01 00:40:46.367 E/Forest_GeckoFetcher(16817): 	at X.14Eb.LJ(SourceFile:67108892)
08-01 00:40:46.367 E/Forest_GeckoFetcher(16817): 	at X.14FD.run(SourceFile:22)
08-01 00:40:46.367 E/Forest_GeckoFetcher(16817): 	at Y.AObjectS117S0100000_13.invoke$3(SourceFile:16777222)
08-01 00:40:46.367 E/Forest_GeckoFetcher(16817): 	at Y.AObjectS117S0100000_13.invoke(SourceFile:37)
08-01 00:40:46.367 E/Forest_GeckoFetcher(16817): 	at X.0WK0.invoke(SourceFile:4)
08-01 00:40:46.367 E/Forest_GeckoFetcher(16817): 	at X.0V6C.LIZ(SourceFile:50331890)
08-01 00:40:46.367 E/Forest_GeckoFetcher(16817): 	at X.0WJw.LIZJ(SourceFile:86)
08-01 00:40:46.367 E/Forest_GeckoFetcher(16817): 	at X.0WJw.run(SourceFile:0)
08-01 00:40:46.367 E/Forest_GeckoFetcher(16817): 	at X.0SRz.run(SourceFile:2)
08-01 00:40:46.367 E/Forest_GeckoFetcher(16817): 	at java.util.concurrent.ThreadPoolExecutor.runWorker(ThreadPoolExecutor.java:1100)
08-01 00:40:46.367 E/Forest_GeckoFetcher(16817): 	at java.util.concurrent.ThreadPoolExecutor$Worker.run(ThreadPoolExecutor.java:624)
08-01 00:40:46.367 E/Forest_GeckoFetcher(16817): 	at X.0WK2.run(SourceFile:9)
08-01 00:40:46.367 E/Forest_GeckoFetcher(16817): 	at java.lang.Thread.run(Thread.java:1572)
08-01 00:40:46.367 E/Forest_GeckoFetcher(16817): 	at com.bytedance.bpea.transmit.delegate.BPEAThread.com_bytedance_bpea_transmit_delegate_BPEAThread__run$___twin___(SourceFile:9)
08-01 00:40:46.367 E/Forest_GeckoFetcher(16817): 	at com.bytedance.bpea.transmit.delegate.BPEAThread.com_bytedance_bpea_transmit_delegate_BPEAThread_com_ss_android_ugc_aweme_lancet_RunnableGuardLancet_run(SourceFile:16777216)
08-01 00:40:46.367 E/Forest_GeckoFetcher(16817): 	at com.bytedance.bpea.transmit.delegate.BPEAThread.run(SourceFile:0)
08-01 00:40:47.721 E/NativeCustomFrequencyManager( 2198): [NativeCFMS] BpCustomFrequencyManager::acquire()
08-01 00:40:48.629 E/ByteVC2_dec(16817): vc2_thread [warning]: WPP is not supported by the bitstream, turn it off
08-01 00:40:48.704 E/BlackDenseThreshold(16817): searchMovCode64 failed, found 0 sites
08-01 00:40:49.226 E/NativeCustomFrequencyManager( 2198): [NativeCFMS] BpCustomFrequencyManager::acquire()
08-01 00:40:50.728 E/NativeCustomFrequencyManager( 2198): [NativeCFMS] BpCustomFrequencyManager::acquire()
08-01 00:40:51.714 E/WindowManager( 3093): win=Window{1634bb1 u0 com.sec.android.app.launcher/com.samsung.app.honeyspace.edge.edgepanel.app.CocktailBarService} destroySurfaces: appStopped=true cleanupOnResume=false win.mWindowRemovalAllowed=false win.mRemoveOnExit=false win.mViewVisibility=8 caller=com.android.server.wm.WindowManagerService.tryStartExitingAnimation:128 com.android.server.wm.WindowManagerService.relayoutWindow:1121 com.android.server.wm.Session.relayout:30 android.view.IWindowSession$Stub.onTransact:840 com.android.server.wm.Session.onTransact:1 android.os.Binder.execTransactInternal:1514 android.os.Binder.execTransact:1454 
08-01 00:40:52.264 E/NativeCustomFrequencyManager( 2198): [NativeCFMS] BpCustomFrequencyManager::acquire()
08-01 00:40:52.706 E/BatteryDump( 2074): !@new_battery_dump : 3878,1152,1425,3331,41,349,352,420,349,0,365,420,0,Charging,NO_CHARGING,Normal,Good,PDIC,0,Normal,0,0,9300,0x8000,0x10010000,0x0,0,0,0000,0000,00000000,0,0,0,0,539,3809,4082,980,0,
08-01 00:40:52.744 E/NotifRow( 4266): Magnetic state changed from IDLE to IDLE on a null swiped listener, or the logging key of the listener is null
08-01 00:40:52.759 E/FlexPanelStartController( 4266): failed to call SemStatusBarManager
08-01 00:40:52.759 E/FlexPanelStartController( 4266): java.lang.NullPointerException
08-01 00:40:52.759 E/FlexPanelStartController( 4266): 	at com.android.wm.shell.flexpanel.FlexPanelStartController.onFlexModeChanged(qb/111684928 80d0ebc2d11fc069506f954a8624ba64b8132103f5e7677332960c1f301d015e:24)
08-01 00:40:52.759 E/FlexPanelStartController( 4266): 	at com.android.wm.shell.flexpanel.FlexPanelStartController$1.onReceive(qb/111684928 80d0ebc2d11fc069506f954a8624ba64b8132103f5e7677332960c1f301d015e:72)
08-01 00:40:52.759 E/FlexPanelStartController( 4266): 	at android.app.LoadedApk$ReceiverDispatcher$Args.lambda$getRunnable$0(LoadedApk.java:2073)
08-01 00:40:52.759 E/FlexPanelStartController( 4266): 	at android.app.LoadedApk$ReceiverDispatcher$Args.$r8$lambda$mcNAAl1SQ4MyJPyDg8TJ2x2h0Rk(LoadedApk.java:0)
08-01 00:40:52.759 E/FlexPanelStartController( 4266): 	at android.app.LoadedApk$ReceiverDispatcher$Args$$ExternalSyntheticLambda0.run(D8$$SyntheticClass:0)
08-01 00:40:52.759 E/FlexPanelStartController( 4266): 	at android.os.Handler.handleCallback(Handler.java:1070)
08-01 00:40:52.759 E/FlexPanelStartController( 4266): 	at android.os.Handler.dispatchMessage(Handler.java:125)
08-01 00:40:52.759 E/FlexPanelStartController( 4266): 	at android.os.Looper.dispatchMessage(Looper.java:358)
08-01 00:40:52.759 E/FlexPanelStartController( 4266): 	at android.os.Looper.loopOnce(Looper.java:288)
08-01 00:40:52.759 E/FlexPanelStartController( 4266): 	at android.os.Looper.loop(Looper.java:392)
08-01 00:40:52.759 E/FlexPanelStartController( 4266): 	at android.app.ActivityThread.main(ActivityThread.java:10346)
08-01 00:40:52.759 E/FlexPanelStartController( 4266): 	at java.lang.reflect.Method.invoke(Native Method)
08-01 00:40:52.759 E/FlexPanelStartController( 4266): 	at com.android.internal.os.RuntimeInit$MethodAndArgsCaller.run(RuntimeInit.java:638)
08-01 00:40:52.759 E/FlexPanelStartController( 4266): 	at com.android.internal.os.ZygoteInit.main(ZygoteInit.java:972)
08-01 00:40:52.786 E/WindowManager( 3093): win=Window{114a300 u0 NotificationShade} destroySurfaces: appStopped=true cleanupOnResume=false win.mWindowRemovalAllowed=false win.mRemoveOnExit=false win.mViewVisibility=4 caller=com.android.server.wm.WindowManagerService.tryStartExitingAnimation:128 com.android.server.wm.WindowManagerService.relayoutWindow:1121 com.android.server.wm.Session.relayout:30 android.view.IWindowSession$Stub.onTransact:840 com.android.server.wm.Session.onTransact:1 android.os.Binder.execTransactInternal:1514 android.os.Binder.execTransact:1454 
08-01 00:40:52.957 E/pageboostd( 5725): Received HALT command code 2
08-01 00:40:52.981 E/AppOps  ( 3093): attributionTag  not declared in manifest of com.zhiliaoapp.musically
08-01 00:40:52.982 E/AppOps  ( 3093): attributionTag  not declared in manifest of com.zhiliaoapp.musically
08-01 00:40:52.989 E/AppOps  ( 3093): attributionTag  not declared in manifest of com.zhiliaoapp.musically
08-01 00:40:52.989 E/AppOps  ( 3093): attributionTag  not declared in manifest of com.zhiliaoapp.musically
08-01 00:40:53.009 E/AppOps  ( 3093): attributionTag  not declared in manifest of com.zhiliaoapp.musically
08-01 00:40:53.009 E/AppOps  ( 3093): attributionTag  not declared in manifest of com.zhiliaoapp.musically
08-01 00:40:53.152 E/pageboostd( 5725): Received HALT command code 2
08-01 00:40:53.159 E/SurfaceFlinger( 2198): alpha changed 1.000 -> 0.000 - ActivityRecord{134527082 u0 com.zhiliaoapp.musically/com.ss.android.ugc.aweme.comment.photocomment.PhotoDetailActivityV2 t348}#357278
08-01 00:40:53.159 E/SurfaceFlinger( 2198): alpha changed 0.000 -> 0.500 - ActivityRecord{134527082 u0 com.zhiliaoapp.musically/com.ss.android.ugc.aweme.comment.photocomment.PhotoDetailActivityV2 t348}#357278
08-01 00:40:53.259 E/SurfaceFlinger( 2198): alpha changed 1.000 -> 0.000 - Surface(name=36d3d2e InputMethod#306690)/@0xba43165 - animation-leash of insets_animation#357285
08-01 00:40:53.278 E/BlackDenseThreshold(16817): searchMovCode64 failed, found 0 sites
08-01 00:40:53.847 E/NativeCustomFrequencyManager( 2198): [NativeCFMS] BpCustomFrequencyManager::acquire()
08-01 00:40:55.048 E/SurfaceFlinger( 2198): alpha changed 1.000 -> 0.000 - Surface(name=36d3d2e InputMethod#306690)/@0xba43165 - animation-leash of insets_animation#357299
08-01 00:40:55.118 E/AppOps  ( 3093): attributionTag  not declared in manifest of com.zhiliaoapp.musically
08-01 00:40:55.118 E/AppOps  ( 3093): attributionTag  not declared in manifest of com.zhiliaoapp.musically
08-01 00:40:55.122 E/SurfaceFlinger( 2198): alpha changed 0.016 -> 0.000 - ActivityRecord{134527082 u0 com.zhiliaoapp.musically/com.ss.android.ugc.aweme.comment.photocomment.PhotoDetailActivityV2 t348}#357278
08-01 00:40:55.131 E/SurfaceFlinger( 2198): alpha changed 0.000 -> 1.000 - ActivityRecord{134527082 u0 com.zhiliaoapp.musically/com.ss.android.ugc.aweme.comment.photocomment.PhotoDetailActivityV2 t348}#357278
08-01 00:40:55.161 E/ACDB    ( 2759): vendor/qcom/proprietary/args/acdb/src/acdb_command.c:AcdbCmdGetProcSubgraphCalDataPersist:8247 Error[19]: No calibration found
08-01 00:40:55.161 E/ACDB    ( 2759): vendor/qcom/proprietary/args/acdb/src/acdb_command.c:AcdbCmdGetProcSubgraphCalDataPersist:8247 Error[19]: No calibration found
08-01 00:40:55.161 E/ACDB    ( 2759): vendor/qcom/proprietary/args/acdb/src/acdb_command.c:AcdbCmdGetProcSubgraphCalDataPersist:8247 Error[19]: No calibration found
08-01 00:40:55.161 E/ACDB    ( 2759): vendor/qcom/proprietary/args/acdb/src/acdb_command.c:AcdbCmdGetProcSubgraphCalDataPersist:8247 Error[19]: No calibration found
08-01 00:40:55.163 E/ACDB    ( 2759): vendor/qcom/proprietary/args/acdb/src/acdb_command.c:AcdbCmdGetProcSubgraphCalDataPersist:8247 Error[19]: No calibration found
08-01 00:40:55.163 E/ACDB    ( 2759): vendor/qcom/proprietary/args/acdb/src/acdb_command.c:AcdbCmdGetProcSubgraphCalDataPersist:8247 Error[19]: No calibration found
08-01 00:40:55.163 E/ACDB    ( 2759): vendor/qcom/proprietary/args/acdb/src/acdb_command.c:AcdbCmdGetProcSubgraphCalDataPersist:8247 Error[19]: No calibration found
08-01 00:40:55.163 E/ACDB    ( 2759): vendor/qcom/proprietary/args/acdb/src/acdb_command.c:AcdbCmdGetProcSubgraphCalDataPersist:8247 Error[19]: No calibration found
08-01 00:40:55.165 E/AGM: graph( 2759): configure_buffer_params: 300 Unsupported buffer mode : 0, Default to Blocking
08-01 00:40:55.292 E/WindowManager( 3093): win=Window{5f33061 u0 BackPanelController} destroySurfaces: appStopped=true cleanupOnResume=false win.mWindowRemovalAllowed=false win.mRemoveOnExit=false win.mViewVisibility=8 caller=com.android.server.wm.WindowManagerService.tryStartExitingAnimation:128 com.android.server.wm.WindowManagerService.relayoutWindow:1121 com.android.server.wm.Session.relayout:30 android.view.IWindowSession$Stub.onTransact:840 com.android.server.wm.Session.onTransact:1 android.os.Binder.execTransactInternal:1514 android.os.Binder.execTransact:1454 
08-01 00:40:55.353 E/NativeCustomFrequencyManager( 2198): [NativeCFMS] BpCustomFrequencyManager::acquire()
08-01 00:40:56.471 E/TaskPersister( 3093): File error accessing recents directory (directory doesn't exist?).
08-01 00:40:56.471 E/TaskPersister( 3093): File error accessing recents directory (directory doesn't exist?).
08-01 00:40:56.471 E/TaskPersister( 3093): File error accessing recents directory (directory doesn't exist?).
08-01 00:40:56.471 E/TaskPersister( 3093): File error accessing recents directory (directory doesn't exist?).
08-01 00:40:56.673 E/gcblocker(16817): too long request gcblock: 3004
08-01 00:40:56.673 E/gcblocker(16817): too long GC blocking: 3000
08-01 00:40:56.673 E/gcblocker(16817): gc block end, 389169636,3008
08-01 00:40:56.857 E/NativeCustomFrequencyManager( 2198): [NativeCFMS] BpCustomFrequencyManager::acquire()
08-01 00:40:58.364 E/NativeCustomFrequencyManager( 2198): [NativeCFMS] BpCustomFrequencyManager::acquire()
08-01 00:40:58.818 E/gcblocker(16817): gc block end, 389172645,2144
08-01 00:40:59.129 E/BlackDenseThreshold(16817): searchMovCode64 failed, found 0 sites
08-01 00:40:59.871 E/NativeCustomFrequencyManager( 2198): [NativeCFMS] BpCustomFrequencyManager::acquire()
08-01 00:41:02.876 E/BatteryDump( 2074): !@new_battery_dump : 3877,956,1425,3331,41,350,353,422,350,0,370,422,0,Charging,NO_CHARGING,Normal,Good,PDIC,0,Normal,0,0,9300,0x8000,0x10010000,0x0,0,0,0000,0000,00000000,0,0,0,0,539,3809,4089,980,0,
08-01 00:41:04.121 E/NativeCustomFrequencyManager( 2198): [NativeCFMS] BpCustomFrequencyManager::acquire()
08-01 00:41:05.622 E/NativeCustomFrequencyManager( 2198): [NativeCFMS] BpCustomFrequencyManager::acquire()
08-01 00:41:07.126 E/NativeCustomFrequencyManager( 2198): [NativeCFMS] BpCustomFrequencyManager::acquire()
08-01 00:41:08.123 E/Watchdog( 3093): !@Sync: 1459 heap(MB): 186 / 203 FD: 1583 Threads: 580 [2026-08-01 00:41:08.123]
08-01 00:41:08.632 E/NativeCustomFrequencyManager( 2198): [NativeCFMS] BpCustomFrequencyManager::acquire()
08-01 00:41:09.664 E/pageboostd( 5725): Received HALT command code 2
08-01 00:41:09.685 E/AppOps  ( 3093): attributionTag  not declared in manifest of com.zhiliaoapp.musically
08-01 00:41:09.686 E/AppOps  ( 3093): attributionTag  not declared in manifest of com.zhiliaoapp.musically
08-01 00:41:09.756 E/pageboostd( 5725): Received HALT command code 2
08-01 00:41:09.768 E/SurfaceFlinger( 2198): alpha changed 1.000 -> 0.000 - ActivityRecord{48666436 u0 com.zhiliaoapp.musically/com.ss.android.ugc.aweme.comment.photocomment.PhotoDetailActivityV2 t348}#357300
08-01 00:41:09.768 E/SurfaceFlinger( 2198): alpha changed 0.000 -> 0.500 - ActivityRecord{48666436 u0 com.zhiliaoapp.musically/com.ss.android.ugc.aweme.comment.photocomment.PhotoDetailActivityV2 t348}#357300
08-01 00:41:09.818 E/SurfaceFlinger( 2198): alpha changed 1.000 -> 0.000 - Surface(name=36d3d2e InputMethod#306690)/@0xba43165 - animation-leash of insets_animation#357307
08-01 00:41:10.135 E/NativeCustomFrequencyManager( 2198): [NativeCFMS] BpCustomFrequencyManager::acquire()
08-01 00:41:11.637 E/NativeCustomFrequencyManager( 2198): [NativeCFMS] BpCustomFrequencyManager::acquire()
08-01 00:41:12.671 E/TaskPersister( 3093): File error accessing recents directory (directory doesn't exist?).
08-01 00:41:12.672 E/TaskPersister( 3093): File error accessing recents directory (directory doesn't exist?).
08-01 00:41:12.673 E/TaskPersister( 3093): File error accessing recents directory (directory doesn't exist?).
08-01 00:41:12.673 E/TaskPersister( 3093): File error accessing recents directory (directory doesn't exist?).
08-01 00:41:12.771 E/gcblocker(16817): too long GC blocking: 3000
08-01 00:41:12.771 E/gcblocker(16817): gc block end, 389185738,3004
08-01 00:41:13.030 E/BatteryDump( 2074): !@new_battery_dump : 3885,912,1425,3331,41,351,355,422,351,0,373,422,0,Charging,NO_CHARGING,Normal,Good,PDIC,0,Normal,0,0,9300,0x8000,0x10010000,0x0,0,0,0000,0000,00000000,0,0,0,0,539,3809,4094,980,0,
08-01 00:41:13.110 E/BlackDenseThreshold(16817): searchMovCode64 failed, found 0 sites
08-01 00:41:13.144 E/NativeCustomFrequencyManager( 2198): [NativeCFMS] BpCustomFrequencyManager::acquire()
08-01 00:41:14.040 E/mAFPC_ABC( 3093): [READ] [TYPE : 0] saProcess : 0
08-01 00:41:14.652 E/NativeCustomFrequencyManager( 2198): [NativeCFMS] BpCustomFrequencyManager::acquire()
08-01 00:41:15.051 E/SurfaceFlinger( 2198): alpha changed 1.000 -> 0.000 - Surface(name=36d3d2e InputMethod#306690)/@0xba43165 - animation-leash of insets_animation#357321
08-01 00:41:15.091 E/AppOps  ( 3093): attributionTag  not declared in manifest of com.zhiliaoapp.musically
08-01 00:41:15.091 E/AppOps  ( 3093): attributionTag  not declared in manifest of com.zhiliaoapp.musically
08-01 00:41:15.118 E/SurfaceFlinger( 2198): alpha changed 0.020 -> 0.000 - ActivityRecord{48666436 u0 com.zhiliaoapp.musically/com.ss.android.ugc.aweme.comment.photocomment.PhotoDetailActivityV2 t348}#357300
08-01 00:41:15.126 E/SurfaceFlinger( 2198): alpha changed 0.000 -> 1.000 - ActivityRecord{48666436 u0 com.zhiliaoapp.musically/com.ss.android.ugc.aweme.comment.photocomment.PhotoDetailActivityV2 t348}#357300
08-01 00:41:15.132 E/ACDB    ( 2759): vendor/qcom/proprietary/args/acdb/src/acdb_command.c:AcdbCmdGetProcSubgraphCalDataPersist:8247 Error[19]: No calibration found
08-01 00:41:15.132 E/ACDB    ( 2759): vendor/qcom/proprietary/args/acdb/src/acdb_command.c:AcdbCmdGetProcSubgraphCalDataPersist:8247 Error[19]: No calibration found
08-01 00:41:15.132 E/ACDB    ( 2759): vendor/qcom/proprietary/args/acdb/src/acdb_command.c:AcdbCmdGetProcSubgraphCalDataPersist:8247 Error[19]: No calibration found
08-01 00:41:15.132 E/ACDB    ( 2759): vendor/qcom/proprietary/args/acdb/src/acdb_command.c:AcdbCmdGetProcSubgraphCalDataPersist:8247 Error[19]: No calibration found
08-01 00:41:15.133 E/ACDB    ( 2759): vendor/qcom/proprietary/args/acdb/src/acdb_command.c:AcdbCmdGetProcSubgraphCalDataPersist:8247 Error[19]: No calibration found
08-01 00:41:15.133 E/ACDB    ( 2759): vendor/qcom/proprietary/args/acdb/src/acdb_command.c:AcdbCmdGetProcSubgraphCalDataPersist:8247 Error[19]: No calibration found
08-01 00:41:15.133 E/ACDB    ( 2759): vendor/qcom/proprietary/args/acdb/src/acdb_command.c:AcdbCmdGetProcSubgraphCalDataPersist:8247 Error[19]: No calibration found
08-01 00:41:15.133 E/ACDB    ( 2759): vendor/qcom/proprietary/args/acdb/src/acdb_command.c:AcdbCmdGetProcSubgraphCalDataPersist:8247 Error[19]: No calibration found
08-01 00:41:15.134 E/AGM: graph( 2759): configure_buffer_params: 300 Unsupported buffer mode : 0, Default to Blocking
08-01 00:41:15.262 E/WindowManager( 3093): win=Window{5f33061 u0 BackPanelController} destroySurfaces: appStopped=true cleanupOnResume=false win.mWindowRemovalAllowed=false win.mRemoveOnExit=false win.mViewVisibility=8 caller=com.android.server.wm.WindowManagerService.tryStartExitingAnimation:128 com.android.server.wm.WindowManagerService.relayoutWindow:1121 com.android.server.wm.Session.relayout:30 android.view.IWindowSession$Stub.onTransact:840 com.android.server.wm.Session.onTransact:1 android.os.Binder.execTransactInternal:1514 android.os.Binder.execTransact:1454 
08-01 00:41:16.154 E/NativeCustomFrequencyManager( 2198): [NativeCFMS] BpCustomFrequencyManager::acquire()
08-01 00:41:17.681 E/NativeCustomFrequencyManager( 2198): [NativeCFMS] BpCustomFrequencyManager::acquire()
08-01 00:41:18.147 E/TaskPersister( 3093): File error accessing recents directory (directory doesn't exist?).
08-01 00:41:18.148 E/TaskPersister( 3093): File error accessing recents directory (directory doesn't exist?).
08-01 00:41:18.148 E/TaskPersister( 3093): File error accessing recents directory (directory doesn't exist?).
08-01 00:41:18.149 E/TaskPersister( 3093): File error accessing recents directory (directory doesn't exist?).
08-01 00:41:19.185 E/NativeCustomFrequencyManager( 2198): [NativeCFMS] BpCustomFrequencyManager::acquire()
08-01 00:41:20.692 E/NativeCustomFrequencyManager( 2198): [NativeCFMS] BpCustomFrequencyManager::acquire()
08-01 00:41:21.296 E/WindowManager( 3093): win=Window{5f33061 u0 BackPanelController} destroySurfaces: appStopped=true cleanupOnResume=false win.mWindowRemovalAllowed=false win.mRemoveOnExit=false win.mViewVisibility=8 caller=com.android.server.wm.WindowManagerService.tryStartExitingAnimation:128 com.android.server.wm.WindowManagerService.relayoutWindow:1121 com.android.server.wm.Session.relayout:30 android.view.IWindowSession$Stub.onTransact:840 com.android.server.wm.Session.onTransact:1 android.os.Binder.execTransactInternal:1514 android.os.Binder.execTransact:1454 
08-01 00:41:22.197 E/NativeCustomFrequencyManager( 2198): [NativeCFMS] BpCustomFrequencyManager::acquire()
08-01 00:41:22.648 E/BlackDenseThreshold(16817): searchMovCode64 failed, found 0 sites
08-01 00:41:23.178 E/BatteryDump( 2074): !@new_battery_dump : 3878,607,1425,3331,41,351,355,422,351,0,374,422,0,Charging,NO_CHARGING,Normal,Good,PDIC,0,Normal,0,0,9300,0x8000,0x10010000,0x0,0,0,0000,0000,00000000,0,0,0,0,539,3809,4100,980,0,
08-01 00:41:23.702 E/NativeCustomFrequencyManager( 2198): [NativeCFMS] BpCustomFrequencyManager::acquire()
08-01 00:41:24.195 E/pageboostd( 5725): Received HALT command code 2
08-01 00:41:24.234 E/AppOps  ( 3093): attributionTag  not declared in manifest of com.zhiliaoapp.musically
08-01 00:41:24.234 E/AppOps  ( 3093): attributionTag  not declared in manifest of com.zhiliaoapp.musically
08-01 00:41:24.266 E/pageboostd( 5725): Received HALT command code 2
08-01 00:41:24.271 E/SurfaceFlinger( 2198): alpha changed 1.000 -> 0.000 - ActivityRecord{95570981 u0 com.zhiliaoapp.musically/com.ss.android.ugc.aweme.comment.photocomment.PhotoDetailActivityV2 t348}#357323
08-01 00:41:24.271 E/SurfaceFlinger( 2198): alpha changed 0.000 -> 0.500 - ActivityRecord{95570981 u0 com.zhiliaoapp.musically/com.ss.android.ugc.aweme.comment.photocomment.PhotoDetailActivityV2 t348}#357323
08-01 00:41:24.321 E/SurfaceFlinger( 2198): alpha changed 1.000 -> 0.000 - Surface(name=36d3d2e InputMethod#306690)/@0xba43165 - animation-leash of insets_animation#357330
08-01 00:41:25.210 E/NativeCustomFrequencyManager( 2198): [NativeCFMS] BpCustomFrequencyManager::acquire()
08-01 00:41:26.718 E/NativeCustomFrequencyManager( 2198): [NativeCFMS] BpCustomFrequencyManager::acquire()
08-01 00:41:27.203 E/TaskPersister( 3093): File error accessing recents directory (directory doesn't exist?).
08-01 00:41:27.204 E/TaskPersister( 3093): File error accessing recents directory (directory doesn't exist?).
08-01 00:41:27.204 E/TaskPersister( 3093): File error accessing recents directory (directory doesn't exist?).
08-01 00:41:27.204 E/TaskPersister( 3093): File error accessing recents directory (directory doesn't exist?).
08-01 00:41:27.683 E/SurfaceFlinger( 2198): alpha changed 1.000 -> 0.000 - Surface(name=36d3d2e InputMethod#306690)/@0xba43165 - animation-leash of insets_animation#357344
08-01 00:41:27.728 E/AppOps  ( 3093): attributionTag  not declared in manifest of com.zhiliaoapp.musically
08-01 00:41:27.728 E/AppOps  ( 3093): attributionTag  not declared in manifest of com.zhiliaoapp.musically
08-01 00:41:27.749 E/SurfaceFlinger( 2198): alpha changed 0.016 -> 0.000 - ActivityRecord{95570981 u0 com.zhiliaoapp.musically/com.ss.android.ugc.aweme.comment.photocomment.PhotoDetailActivityV2 t348}#357323
08-01 00:41:27.758 E/SurfaceFlinger( 2198): alpha changed 0.000 -> 1.000 - ActivityRecord{95570981 u0 com.zhiliaoapp.musically/com.ss.android.ugc.aweme.comment.photocomment.PhotoDetailActivityV2 t348}#357323
08-01 00:41:27.773 E/ACDB    ( 2759): vendor/qcom/proprietary/args/acdb/src/acdb_command.c:AcdbCmdGetProcSubgraphCalDataPersist:8247 Error[19]: No calibration found
08-01 00:41:27.773 E/ACDB    ( 2759): vendor/qcom/proprietary/args/acdb/src/acdb_command.c:AcdbCmdGetProcSubgraphCalDataPersist:8247 Error[19]: No calibration found
08-01 00:41:27.773 E/ACDB    ( 2759): vendor/qcom/proprietary/args/acdb/src/acdb_command.c:AcdbCmdGetProcSubgraphCalDataPersist:8247 Error[19]: No calibration found
08-01 00:41:27.773 E/ACDB    ( 2759): vendor/qcom/proprietary/args/acdb/src/acdb_command.c:AcdbCmdGetProcSubgraphCalDataPersist:8247 Error[19]: No calibration found
08-01 00:41:27.774 E/ACDB    ( 2759): vendor/qcom/proprietary/args/acdb/src/acdb_command.c:AcdbCmdGetProcSubgraphCalDataPersist:8247 Error[19]: No calibration found
08-01 00:41:27.774 E/ACDB    ( 2759): vendor/qcom/proprietary/args/acdb/src/acdb_command.c:AcdbCmdGetProcSubgraphCalDataPersist:8247 Error[19]: No calibration found
08-01 00:41:27.774 E/ACDB    ( 2759): vendor/qcom/proprietary/args/acdb/src/acdb_command.c:AcdbCmdGetProcSubgraphCalDataPersist:8247 Error[19]: No calibration found
08-01 00:41:27.774 E/ACDB    ( 2759): vendor/qcom/proprietary/args/acdb/src/acdb_command.c:AcdbCmdGetProcSubgraphCalDataPersist:8247 Error[19]: No calibration found
08-01 00:41:27.775 E/AGM: graph( 2759): configure_buffer_params: 300 Unsupported buffer mode : 0, Default to Blocking
08-01 00:41:27.952 E/WindowManager( 3093): win=Window{5f33061 u0 BackPanelController} destroySurfaces: appStopped=true cleanupOnResume=false win.mWindowRemovalAllowed=false win.mRemoveOnExit=false win.mViewVisibility=8 caller=com.android.server.wm.WindowManagerService.tryStartExitingAnimation:128 com.android.server.wm.WindowManagerService.relayoutWindow:1121 com.android.server.wm.Session.relayout:30 android.view.IWindowSession$Stub.onTransact:840 com.android.server.wm.Session.onTransact:1 android.os.Binder.execTransactInternal:1514 android.os.Binder.execTransact:1454 
08-01 00:41:28.219 E/NativeCustomFrequencyManager( 2198): [NativeCFMS] BpCustomFrequencyManager::acquire()
08-01 00:41:28.476 E/WindowManager( 3093): win=Window{5f33061 u0 BackPanelController} destroySurfaces: appStopped=true cleanupOnResume=false win.mWindowRemovalAllowed=false win.mRemoveOnExit=false win.mViewVisibility=8 caller=com.android.server.wm.WindowManagerService.tryStartExitingAnimation:128 com.android.server.wm.WindowManagerService.relayoutWindow:1121 com.android.server.wm.Session.relayout:30 android.view.IWindowSession$Stub.onTransact:840 com.android.server.wm.Session.onTransact:1 android.os.Binder.execTransactInternal:1514 android.os.Binder.execTransact:1454 
08-01 00:41:29.228 E/gcblocker(16817): gc block end, 389203585,1614
08-01 00:41:29.532 E/BlackDenseThreshold(16817): searchMovCode64 failed, found 0 sites
08-01 00:41:29.726 E/NativeCustomFrequencyManager( 2198): [NativeCFMS] BpCustomFrequencyManager::acquire()
08-01 00:41:30.778 E/TaskPersister( 3093): File error accessing recents directory (directory doesn't exist?).
08-01 00:41:30.779 E/TaskPersister( 3093): File error accessing recents directory (directory doesn't exist?).
08-01 00:41:30.779 E/TaskPersister( 3093): File error accessing recents directory (directory doesn't exist?).
08-01 00:41:30.779 E/TaskPersister( 3093): File error accessing recents directory (directory doesn't exist?).
08-01 00:41:31.231 E/NativeCustomFrequencyManager( 2198): [NativeCFMS] BpCustomFrequencyManager::acquire()
08-01 00:41:32.653 E/AppOps  ( 3093): attributionTag  not declared in manifest of com.zhiliaoapp.musically
08-01 00:41:32.653 E/AppOps  ( 3093): attributionTag  not declared in manifest of com.zhiliaoapp.musically
08-01 00:41:32.688 E/AppOps  ( 3093): attributionTag  not declared in manifest of com.zhiliaoapp.musically
08-01 00:41:32.688 E/AppOps  ( 3093): attributionTag  not declared in manifest of com.zhiliaoapp.musically
08-01 00:41:32.895 E/Forest_null(16817): could not get any valid access key from remote settings
08-01 00:41:32.927 E/Forest_null(16817): could not get any valid access key from remote settings
08-01 00:41:32.949 E/Forest_null(16817): could not get any valid access key from remote settings
08-01 00:41:33.211 E/aoapp.musically(16817): Failed to query component interface for required system resources: 6
08-01 00:41:33.213 E/QC2Comp ( 2072): [hvcD_699] configureIntf failed 95
08-01 00:41:33.217 E/QC2V4l2Codec( 2072): [v4lhvcD_699]  ? is not a supported pixel format!
08-01 00:41:33.267 E/StandardCaps( 2072): max size must equal to/greater than output size
08-01 00:41:33.337 E/BatteryDump( 2074): !@new_battery_dump : 3882,910,1425,3331,41,351,355,424,351,0,375,424,0,Charging,NO_CHARGING,Normal,Good,PDIC,0,Normal,0,0,9300,0x8000,0x10010000,0x0,0,0,0000,0000,00000000,0,0,0,0,539,3809,4105,980,0,
08-01 00:41:33.402 E/Forest_GeckoFetcher(16817): download failed with waitGeckoUpdate=true ,channel = landing_page_r_15_adsformat,bundle = page/template.js
08-01 00:41:33.402 E/Forest_GeckoFetcher(16817): java.lang.Throwable: invalid channel
08-01 00:41:33.402 E/Forest_GeckoFetcher(16817): 	at X.12w7.LJIIIIZZ(SourceFile:33554554)
08-01 00:41:33.402 E/Forest_GeckoFetcher(16817): 	at X.14EP.LIZ(SourceFile:378)
08-01 00:41:33.402 E/Forest_GeckoFetcher(16817): 	at X.14EP.run(SourceFile:5)
08-01 00:41:33.402 E/Forest_GeckoFetcher(16817): 	at Y.AObjectS117S0100000_13.invoke$3(SourceFile:16777222)
08-01 00:41:33.402 E/Forest_GeckoFetcher(16817): 	at Y.AObjectS117S0100000_13.invoke(SourceFile:37)
08-01 00:41:33.402 E/Forest_GeckoFetcher(16817): 	at X.0WK0.invoke(SourceFile:4)
08-01 00:41:33.402 E/Forest_GeckoFetcher(16817): 	at X.0V6C.LIZ(SourceFile:50331890)
08-01 00:41:33.402 E/Forest_GeckoFetcher(16817): 	at X.0WJw.LIZJ(SourceFile:86)
08-01 00:41:33.402 E/Forest_GeckoFetcher(16817): 	at X.0WJw.run(SourceFile:0)
08-01 00:41:33.402 E/Forest_GeckoFetcher(16817): 	at X.0SRz.run(SourceFile:2)
08-01 00:41:33.402 E/Forest_GeckoFetcher(16817): 	at java.util.concurrent.ThreadPoolExecutor.runWorker(ThreadPoolExecutor.java:1100)
08-01 00:41:33.402 E/Forest_GeckoFetcher(16817): 	at java.util.concurrent.ThreadPoolExecutor$Worker.run(ThreadPoolExecutor.java:624)
08-01 00:41:33.402 E/Forest_GeckoFetcher(16817): 	at X.0WK2.run(SourceFile:9)
08-01 00:41:33.402 E/Forest_GeckoFetcher(16817): 	at java.lang.Thread.run(Thread.java:1572)
08-01 00:41:33.402 E/Forest_GeckoFetcher(16817): 	at com.bytedance.bpea.transmit.delegate.BPEAThread.com_bytedance_bpea_transmit_delegate_BPEAThread__run$___twin___(SourceFile:9)
08-01 00:41:33.402 E/Forest_GeckoFetcher(16817): 	at com.bytedance.bpea.transmit.delegate.BPEAThread.com_bytedance_bpea_transmit_delegate_BPEAThread_com_ss_android_ugc_aweme_lancet_RunnableGuardLancet_run(SourceFile:16777216)
08-01 00:41:33.402 E/Forest_GeckoFetcher(16817): 	at com.bytedance.bpea.transmit.delegate.BPEAThread.run(SourceFile:0)
08-01 00:41:33.402 E/Forest_GeckoXAdapter(16817): onLocalNewestVersion:localPackage:com.bytedance.geckox.model.LocalPackageModel@7b72fc2
08-01 00:41:33.695 E/gcblocker(16817): gc block end, 389208866,801
08-01 00:41:34.086 E/BlackDenseThreshold(16817): searchMovCode64 failed, found 0 sites
08-01 00:41:38.233 E/Watchdog( 3093): !@Sync: 1460 heap(MB): 183 / 203 native(MB): 112 FD: 1583 WaitTime: 6 ms GCcnt: 0 FullGC: 0 [2026-08-01 00:41:38.134]
08-01 00:41:38.365 E/ByteVC2_dec(16817): vc2_thread [warning]: WPP is not supported by the bitstream, turn it off
08-01 00:41:38.754 E/AppOps  ( 3093): attributionTag  not declared in manifest of com.zhiliaoapp.musically
08-01 00:41:38.755 E/AppOps  ( 3093): attributionTag  not declared in manifest of com.zhiliaoapp.musically
08-01 00:41:40.334 E/AppOps  ( 3093): attributionTag  not declared in manifest of com.zhiliaoapp.musically
08-01 00:41:40.335 E/AppOps  ( 3093): attributionTag  not declared in manifest of com.zhiliaoapp.musically
08-01 00:41:40.336 E/AppOps  ( 3093): attributionTag  not declared in manifest of com.zhiliaoapp.musically
08-01 00:41:40.336 E/AppOps  ( 3093): attributionTag  not declared in manifest of com.zhiliaoapp.musically
08-01 00:41:40.382 E/AppOps  ( 3093): attributionTag  not declared in manifest of com.zhiliaoapp.musically
08-01 00:41:40.384 E/AppOps  ( 3093): attributionTag  not declared in manifest of com.zhiliaoapp.musically
08-01 00:41:40.448 E/BlackDenseThreshold(16817): searchMovCode64 failed, found 0 sites
08-01 00:41:42.365 E/WindowManager( 3093): win=Window{5f33061 u0 BackPanelController} destroySurfaces: appStopped=true cleanupOnResume=false win.mWindowRemovalAllowed=false win.mRemoveOnExit=false win.mViewVisibility=8 caller=com.android.server.wm.WindowManagerService.tryStartExitingAnimation:128 com.android.server.wm.WindowManagerService.relayoutWindow:1121 com.android.server.wm.Session.relayout:30 android.view.IWindowSession$Stub.onTransact:840 com.android.server.wm.Session.onTransact:1 android.os.Binder.execTransactInternal:1514 android.os.Binder.execTransact:1454 
08-01 00:41:43.348 E/NativeCustomFrequencyManager( 2198): [NativeCFMS] BpCustomFrequencyManager::acquire()
08-01 00:41:43.357 E/WindowManager( 3093): win=Window{1634bb1 u0 com.sec.android.app.launcher/com.samsung.app.honeyspace.edge.edgepanel.app.CocktailBarService} destroySurfaces: appStopped=true cleanupOnResume=false win.mWindowRemovalAllowed=false win.mRemoveOnExit=false win.mViewVisibility=8 caller=com.android.server.wm.WindowManagerService.tryStartExitingAnimation:128 com.android.server.wm.WindowManagerService.relayoutWindow:1121 com.android.server.wm.Session.relayout:30 android.view.IWindowSession$Stub.onTransact:840 com.android.server.wm.Session.onTransact:1 android.os.Binder.execTransactInternal:1514 android.os.Binder.execTransact:1454 
08-01 00:41:43.494 E/BatteryDump( 2074): !@new_battery_dump : 3895,1125,1425,3331,41,352,355,424,351,0,375,424,0,Charging,NO_CHARGING,Normal,Good,PDIC,0,Normal,0,0,9300,0x8000,0x10010000,0x0,0,0,0000,0000,00000000,0,0,0,0,539,3810,4111,980,0,
08-01 00:41:44.127 E/mAFPC_ABC( 3093): [READ] [TYPE : 0] saProcess : 0
08-01 00:41:44.674 E/FlexPanelStartController( 4266): failed to call SemStatusBarManager
08-01 00:41:44.674 E/FlexPanelStartController( 4266): java.lang.NullPointerException
08-01 00:41:44.674 E/FlexPanelStartController( 4266): 	at com.android.wm.shell.flexpanel.FlexPanelStartController.onFlexModeChanged(qb/111684928 80d0ebc2d11fc069506f954a8624ba64b8132103f5e7677332960c1f301d015e:24)
08-01 00:41:44.674 E/FlexPanelStartController( 4266): 	at com.android.wm.shell.flexpanel.FlexPanelStartController$1.onReceive(qb/111684928 80d0ebc2d11fc069506f954a8624ba64b8132103f5e7677332960c1f301d015e:72)
08-01 00:41:44.674 E/FlexPanelStartController( 4266): 	at android.app.LoadedApk$ReceiverDispatcher$Args.lambda$getRunnable$0(LoadedApk.java:2073)
08-01 00:41:44.674 E/FlexPanelStartController( 4266): 	at android.app.LoadedApk$ReceiverDispatcher$Args.$r8$lambda$mcNAAl1SQ4MyJPyDg8TJ2x2h0Rk(LoadedApk.java:0)
08-01 00:41:44.674 E/FlexPanelStartController( 4266): 	at android.app.LoadedApk$ReceiverDispatcher$Args$$ExternalSyntheticLambda0.run(D8$$SyntheticClass:0)
08-01 00:41:44.674 E/FlexPanelStartController( 4266): 	at android.os.Handler.handleCallback(Handler.java:1070)
08-01 00:41:44.674 E/FlexPanelStartController( 4266): 	at android.os.Handler.dispatchMessage(Handler.java:125)
08-01 00:41:44.674 E/FlexPanelStartController( 4266): 	at android.os.Looper.dispatchMessage(Looper.java:358)
08-01 00:41:44.674 E/FlexPanelStartController( 4266): 	at android.os.Looper.loopOnce(Looper.java:288)
08-01 00:41:44.674 E/FlexPanelStartController( 4266): 	at android.os.Looper.loop(Looper.java:392)
08-01 00:41:44.674 E/FlexPanelStartController( 4266): 	at android.app.ActivityThread.main(ActivityThread.java:10346)
08-01 00:41:44.674 E/FlexPanelStartController( 4266): 	at java.lang.reflect.Method.invoke(Native Method)
08-01 00:41:44.674 E/FlexPanelStartController( 4266): 	at com.android.internal.os.RuntimeInit$MethodAndArgsCaller.run(RuntimeInit.java:638)
08-01 00:41:44.674 E/FlexPanelStartController( 4266): 	at com.android.internal.os.ZygoteInit.main(ZygoteInit.java:972)
08-01 00:41:44.676 E/NotifRow( 4266): Magnetic state changed from IDLE to IDLE on a null swiped listener, or the logging key of the listener is null
08-01 00:41:44.678 E/BlackDenseThreshold(16817): searchMovCode64 failed, found 0 sites
08-01 00:41:44.707 E/WindowManager( 3093): win=Window{114a300 u0 NotificationShade} destroySurfaces: appStopped=true cleanupOnResume=false win.mWindowRemovalAllowed=false win.mRemoveOnExit=false win.mViewVisibility=4 caller=com.android.server.wm.WindowManagerService.tryStartExitingAnimation:128 com.android.server.wm.WindowManagerService.relayoutWindow:1121 com.android.server.wm.Session.relayout:30 android.view.IWindowSession$Stub.onTransact:840 com.android.server.wm.Session.onTransact:1 android.os.Binder.execTransactInternal:1514 android.os.Binder.execTransact:1454 
08-01 00:41:50.173 E/pageboostd( 5725): Received HALT command code 2
08-01 00:41:50.217 E/AppOps  ( 3093): attributionTag  not declared in manifest of com.zhiliaoapp.musically
08-01 00:41:50.217 E/AppOps  ( 3093): attributionTag  not declared in manifest of com.zhiliaoapp.musically
08-01 00:41:50.282 E/pageboostd( 5725): Received HALT command code 2
08-01 00:41:50.284 E/SurfaceFlinger( 2198): alpha changed 1.000 -> 0.000 - ActivityRecord{243143977 u0 com.google.android.permissioncontroller/com.android.permissioncontroller.permission.ui.GrantPermissionsActivity t348}#357358
08-01 00:41:50.292 E/SurfaceFlinger( 2198): alpha changed 0.000 -> 1.000 - ActivityRecord{243143977 u0 com.google.android.permissioncontroller/com.android.permissioncontroller.permission.ui.GrantPermissionsActivity t348}#357358
08-01 00:41:50.411 E/AppOps  ( 3093): attributionTag  not declared in manifest of com.zhiliaoapp.musically
08-01 00:41:50.411 E/AppOps  ( 3093): attributionTag  not declared in manifest of com.zhiliaoapp.musically
08-01 00:41:50.556 E/ashmem  (18724): Pinning is deprecated since Android Q. Please use trim or other methods.
08-01 00:41:50.654 E/BlackDenseThreshold(16817): searchMovCode64 failed, found 0 sites
08-01 00:41:52.357 E/HYPER-HAL( 2868): [HandlerUClamp.cpp]set_uclamp_min(): sched_setattr failed for thread 22965, err = -1
08-01 00:41:52.357 E/HYPER-HAL( 2868): [HandlerUClamp.cpp]set_uclamp_min(): sched_setattr failed for thread 22966, err = -1
08-01 00:41:52.358 E/HYPER-HAL( 2868): [HandlerUClamp.cpp]set_uclamp_min(): sched_setattr failed for thread 22893, err = -1
08-01 00:41:52.358 E/HYPER-HAL( 2868): [HandlerUClamp.cpp]set_uclamp_min(): sched_setattr failed for thread 22938, err = -1
08-01 00:41:52.358 E/HYPER-HAL( 2868): [HandlerUClamp.cpp]set_uclamp_min(): sched_setattr failed for thread 22965, err = -1
08-01 00:41:52.358 E/HYPER-HAL( 2868): [HandlerUClamp.cpp]set_uclamp_min(): sched_setattr failed for thread 22966, err = -1
08-01 00:41:52.358 E/HYPER-HAL( 2868): [HandlerUClamp.cpp]set_uclamp_min(): sched_setattr failed for thread 22893, err = -1
08-01 00:41:52.358 E/HYPER-HAL( 2868): [HandlerUClamp.cpp]set_uclamp_min(): sched_setattr failed for thread 22938, err = -1
08-01 00:41:52.593 E/AppOps  ( 3093): attributionTag  not declared in manifest of com.zhiliaoapp.musically
08-01 00:41:52.594 E/AppOps  ( 3093): attributionTag  not declared in manifest of com.zhiliaoapp.musically
08-01 00:41:52.625 E/AppOps  ( 3093): attributionTag  not declared in manifest of com.zhiliaoapp.musically
08-01 00:41:52.626 E/AppOps  ( 3093): attributionTag  not declared in manifest of com.zhiliaoapp.musically
08-01 00:41:53.614 E/AppOps  ( 3093): attributionTag  not declared in manifest of com.zhiliaoapp.musically
08-01 00:41:53.614 E/AppOps  ( 3093): attributionTag  not declared in manifest of com.zhiliaoapp.musically
08-01 00:41:53.648 E/gcblocker(16817): gc block end, 389228774,846
08-01 00:41:53.662 E/BatteryDump( 2074): !@new_battery_dump : 3883,966,1425,3331,41,352,355,427,352,0,375,427,0,Charging,NO_CHARGING,Normal,Good,PDIC,0,Normal,0,0,9300,0x8000,0x10010000,0x0,0,0,0000,0000,00000000,0,0,0,0,539,3810,4117,980,0,
08-01 00:41:53.747 E/AppOps  ( 3093): attributionTag  not declared in manifest of com.zhiliaoapp.musically
08-01 00:41:53.747 E/AppOps  ( 3093): attributionTag  not declared in manifest of com.zhiliaoapp.musically
08-01 00:41:53.784 E/NativeCustomFrequencyManager( 2198): [NativeCFMS] BpCustomFrequencyManager::acquire()
08-01 00:41:53.940 E/BlackDenseThreshold(16817): searchMovCode64 failed, found 0 sites
08-01 00:41:54.287 E/aoapp.musically(16817): Failed to query component interface for required system resources: 6
08-01 00:41:54.289 E/QC2Comp ( 2072): [hvcD_700] configureIntf failed 95
08-01 00:41:54.293 E/QC2V4l2Codec( 2072): [v4lhvcD_700]  ? is not a supported pixel format!
08-01 00:41:54.803 E/gcblocker(16817): gc block end, 389229884,890
08-01 00:41:55.288 E/NativeCustomFrequencyManager( 2198): [NativeCFMS] BpCustomFrequencyManager::acquire()
08-01 00:41:55.554 E/BlackDenseThreshold(16817): searchMovCode64 failed, found 0 sites
08-01 00:41:57.183 E/NativeCustomFrequencyManager( 2198): [NativeCFMS] BpCustomFrequencyManager::acquire()
08-01 00:41:58.457 E/ByteVC2_dec(16817): vc2_thread [warning]: WPP is not supported by the bitstream, turn it off
08-01 00:41:58.685 E/NativeCustomFrequencyManager( 2198): [NativeCFMS] BpCustomFrequencyManager::acquire()
08-01 00:42:00.188 E/NativeCustomFrequencyManager( 2198): [NativeCFMS] BpCustomFrequencyManager::acquire()
08-01 00:42:01.708 E/NativeCustomFrequencyManager( 2198): [NativeCFMS] BpCustomFrequencyManager::acquire()
08-01 00:42:03.222 E/NativeCustomFrequencyManager( 2198): [NativeCFMS] BpCustomFrequencyManager::acquire()
08-01 00:42:03.824 E/BatteryDump( 2074): !@new_battery_dump : 3892,1162,1425,3331,42,352,355,428,352,0,376,428,0,Charging,NO_CHARGING,Normal,Good,PDIC,0,Normal,0,0,9300,0x8000,0x10010000,0x0,0,0,0000,0000,00000000,0,0,0,0,539,3810,4122,980,0,
08-01 00:42:04.134 E/DeviceIconManager(17670): getSvgIcon() fail : /data/user/0/com.android.settings.intelligence/files/bticon/01_00.svg is null 
08-01 00:42:04.447 E/PhoneInterfaceManager( 3945): getDataNetworkTypeForSubscriber: phone is null for sub -1
08-01 00:42:04.744 E/NativeCustomFrequencyManager( 2198): [NativeCFMS] BpCustomFrequencyManager::acquire()
08-01 00:42:06.276 E/NativeCustomFrequencyManager( 2198): [NativeCFMS] BpCustomFrequencyManager::acquire()
08-01 00:42:07.807 E/NativeCustomFrequencyManager( 2198): [NativeCFMS] BpCustomFrequencyManager::acquire()
08-01 00:42:08.244 E/Watchdog( 3093): !@Sync: 1461 heap(MB): 186 / 203 FD: 1586 Threads: 580 [2026-08-01 00:42:08.244]
08-01 00:42:09.346 E/NativeCustomFrequencyManager( 2198): [NativeCFMS] BpCustomFrequencyManager::acquire()
08-01 00:42:09.714 E/BluetoothPowerStatsCollector( 3093): Cannot acquire BluetoothActivityEnergyInfo
08-01 00:42:09.714 E/BluetoothPowerStatsCollector( 3093): java.util.concurrent.ExecutionException: java.lang.RuntimeException: error: 9
08-01 00:42:09.714 E/BluetoothPowerStatsCollector( 3093): 	at java.util.concurrent.CompletableFuture.reportGet(CompletableFuture.java:372)
08-01 00:42:09.714 E/BluetoothPowerStatsCollector( 3093): 	at java.util.concurrent.CompletableFuture.get(CompletableFuture.java:2072)
08-01 00:42:09.714 E/BluetoothPowerStatsCollector( 3093): 	at com.android.server.power.stats.BluetoothPowerStatsCollector.collectStats(qb/111684928 8a2772898477f7cc112f6ac514b611258fb1e5c3f2206b0d202f25701684a852:209)
08-01 00:42:09.714 E/BluetoothPowerStatsCollector( 3093): 	at com.android.server.power.stats.PowerStatsCollector$$ExternalSyntheticLambda0.run(qb/111684928 8a2772898477f7cc112f6ac514b611258fb1e5c3f2206b0d202f25701684a852:12)
08-01 00:42:09.714 E/BluetoothPowerStatsCollector( 3093): 	at android.os.Handler.handleCallback(Handler.java:1070)
08-01 00:42:09.714 E/BluetoothPowerStatsCollector( 3093): 	at android.os.Handler.dispatchMessage(Handler.java:125)
08-01 00:42:09.714 E/BluetoothPowerStatsCollector( 3093): 	at android.os.Looper.dispatchMessage(Looper.java:358)
08-01 00:42:09.714 E/BluetoothPowerStatsCollector( 3093): 	at android.os.Looper.loopOnce(Looper.java:288)
08-01 00:42:09.714 E/BluetoothPowerStatsCollector( 3093): 	at android.os.Looper.loop(Looper.java:392)
08-01 00:42:09.714 E/BluetoothPowerStatsCollector( 3093): 	at android.os.HandlerThread.run(HandlerThread.java:139)
08-01 00:42:09.714 E/BluetoothPowerStatsCollector( 3093): Caused by: java.lang.RuntimeException: error: 9
08-01 00:42:09.714 E/BluetoothPowerStatsCollector( 3093): 	at com.android.server.power.stats.BluetoothPowerStatsCollector$1.onBluetoothActivityEnergyInfoError(qb/111684928 8a2772898477f7cc112f6ac514b611258fb1e5c3f2206b0d202f25701684a852:12)
08-01 00:42:09.714 E/BluetoothPowerStatsCollector( 3093): 	at android.bluetooth.BluetoothAdapter.lambda$requestControllerActivityEnergyInfo$32(BluetoothAdapter.java:3799)
08-01 00:42:09.714 E/BluetoothPowerStatsCollector( 3093): 	at android.bluetooth.BluetoothAdapter$$ExternalSyntheticLambda30.run(D8$$SyntheticClass:0)
08-01 00:42:09.714 E/BluetoothPowerStatsCollector( 3093): 	at com.android.server.SystemServerInitThreadPool$$ExternalSyntheticLambda0.execute(qb/111684928 8a2772898477f7cc112f6ac514b611258fb1e5c3f2206b0d202f25701684a852:1)
08-01 00:42:09.714 E/BluetoothPowerStatsCollector( 3093): 	at android.bluetooth.BluetoothAdapter.requestControllerActivityEnergyInfo(BluetoothAdapter.java:3797)
08-01 00:42:09.714 E/BluetoothPowerStatsCollector( 3093): 	at com.android.server.power.stats.BluetoothPowerStatsCollector.collectStats(qb/111684928 8a2772898477f7cc112f6ac514b611258fb1e5c3f2206b0d202f25701684a852:202)
08-01 00:42:09.714 E/BluetoothPowerStatsCollector( 3093): 	... 7 more
08-01 00:42:13.418 E/NativeCustomFrequencyManager( 2198): [NativeCFMS] BpCustomFrequencyManager::acquire()
08-01 00:42:13.981 E/BatteryDump( 2074): !@new_battery_dump : 3884,1217,1425,3331,42,352,355,422,352,0,376,422,0,Charging,NO_CHARGING,Normal,Good,PDIC,0,Normal,0,0,9300,0x8000,0x10010000,0x0,0,0,0000,0000,00000000,0,0,0,0,539,3810,4129,980,0,
08-01 00:42:14.194 E/mAFPC_ABC( 3093): [READ] [TYPE : 0] saProcess : 0
08-01 00:42:14.934 E/NativeCustomFrequencyManager( 2198): [NativeCFMS] BpCustomFrequencyManager::acquire()
08-01 00:42:15.713 E/WindowManager( 3093): win=Window{1634bb1 u0 com.sec.android.app.launcher/com.samsung.app.honeyspace.edge.edgepanel.app.CocktailBarService} destroySurfaces: appStopped=true cleanupOnResume=false win.mWindowRemovalAllowed=false win.mRemoveOnExit=false win.mViewVisibility=8 caller=com.android.server.wm.WindowManagerService.tryStartExitingAnimation:128 com.android.server.wm.WindowManagerService.relayoutWindow:1121 com.android.server.wm.Session.relayout:30 android.view.IWindowSession$Stub.onTransact:840 com.android.server.wm.Session.onTransact:1 android.os.Binder.execTransactInternal:1514 android.os.Binder.execTransact:1454 
08-01 00:42:16.441 E/NativeCustomFrequencyManager( 2198): [NativeCFMS] BpCustomFrequencyManager::acquire()
08-01 00:42:16.966 E/NotifRow( 4266): Magnetic state changed from IDLE to IDLE on a null swiped listener, or the logging key of the listener is null
08-01 00:42:16.974 E/FlexPanelStartController( 4266): failed to call SemStatusBarManager
08-01 00:42:16.974 E/FlexPanelStartController( 4266): java.lang.NullPointerException
08-01 00:42:16.974 E/FlexPanelStartController( 4266): 	at com.android.wm.shell.flexpanel.FlexPanelStartController.onFlexModeChanged(qb/111684928 80d0ebc2d11fc069506f954a8624ba64b8132103f5e7677332960c1f301d015e:24)
08-01 00:42:16.974 E/FlexPanelStartController( 4266): 	at com.android.wm.shell.flexpanel.FlexPanelStartController$1.onReceive(qb/111684928 80d0ebc2d11fc069506f954a8624ba64b8132103f5e7677332960c1f301d015e:72)
08-01 00:42:16.974 E/FlexPanelStartController( 4266): 	at android.app.LoadedApk$ReceiverDispatcher$Args.lambda$getRunnable$0(LoadedApk.java:2073)
08-01 00:42:16.974 E/FlexPanelStartController( 4266): 	at android.app.LoadedApk$ReceiverDispatcher$Args.$r8$lambda$mcNAAl1SQ4MyJPyDg8TJ2x2h0Rk(LoadedApk.java:0)
08-01 00:42:16.974 E/FlexPanelStartController( 4266): 	at android.app.LoadedApk$ReceiverDispatcher$Args$$ExternalSyntheticLambda0.run(D8$$SyntheticClass:0)
08-01 00:42:16.974 E/FlexPanelStartController( 4266): 	at android.os.Handler.handleCallback(Handler.java:1070)
08-01 00:42:16.974 E/FlexPanelStartController( 4266): 	at android.os.Handler.dispatchMessage(Handler.java:125)
08-01 00:42:16.974 E/FlexPanelStartController( 4266): 	at android.os.Looper.dispatchMessage(Looper.java:358)
08-01 00:42:16.974 E/FlexPanelStartController( 4266): 	at android.os.Looper.loopOnce(Looper.java:288)
08-01 00:42:16.974 E/FlexPanelStartController( 4266): 	at android.os.Looper.loop(Looper.java:392)
08-01 00:42:16.974 E/FlexPanelStartController( 4266): 	at android.app.ActivityThread.main(ActivityThread.java:10346)
08-01 00:42:16.974 E/FlexPanelStartController( 4266): 	at java.lang.reflect.Method.invoke(Native Method)
08-01 00:42:16.974 E/FlexPanelStartController( 4266): 	at com.android.internal.os.RuntimeInit$MethodAndArgsCaller.run(RuntimeInit.java:638)
08-01 00:42:16.974 E/FlexPanelStartController( 4266): 	at com.android.internal.os.ZygoteInit.main(ZygoteInit.java:972)
08-01 00:42:16.994 E/WindowManager( 3093): win=Window{114a300 u0 NotificationShade} destroySurfaces: appStopped=true cleanupOnResume=false win.mWindowRemovalAllowed=false win.mRemoveOnExit=false win.mViewVisibility=4 caller=com.android.server.wm.WindowManagerService.tryStartExitingAnimation:128 com.android.server.wm.WindowManagerService.relayoutWindow:1121 com.android.server.wm.Session.relayout:30 android.view.IWindowSession$Stub.onTransact:840 com.android.server.wm.Session.onTransact:1 android.os.Binder.execTransactInternal:1514 android.os.Binder.execTransact:1454 
08-01 00:42:17.948 E/NativeCustomFrequencyManager( 2198): [NativeCFMS] BpCustomFrequencyManager::acquire()
08-01 00:42:19.473 E/NativeCustomFrequencyManager( 2198): [NativeCFMS] BpCustomFrequencyManager::acquire()
08-01 00:42:20.978 E/NativeCustomFrequencyManager( 2198): [NativeCFMS] BpCustomFrequencyManager::acquire()
08-01 00:42:22.503 E/NativeCustomFrequencyManager( 2198): [NativeCFMS] BpCustomFrequencyManager::acquire()
08-01 00:42:24.005 E/NativeCustomFrequencyManager( 2198): [NativeCFMS] BpCustomFrequencyManager::acquire()
08-01 00:42:24.137 E/BatteryDump( 2074): !@new_battery_dump : 3876,940,1425,3331,42,351,354,424,351,0,375,424,0,Charging,NO_CHARGING,Normal,Good,PDIC,0,Normal,0,0,9300,0x8000,0x10010000,0x0,0,0,0000,0000,00000000,0,0,0,0,539,3810,4136,980,0,
08-01 00:42:25.510 E/NativeCustomFrequencyManager( 2198): [NativeCFMS] BpCustomFrequencyManager::acquire()
08-01 00:42:25.783 E/BlackDenseThreshold(16817): searchMovCode64 failed, found 0 sites
08-01 00:42:27.040 E/NativeCustomFrequencyManager( 2198): [NativeCFMS] BpCustomFrequencyManager::acquire()
08-01 00:42:28.570 E/NativeCustomFrequencyManager( 2198): [NativeCFMS] BpCustomFrequencyManager::acquire()
08-01 00:42:30.072 E/NativeCustomFrequencyManager( 2198): [NativeCFMS] BpCustomFrequencyManager::acquire()
08-01 00:42:31.573 E/NativeCustomFrequencyManager( 2198): [NativeCFMS] BpCustomFrequencyManager::acquire()
08-01 00:42:33.106 E/NativeCustomFrequencyManager( 2198): [NativeCFMS] BpCustomFrequencyManager::acquire()
08-01 00:42:34.298 E/BatteryDump( 2074): !@new_battery_dump : 3891,1170,1425,3331,42,351,354,421,351,0,375,421,0,Charging,NO_CHARGING,Normal,Good,PDIC,0,Normal,0,0,9300,0x8000,0x10010000,0x0,0,0,0000,0000,00000000,0,0,0,0,539,3811,4142,980,0,
08-01 00:42:34.609 E/NativeCustomFrequencyManager( 2198): [NativeCFMS] BpCustomFrequencyManager::acquire()
08-01 00:42:36.106 E/WindowManager( 3093): win=Window{5f33061 u0 BackPanelController} destroySurfaces: appStopped=true cleanupOnResume=false win.mWindowRemovalAllowed=false win.mRemoveOnExit=false win.mViewVisibility=8 caller=com.android.server.wm.WindowManagerService.tryStartExitingAnimation:128 com.android.server.wm.WindowManagerService.relayoutWindow:1121 com.android.server.wm.Session.relayout:30 android.view.IWindowSession$Stub.onTransact:840 com.android.server.wm.Session.onTransact:1 android.os.Binder.execTransactInternal:1514 android.os.Binder.execTransact:1454 
08-01 00:42:36.113 E/NativeCustomFrequencyManager( 2198): [NativeCFMS] BpCustomFrequencyManager::acquire()
08-01 00:42:37.620 E/NativeCustomFrequencyManager( 2198): [NativeCFMS] BpCustomFrequencyManager::acquire()
08-01 00:42:38.242 E/WindowManager( 3093): win=Window{5f33061 u0 BackPanelController} destroySurfaces: appStopped=true cleanupOnResume=false win.mWindowRemovalAllowed=false win.mRemoveOnExit=false win.mViewVisibility=8 caller=com.android.server.wm.WindowManagerService.tryStartExitingAnimation:128 com.android.server.wm.WindowManagerService.relayoutWindow:1121 com.android.server.wm.Session.relayout:30 android.view.IWindowSession$Stub.onTransact:840 com.android.server.wm.Session.onTransact:1 android.os.Binder.execTransactInternal:1514 android.os.Binder.execTransact:1454 
08-01 00:42:38.251 E/Watchdog( 3093): !@Sync: 1462 heap(MB): 198 / 203 FD: 1586 Threads: 580 [2026-08-01 00:42:38.250]
08-01 00:42:39.154 E/NativeCustomFrequencyManager( 2198): [NativeCFMS] BpCustomFrequencyManager::acquire()
08-01 00:42:40.657 E/NativeCustomFrequencyManager( 2198): [NativeCFMS] BpCustomFrequencyManager::acquire()
08-01 00:42:42.164 E/NativeCustomFrequencyManager( 2198): [NativeCFMS] BpCustomFrequencyManager::acquire()
08-01 00:42:43.669 E/NativeCustomFrequencyManager( 2198): [NativeCFMS] BpCustomFrequencyManager::acquire()
08-01 00:42:44.265 E/mAFPC_ABC( 3093): [READ] [TYPE : 0] saProcess : 0
08-01 00:42:44.449 E/BatteryDump( 2074): !@new_battery_dump : 3884,1073,1425,3331,42,350,354,421,350,0,374,421,0,Charging,NO_CHARGING,Normal,Good,PDIC,0,Normal,0,0,9300,0x8000,0x10010000,0x0,0,0,0000,0000,00000000,0,0,0,0,539,3811,4150,980,0,
08-01 00:42:45.175 E/NativeCustomFrequencyManager( 2198): [NativeCFMS] BpCustomFrequencyManager::acquire()
08-01 00:42:46.246 E/WindowManager( 3093): win=Window{5f33061 u0 BackPanelController} destroySurfaces: appStopped=true cleanupOnResume=false win.mWindowRemovalAllowed=false win.mRemoveOnExit=false win.mViewVisibility=8 caller=com.android.server.wm.WindowManagerService.tryStartExitingAnimation:128 com.android.server.wm.WindowManagerService.relayoutWindow:1121 com.android.server.wm.Session.relayout:30 android.view.IWindowSession$Stub.onTransact:840 com.android.server.wm.Session.onTransact:1 android.os.Binder.execTransactInternal:1514 android.os.Binder.execTransact:1454 
08-01 00:42:46.681 E/NativeCustomFrequencyManager( 2198): [NativeCFMS] BpCustomFrequencyManager::acquire()
08-01 00:42:48.187 E/NativeCustomFrequencyManager( 2198): [NativeCFMS] BpCustomFrequencyManager::acquire()
08-01 00:42:49.689 E/NativeCustomFrequencyManager( 2198): [NativeCFMS] BpCustomFrequencyManager::acquire()
08-01 00:42:51.221 E/NativeCustomFrequencyManager( 2198): [NativeCFMS] BpCustomFrequencyManager::acquire()
08-01 00:42:52.237 E/AppOps  ( 3093): attributionTag  not declared in manifest of com.zhiliaoapp.musically
08-01 00:42:52.237 E/AppOps  ( 3093): attributionTag  not declared in manifest of com.zhiliaoapp.musically
08-01 00:42:52.238 E/AppOps  ( 3093): attributionTag  not declared in manifest of com.zhiliaoapp.musically
08-01 00:42:52.238 E/AppOps  ( 3093): attributionTag  not declared in manifest of com.zhiliaoapp.musically
08-01 00:42:52.502 E/Forest_null(16817): could not get any valid access key from remote settings
08-01 00:42:52.540 E/Forest_null(16817): could not get any valid access key from remote settings
08-01 00:42:52.642 E/Forest_null(16817): could not get any valid access key from remote settings
08-01 00:42:52.839 E/aoapp.musically(16817): Failed to query component interface for required system resources: 6
08-01 00:42:52.845 E/QC2Comp ( 2072): [hvcD_701] configureIntf failed 95
08-01 00:42:52.848 E/QC2V4l2Codec( 2072): [v4lhvcD_701]  ? is not a supported pixel format!
08-01 00:42:52.906 E/StandardCaps( 2072): max size must equal to/greater than output size
08-01 00:42:53.379 E/gcblocker(16817): gc block end, 389288480,870
08-01 00:42:53.712 E/Forest_GeckoFetcher(16817): download failed with waitGeckoUpdate=true ,channel = landing_page_r_15_adsformat,bundle = page/template.js
08-01 00:42:53.712 E/Forest_GeckoFetcher(16817): java.lang.Throwable: invalid channel
08-01 00:42:53.712 E/Forest_GeckoFetcher(16817): 	at X.12w7.LJIIIIZZ(SourceFile:33554554)
08-01 00:42:53.712 E/Forest_GeckoFetcher(16817): 	at X.14EP.LIZ(SourceFile:378)
08-01 00:42:53.712 E/Forest_GeckoFetcher(16817): 	at X.14EP.run(SourceFile:5)
08-01 00:42:53.712 E/Forest_GeckoFetcher(16817): 	at Y.AObjectS117S0100000_13.invoke$3(SourceFile:16777222)
08-01 00:42:53.712 E/Forest_GeckoFetcher(16817): 	at Y.AObjectS117S0100000_13.invoke(SourceFile:37)
08-01 00:42:53.712 E/Forest_GeckoFetcher(16817): 	at X.0WK0.invoke(SourceFile:4)
08-01 00:42:53.712 E/Forest_GeckoFetcher(16817): 	at X.0V6C.LIZ(SourceFile:50331890)
08-01 00:42:53.712 E/Forest_GeckoFetcher(16817): 	at X.0WJw.LIZJ(SourceFile:86)
08-01 00:42:53.712 E/Forest_GeckoFetcher(16817): 	at X.0WJw.run(SourceFile:0)
08-01 00:42:53.712 E/Forest_GeckoFetcher(16817): 	at X.0SRz.run(SourceFile:2)
08-01 00:42:53.712 E/Forest_GeckoFetcher(16817): 	at java.util.concurrent.ThreadPoolExecutor.runWorker(ThreadPoolExecutor.java:1100)
08-01 00:42:53.712 E/Forest_GeckoFetcher(16817): 	at java.util.concurrent.ThreadPoolExecutor$Worker.run(ThreadPoolExecutor.java:624)
08-01 00:42:53.712 E/Forest_GeckoFetcher(16817): 	at X.0WK2.run(SourceFile:9)
08-01 00:42:53.712 E/Forest_GeckoFetcher(16817): 	at java.lang.Thread.run(Thread.java:1572)
08-01 00:42:53.712 E/Forest_GeckoFetcher(16817): 	at com.bytedance.bpea.transmit.delegate.BPEAThread.com_bytedance_bpea_transmit_delegate_BPEAThread__run$___twin___(SourceFile:9)
08-01 00:42:53.712 E/Forest_GeckoFetcher(16817): 	at com.bytedance.bpea.transmit.delegate.BPEAThread.com_bytedance_bpea_transmit_delegate_BPEAThread_com_ss_android_ugc_aweme_lancet_RunnableGuardLancet_run(SourceFile:16777216)
08-01 00:42:53.712 E/Forest_GeckoFetcher(16817): 	at com.bytedance.bpea.transmit.delegate.BPEAThread.run(SourceFile:0)
08-01 00:42:53.712 E/Forest_GeckoXAdapter(16817): onLocalNewestVersion:localPackage:com.bytedance.geckox.model.LocalPackageModel@e482d63
08-01 00:42:53.731 E/BlackDenseThreshold(16817): searchMovCode64 failed, found 0 sites
08-01 00:42:53.825 E/ttmn    (16817): <PID-699><79e148f850,ff_demuxer_android.cpp,readFFPacket,938>ffmpeg format error.code:-499960,message:Unknown error 499960
08-01 00:42:53.829 E/QC2PerfCtrlUtil( 2072): Failed to set Power hint
08-01 00:42:53.837 E/AppOps  ( 3093): attributionTag  not declared in manifest of com.zhiliaoapp.musically
08-01 00:42:53.837 E/AppOps  ( 3093): attributionTag  not declared in manifest of com.zhiliaoapp.musically
08-01 00:42:53.838 E/AppOps  ( 3093): attributionTag  not declared in manifest of com.zhiliaoapp.musically
08-01 00:42:53.840 E/AppOps  ( 3093): attributionTag  not declared in manifest of com.zhiliaoapp.musically
08-01 00:42:54.352 E/aoapp.musically(16817): Failed to query component interface for required system resources: 6
08-01 00:42:54.354 E/QC2Comp ( 2072): [hvcD_702] configureIntf failed 95
08-01 00:42:54.356 E/QC2V4l2Codec( 2072): [v4lhvcD_702]  ? is not a supported pixel format!
08-01 00:42:54.368 E/AppOps  ( 3093): attributionTag  not declared in manifest of com.zhiliaoapp.musically
08-01 00:42:54.368 E/AppOps  ( 3093): attributionTag  not declared in manifest of com.zhiliaoapp.musically
08-01 00:42:54.368 E/ttmn    (16817): <PID-702><79e1498bb0,ff_demuxer_android.cpp,open,530>ffmpeg format error.code:-1414092869,message:Immediate exit requested
08-01 00:42:54.383 E/aoapp.musically(16817): No package ID ff found for resource ID 0xffffffff.
08-01 00:42:54.383 E/aoapp.musically(16817): No package ID ff found for resource ID 0xffffffff.
08-01 00:42:54.383 E/aoapp.musically(16817): No package ID ff found for resource ID 0xffffffff.
08-01 00:42:54.383 E/aoapp.musically(16817): No package ID ff found for resource ID 0xffffffff.
08-01 00:42:54.383 E/aoapp.musically(16817): No package ID ff found for resource ID 0xffffffff.
08-01 00:42:54.383 E/aoapp.musically(16817): No package ID ff found for resource ID 0xffffffff.
08-01 00:42:54.383 E/aoapp.musically(16817): No package ID ff found for resource ID 0xffffffff.
08-01 00:42:54.383 E/aoapp.musically(16817): No package ID ff found for resource ID 0xffffffff.
08-01 00:42:54.383 E/aoapp.musically(16817): No package ID ff found for resource ID 0xffffffff.
08-01 00:42:54.383 E/aoapp.musically(16817): No package ID ff found for resource ID 0xffffffff.
08-01 00:42:54.403 E/aoapp.musically(16817): Failed to query component interface for required system resources: 6
08-01 00:42:54.409 E/QC2Comp ( 2072): [hvcD_703] configureIntf failed 95
08-01 00:42:54.410 E/QC2V4l2Codec( 2072): [v4lhvcD_703]  ? is not a supported pixel format!
08-01 00:42:54.428 E/aoapp.musically(16817): Failed to query component interface for required system resources: 6
08-01 00:42:54.435 E/QC2Comp ( 2072): [hvcD_704] configureIntf failed 95
08-01 00:42:54.439 E/QC2V4l2Codec( 2072): [v4lhvcD_704]  ? is not a supported pixel format!
08-01 00:42:54.441 E/AppOps  ( 3093): attributionTag  not declared in manifest of com.zhiliaoapp.musically
08-01 00:42:54.441 E/AppOps  ( 3093): attributionTag  not declared in manifest of com.zhiliaoapp.musically
08-01 00:42:54.480 E/StandardCaps( 2072): max size must equal to/greater than output size
08-01 00:42:54.614 E/BatteryDump( 2074): !@new_battery_dump : 3865,1019,1425,3331,42,350,353,423,350,0,374,423,0,Charging,NO_CHARGING,Normal,Good,PDIC,0,Normal,0,0,9300,0x8000,0x10010000,0x0,0,0,0000,0000,00000000,0,0,0,0,539,3811,4156,980,0,
08-01 00:42:55.149 E/QC2PerfCtrlUtil( 2072): Failed to set Power hint
08-01 00:42:55.153 E/AppOps  ( 3093): attributionTag  not declared in manifest of com.zhiliaoapp.musically
08-01 00:42:55.154 E/AppOps  ( 3093): attributionTag  not declared in manifest of com.zhiliaoapp.musically
08-01 00:42:55.155 E/AppOps  ( 3093): attributionTag  not declared in manifest of com.zhiliaoapp.musically
08-01 00:42:55.155 E/AppOps  ( 3093): attributionTag  not declared in manifest of com.zhiliaoapp.musically
08-01 00:42:58.602 E/BlackDenseThreshold(16817): searchMovCode64 failed, found 0 sites
08-01 00:42:58.963 E/aoapp.musically(16817): No package ID ff found for resource ID 0xffffffff.
08-01 00:42:58.963 E/aoapp.musically(16817): No package ID ff found for resource ID 0xffffffff.
08-01 00:42:58.963 E/aoapp.musically(16817): No package ID ff found for resource ID 0xffffffff.
08-01 00:42:58.963 E/aoapp.musically(16817): No package ID ff found for resource ID 0xffffffff.
08-01 00:42:58.963 E/aoapp.musically(16817): No package ID ff found for resource ID 0xffffffff.
08-01 00:42:58.963 E/aoapp.musically(16817): No package ID ff found for resource ID 0xffffffff.
08-01 00:42:58.963 E/aoapp.musically(16817): No package ID ff found for resource ID 0xffffffff.
08-01 00:42:58.963 E/aoapp.musically(16817): No package ID ff found for resource ID 0xffffffff.
08-01 00:42:58.963 E/aoapp.musically(16817): No package ID ff found for resource ID 0xffffffff.
08-01 00:42:58.963 E/aoapp.musically(16817): No package ID ff found for resource ID 0xffffffff.
08-01 00:42:58.977 E/aoapp.musically(16817): Failed to query component interface for required system resources: 6
08-01 00:42:58.979 E/AppOps  ( 3093): attributionTag  not declared in manifest of com.zhiliaoapp.musically
08-01 00:42:58.979 E/AppOps  ( 3093): attributionTag  not declared in manifest of com.zhiliaoapp.musically
08-01 00:42:58.981 E/QC2Comp ( 2072): [hvcD_705] configureIntf failed 95
08-01 00:42:58.985 E/QC2V4l2Codec( 2072): [v4lhvcD_705]  ? is not a supported pixel format!
08-01 00:42:58.994 E/aoapp.musically(16817): No package ID ff found for resource ID 0xffffffff.
08-01 00:42:58.995 E/aoapp.musically(16817): No package ID ff found for resource ID 0xffffffff.
08-01 00:42:58.995 E/aoapp.musically(16817): No package ID ff found for resource ID 0xffffffff.
08-01 00:42:58.995 E/aoapp.musically(16817): No package ID ff found for resource ID 0xffffffff.
08-01 00:42:58.995 E/aoapp.musically(16817): No package ID ff found for resource ID 0xffffffff.
08-01 00:42:58.995 E/aoapp.musically(16817): No package ID ff found for resource ID 0xffffffff.
08-01 00:42:58.995 E/aoapp.musically(16817): No package ID ff found for resource ID 0xffffffff.
08-01 00:42:58.995 E/aoapp.musically(16817): No package ID ff found for resource ID 0xffffffff.
08-01 00:42:58.995 E/aoapp.musically(16817): No package ID ff found for resource ID 0xffffffff.
08-01 00:42:58.995 E/aoapp.musically(16817): No package ID ff found for resource ID 0xffffffff.
08-01 00:42:59.491 E/aoapp.musically(16817): Failed to query component interface for required system resources: 6
08-01 00:42:59.499 E/QC2Comp ( 2072): [hvcD_706] configureIntf failed 95
08-01 00:42:59.506 E/QC2V4l2Codec( 2072): [v4lhvcD_706]  ? is not a supported pixel format!
08-01 00:42:59.546 E/StandardCaps( 2072): max size must equal to/greater than output size
08-01 00:42:59.556 E/AppOps  ( 3093): attributionTag  not declared in manifest of com.zhiliaoapp.musically
08-01 00:42:59.557 E/AppOps  ( 3093): attributionTag  not declared in manifest of com.zhiliaoapp.musically
08-01 00:43:01.645 E/gcblocker(16817): too long GC blocking: 3000
08-01 00:43:01.645 E/gcblocker(16817): gc block end, 389294612,3004
08-01 00:43:01.759 E/AppOps  ( 3093): attributionTag  not declared in manifest of com.zhiliaoapp.musically
08-01 00:43:01.760 E/AppOps  ( 3093): attributionTag  not declared in manifest of com.zhiliaoapp.musically
08-01 00:43:01.762 E/AppOps  ( 3093): attributionTag  not declared in manifest of com.zhiliaoapp.musically
08-01 00:43:01.763 E/AppOps  ( 3093): attributionTag  not declared in manifest of com.zhiliaoapp.musically
08-01 00:43:01.763 E/QC2PerfCtrlUtil( 2072): Failed to set Power hint
08-01 00:43:03.332 E/gcblocker(16817): gc block end, 389299221,83
08-01 00:43:03.584 E/BlackDenseThreshold(16817): searchMovCode64 failed, found 0 sites
08-01 00:43:04.786 E/BatteryDump( 2074): !@new_battery_dump : 3889,997,1425,3331,42,350,353,422,350,0,374,422,0,Charging,NO_CHARGING,Normal,Good,PDIC,0,Normal,0,0,9300,0x8000,0x10010000,0x0,0,0,0000,0000,00000000,0,0,0,0,539,3812,4162,980,0,
08-01 00:43:06.002 E/Forest_null(16817): could not get any valid access key from remote settings
08-01 00:43:08.147 E/Forest_PreLoader(16817): preload result:true
08-01 00:43:08.256 E/Watchdog( 3093): !@Sync: 1463 heap(MB): 182 / 203 FD: 1585 Threads: 580 [2026-08-01 00:43:08.255]
08-01 00:43:11.856 E/AppOps  ( 3093): attributionTag  not declared in manifest of com.zhiliaoapp.musically
08-01 00:43:11.858 E/AppOps  ( 3093): attributionTag  not declared in manifest of com.zhiliaoapp.musically
08-01 00:43:11.859 E/AppOps  ( 3093): attributionTag  not declared in manifest of com.zhiliaoapp.musically
08-01 00:43:11.859 E/AppOps  ( 3093): attributionTag  not declared in manifest of com.zhiliaoapp.musically
08-01 00:43:12.426 E/aoapp.musically(16817): Failed to query component interface for required system resources: 6
08-01 00:43:12.430 E/QC2Comp ( 2072): [hvcD_707] configureIntf failed 95
08-01 00:43:12.433 E/QC2V4l2Codec( 2072): [v4lhvcD_707]  ? is not a supported pixel format!
08-01 00:43:14.355 E/mAFPC_ABC( 3093): [READ] [TYPE : 0] saProcess : 0
08-01 00:43:14.478 E/AppOps  ( 3093): attributionTag  not declared in manifest of com.zhiliaoapp.musically
08-01 00:43:14.479 E/AppOps  ( 3093): attributionTag  not declared in manifest of com.zhiliaoapp.musically
08-01 00:43:14.481 E/AppOps  ( 3093): attributionTag  not declared in manifest of com.zhiliaoapp.musically
08-01 00:43:14.481 E/AppOps  ( 3093): attributionTag  not declared in manifest of com.zhiliaoapp.musically
08-01 00:43:14.742 E/Forest_null(16817): could not get any valid access key from remote settings
08-01 00:43:14.777 E/Forest_null(16817): could not get any valid access key from remote settings
08-01 00:43:14.883 E/Forest_null(16817): could not get any valid access key from remote settings
08-01 00:43:14.969 E/BatteryDump( 2074): !@new_battery_dump : 3888,1327,1425,3331,42,350,353,419,350,0,374,419,0,Charging,NO_CHARGING,Normal,Good,PDIC,0,Normal,0,0,9300,0x8000,0x10010000,0x0,0,0,0000,0000,00000000,0,0,0,0,539,3812,4169,980,0,
08-01 00:43:15.059 E/aoapp.musically(16817): Failed to query component interface for required system resources: 6
08-01 00:43:15.062 E/QC2Comp ( 2072): [hvcD_708] configureIntf failed 95
08-01 00:43:15.065 E/QC2V4l2Codec( 2072): [v4lhvcD_708]  ? is not a supported pixel format!
08-01 00:43:15.531 E/gcblocker(16817): gc block end, 389310676,827
08-01 00:43:15.835 E/BlackDenseThreshold(16817): searchMovCode64 failed, found 0 sites
08-01 00:43:15.954 E/Forest_GeckoFetcher(16817): download failed with waitGeckoUpdate=true ,channel = landing_page_r_15_adsformat,bundle = page/template.js
08-01 00:43:15.954 E/Forest_GeckoFetcher(16817): java.lang.Throwable: invalid channel
08-01 00:43:15.954 E/Forest_GeckoFetcher(16817): 	at X.12w7.LJIIIIZZ(SourceFile:33554554)
08-01 00:43:15.954 E/Forest_GeckoFetcher(16817): 	at X.14EP.LIZ(SourceFile:378)
08-01 00:43:15.954 E/Forest_GeckoFetcher(16817): 	at X.14EP.run(SourceFile:5)
08-01 00:43:15.954 E/Forest_GeckoFetcher(16817): 	at Y.AObjectS117S0100000_13.invoke$3(SourceFile:16777222)
08-01 00:43:15.954 E/Forest_GeckoFetcher(16817): 	at Y.AObjectS117S0100000_13.invoke(SourceFile:37)
08-01 00:43:15.954 E/Forest_GeckoFetcher(16817): 	at X.0WK0.invoke(SourceFile:4)
08-01 00:43:15.954 E/Forest_GeckoFetcher(16817): 	at X.0V6C.LIZ(SourceFile:50331890)
08-01 00:43:15.954 E/Forest_GeckoFetcher(16817): 	at X.0WJw.LIZJ(SourceFile:86)
08-01 00:43:15.954 E/Forest_GeckoFetcher(16817): 	at X.0WJw.run(SourceFile:0)
08-01 00:43:15.954 E/Forest_GeckoFetcher(16817): 	at X.0SRz.run(SourceFile:2)
08-01 00:43:15.954 E/Forest_GeckoFetcher(16817): 	at java.util.concurrent.ThreadPoolExecutor.runWorker(ThreadPoolExecutor.java:1100)
08-01 00:43:15.954 E/Forest_GeckoFetcher(16817): 	at java.util.concurrent.ThreadPoolExecutor$Worker.run(ThreadPoolExecutor.java:624)
08-01 00:43:15.954 E/Forest_GeckoFetcher(16817): 	at X.0WK2.run(SourceFile:9)
08-01 00:43:15.954 E/Forest_GeckoFetcher(16817): 	at java.lang.Thread.run(Thread.java:1572)
08-01 00:43:15.954 E/Forest_GeckoFetcher(16817): 	at com.bytedance.bpea.transmit.delegate.BPEAThread.com_bytedance_bpea_transmit_delegate_BPEAThread__run$___twin___(SourceFile:9)
08-01 00:43:15.954 E/Forest_GeckoFetcher(16817): 	at com.bytedance.bpea.transmit.delegate.BPEAThread.com_bytedance_bpea_transmit_delegate_BPEAThread_com_ss_android_ugc_aweme_lancet_RunnableGuardLancet_run(SourceFile:16777216)
08-01 00:43:15.954 E/Forest_GeckoFetcher(16817): 	at com.bytedance.bpea.transmit.delegate.BPEAThread.run(SourceFile:0)
08-01 00:43:15.954 E/Forest_GeckoXAdapter(16817): onLocalNewestVersion:localPackage:com.bytedance.geckox.model.LocalPackageModel@afb3bf6
08-01 00:43:18.738 E/AppOps  ( 3093): attributionTag  not declared in manifest of com.zhiliaoapp.musically
08-01 00:43:18.739 E/AppOps  ( 3093): attributionTag  not declared in manifest of com.zhiliaoapp.musically
08-01 00:43:18.745 E/AppOps  ( 3093): attributionTag  not declared in manifest of com.zhiliaoapp.musically
08-01 00:43:18.745 E/AppOps  ( 3093): attributionTag  not declared in manifest of com.zhiliaoapp.musically
08-01 00:43:18.990 E/Forest_null(16817): could not get any valid access key from remote settings
08-01 00:43:19.021 E/Forest_null(16817): could not get any valid access key from remote settings
08-01 00:43:19.058 E/Forest_null(16817): could not get any valid access key from remote settings
08-01 00:43:19.314 E/aoapp.musically(16817): Failed to query component interface for required system resources: 6
08-01 00:43:19.316 E/QC2Comp ( 2072): [hvcD_709] configureIntf failed 95
08-01 00:43:19.321 E/QC2V4l2Codec( 2072): [v4lhvcD_709]  ? is not a supported pixel format!
08-01 00:43:19.356 E/StandardCaps( 2072): max size must equal to/greater than output size
08-01 00:43:20.197 E/Forest_GeckoFetcher(16817): download failed with waitGeckoUpdate=true ,channel = landing_page_r_15_adsformat,bundle = page/template.js
08-01 00:43:20.197 E/Forest_GeckoFetcher(16817): java.lang.Throwable: invalid channel
08-01 00:43:20.197 E/Forest_GeckoFetcher(16817): 	at X.12w7.LJIIIIZZ(SourceFile:33554554)
08-01 00:43:20.197 E/Forest_GeckoFetcher(16817): 	at X.14EP.LIZ(SourceFile:378)
08-01 00:43:20.197 E/Forest_GeckoFetcher(16817): 	at X.14EP.run(SourceFile:5)
08-01 00:43:20.197 E/Forest_GeckoFetcher(16817): 	at Y.AObjectS117S0100000_13.invoke$3(SourceFile:16777222)
08-01 00:43:20.197 E/Forest_GeckoFetcher(16817): 	at Y.AObjectS117S0100000_13.invoke(SourceFile:37)
08-01 00:43:20.197 E/Forest_GeckoFetcher(16817): 	at X.0WK0.invoke(SourceFile:4)
08-01 00:43:20.197 E/Forest_GeckoFetcher(16817): 	at X.0V6C.LIZ(SourceFile:50331890)
08-01 00:43:20.197 E/Forest_GeckoFetcher(16817): 	at X.0WJw.LIZJ(SourceFile:86)
08-01 00:43:20.197 E/Forest_GeckoFetcher(16817): 	at X.0WJw.run(SourceFile:0)
08-01 00:43:20.197 E/Forest_GeckoFetcher(16817): 	at X.0SRz.run(SourceFile:2)
08-01 00:43:20.197 E/Forest_GeckoFetcher(16817): 	at java.util.concurrent.ThreadPoolExecutor.runWorker(ThreadPoolExecutor.java:1100)
08-01 00:43:20.197 E/Forest_GeckoFetcher(16817): 	at java.util.concurrent.ThreadPoolExecutor$Worker.run(ThreadPoolExecutor.java:624)
08-01 00:43:20.197 E/Forest_GeckoFetcher(16817): 	at X.0WK2.run(SourceFile:9)
08-01 00:43:20.197 E/Forest_GeckoFetcher(16817): 	at java.lang.Thread.run(Thread.java:1572)
08-01 00:43:20.197 E/Forest_GeckoFetcher(16817): 	at com.bytedance.bpea.transmit.delegate.BPEAThread.com_bytedance_bpea_transmit_delegate_BPEAThread__run$___twin___(SourceFile:9)
08-01 00:43:20.197 E/Forest_GeckoFetcher(16817): 	at com.bytedance.bpea.transmit.delegate.BPEAThread.com_bytedance_bpea_transmit_delegate_BPEAThread_com_ss_android_ugc_aweme_lancet_RunnableGuardLancet_run(SourceFile:16777216)
08-01 00:43:20.197 E/Forest_GeckoFetcher(16817): 	at com.bytedance.bpea.transmit.delegate.BPEAThread.run(SourceFile:0)
08-01 00:43:20.197 E/Forest_GeckoXAdapter(16817): onLocalNewestVersion:localPackage:com.bytedance.geckox.model.LocalPackageModel@a0831ee
08-01 00:43:25.158 E/BatteryDump( 2074): !@new_battery_dump : 3900,1262,1425,3331,42,349,352,417,349,0,374,417,0,Charging,NO_CHARGING,Normal,Good,PDIC,0,Normal,0,0,9300,0x8000,0x10010000,0x0,0,0,0000,0000,00000000,0,0,0,0,539,3812,4175,980,0,
08-01 00:43:28.505 E/BlackDenseThreshold(16817): searchMovCode64 failed, found 0 sites
08-01 00:43:29.618 E/NativeCustomFrequencyManager( 2198): [NativeCFMS] BpCustomFrequencyManager::acquire()
08-01 00:43:31.844 E/KernelCpuUidFullTimeReader( 3093): Negative delta from freq time for uid: 90000, delta: -3
08-01 00:43:32.553 E/SurfaceFlinger( 2198): alpha changed 0.000 -> 1.000 - Surface(name=36d3d2e InputMethod#306690)/@0xba43165 - animation-leash of insets_animation#357344
08-01 00:43:33.386 E/FlexPanelStartController( 4266): failed to call SemStatusBarManager
08-01 00:43:33.386 E/FlexPanelStartController( 4266): java.lang.NullPointerException
08-01 00:43:33.386 E/FlexPanelStartController( 4266): 	at com.android.wm.shell.flexpanel.FlexPanelStartController.onFlexModeChanged(qb/111684928 80d0ebc2d11fc069506f954a8624ba64b8132103f5e7677332960c1f301d015e:24)
08-01 00:43:33.386 E/FlexPanelStartController( 4266): 	at com.android.wm.shell.flexpanel.FlexPanelStartController$1.onReceive(qb/111684928 80d0ebc2d11fc069506f954a8624ba64b8132103f5e7677332960c1f301d015e:101)
08-01 00:43:33.386 E/FlexPanelStartController( 4266): 	at android.app.LoadedApk$ReceiverDispatcher$Args.lambda$getRunnable$0(LoadedApk.java:2073)
08-01 00:43:33.386 E/FlexPanelStartController( 4266): 	at android.app.LoadedApk$ReceiverDispatcher$Args.$r8$lambda$mcNAAl1SQ4MyJPyDg8TJ2x2h0Rk(LoadedApk.java:0)
08-01 00:43:33.386 E/FlexPanelStartController( 4266): 	at android.app.LoadedApk$ReceiverDispatcher$Args$$ExternalSyntheticLambda0.run(D8$$SyntheticClass:0)
08-01 00:43:33.386 E/FlexPanelStartController( 4266): 	at android.os.Handler.handleCallback(Handler.java:1070)
08-01 00:43:33.386 E/FlexPanelStartController( 4266): 	at android.os.Handler.dispatchMessage(Handler.java:125)
08-01 00:43:33.386 E/FlexPanelStartController( 4266): 	at android.os.Looper.dispatchMessage(Looper.java:358)
08-01 00:43:33.386 E/FlexPanelStartController( 4266): 	at android.os.Looper.loopOnce(Looper.java:288)
08-01 00:43:33.386 E/FlexPanelStartController( 4266): 	at android.os.Looper.loop(Looper.java:392)
08-01 00:43:33.386 E/FlexPanelStartController( 4266): 	at android.app.ActivityThread.main(ActivityThread.java:10346)
08-01 00:43:33.386 E/FlexPanelStartController( 4266): 	at java.lang.reflect.Method.invoke(Native Method)
08-01 00:43:33.386 E/FlexPanelStartController( 4266): 	at com.android.internal.os.RuntimeInit$MethodAndArgsCaller.run(RuntimeInit.java:638)
08-01 00:43:33.386 E/FlexPanelStartController( 4266): 	at com.android.internal.os.ZygoteInit.main(ZygoteInit.java:972)
08-01 00:43:33.742 E/WindowManager( 3093): win=Window{36d3d2e u0 InputMethod} destroySurfaces: appStopped=true cleanupOnResume=false win.mWindowRemovalAllowed=false win.mRemoveOnExit=false win.mViewVisibility=8 caller=com.android.server.wm.WindowManagerService.tryStartExitingAnimation:128 com.android.server.wm.WindowManagerService.relayoutWindow:1121 com.android.server.wm.Session.relayout:30 android.view.IWindowSession$Stub.onTransact:840 com.android.server.wm.Session.onTransact:1 android.os.Binder.execTransactInternal:1509 android.os.Binder.execTransact:1454 
08-01 00:43:33.760 E/SurfaceFlinger( 2198): alpha changed 1.000 -> 0.000 - Surface(name=36d3d2e InputMethod#306690)/@0xba43165 - animation-leash of insets_animation#357440
08-01 00:43:34.475 E/libbinder.IPCThreadState(22944): Binder transaction failure. id: 397099535, cmd: BR_DEAD_REPLY (29189), error: -22 (Invalid argument)
08-01 00:43:34.478 E/libbinder.IPCThreadState(22944): Binder transaction failure. id: 397099538, cmd: BR_DEAD_REPLY (29189), error: -22 (Invalid argument)
08-01 00:43:34.478 E/libbinder.IPCThreadState(22944): Binder transaction failure. id: 397099539, cmd: BR_DEAD_REPLY (29189), error: -22 (Invalid argument)
08-01 00:43:34.478 E/libbinder.IPCThreadState(22944): Binder transaction failure. id: 397099540, cmd: BR_DEAD_REPLY (29189), error: -22 (Invalid argument)
08-01 00:43:34.830 E/LoadedApk(14677): Exception : java.lang.NullPointerException: Attempt to invoke virtual method 'boolean android.os.Looper.isPerfLogEnable()' on a null object reference
08-01 00:43:34.833 E/LoadedApk(14677): Exception : java.lang.NullPointerException: Attempt to invoke virtual method 'boolean android.os.Looper.isPerfLogEnable()' on a null object reference
08-01 00:43:34.914 E/ashmem  (19405): Pinning is deprecated since Android Q. Please use trim or other methods.
08-01 00:43:34.950 E/LoadedApk(14677): Exception : java.lang.NullPointerException: Attempt to invoke virtual method 'boolean android.os.Looper.isPerfLogEnable()' on a null object reference
08-01 00:43:34.952 E/ActivityThread(19405): Failed to find provider info for com.sec.android.log.diagmonagent
08-01 00:43:34.956 E/ActivityThread(19405): Failed to find provider info for com.sec.android.log.diagmonagent
08-01 00:43:35.254 E/LoadedApk(22944): Exception : java.lang.NullPointerException: Attempt to invoke virtual method 'boolean android.os.Looper.isPerfLogEnable()' on a null object reference
08-01 00:43:35.269 E/.gms.persistent(22944): hiddenapi: Accessing hidden method Landroid/net/ConnectivityManager;->isNetworkTypeMobile(I)Z (runtime_flags=0, domain=platform, api=max-target-p) from Lcfng; (domain=app, TargetSdkVersion=37) using reflection: denied
08-01 00:43:35.269 E/.gms.persistent(22944): hiddenapi: Accessing hidden method Landroid/os/PowerManager;->isLightDeviceIdleMode()Z (runtime_flags=0, domain=platform, api=max-target-s) from Lcfng; (domain=app, TargetSdkVersion=37) using reflection: denied
08-01 00:43:35.280 E/ashmem  (19475): Pinning is deprecated since Android Q. Please use trim or other methods.
08-01 00:43:35.308 E/.osp.app.signin(19475): No package ID 6a found for resource ID 0x6a0b0013.
08-01 00:43:35.313 E/BatteryDump( 2074): !@new_battery_dump : 3865,-86,1425,3331,42,349,352,420,349,0,373,420,0,Charging,NO_CHARGING,Normal,Good,PDIC,0,Normal,0,0,9300,0x8000,0x10010000,0x0,0,0,0000,0000,00000000,0,0,0,0,539,3813,4183,980,0,
08-01 00:43:35.331 E/ActivityThread(19475): Failed to find provider info for com.sec.android.log.diagmonagent
08-01 00:43:35.352 E/LinkSharing:QuickShare(19405): [D2S][b:19405_3] [SamsungAccountConnection] onReceiveAccessToken() errorCode=SAC_0102, requestId=-351109421
08-01 00:43:35.353 E/LinkSharing:QuickShare(19405): [D2S][b:19405_3][SamsungAccountSource] 
08-01 00:43:35.353 E/LinkSharing:QuickShare(19405): ie.j: onReceiveAccessToken():SAC_0102
08-01 00:43:35.353 E/LinkSharing:QuickShare(19405): 	at te.b.onReceiveAccessToken(SourceFile:152)
08-01 00:43:35.353 E/LinkSharing:QuickShare(19405): 	at com.msc.sa.aidl.b.onTransact(SourceFile:371)
08-01 00:43:35.353 E/LinkSharing:QuickShare(19405): 	at android.os.Binder.execTransactInternal(Binder.java:1509)
08-01 00:43:35.353 E/LinkSharing:QuickShare(19405): 	at android.os.Binder.execTransact(Binder.java:1454)
08-01 00:43:36.783 E/SamsungAccount(19475): [SettingCustomizationRequester] Programs are null. - It will be set as default
08-01 00:43:37.641 E/[SCSPSDK][GET_CONFIGURATION](19405): [58231402][https://play.samsungcloud.com/configuration/v2/configurations/quicksharepolicy-f25d][7a78fabc-866e-31a6-b388-7619243c44b9] {"status":404,"rcode":40400000,"rmsg":"Content or default record not found","details":{"serverName":"appcfg","path":"/configuration/v2/configurations/quicksharepolicy-f25d","timestamp":"2026-07-31T19:43:37.414Z","traceId":"ew1apigateway-8684bbf66f-pgmz7_39_1785448953409_16769995","errors":[{"reason":"Content or default record not found"}]}}
08-01 00:43:38.274 E/Watchdog( 3093): !@Sync: 1464 heap(MB): 180 / 203 FD: 1588 Threads: 580 [2026-08-01 00:43:38.274]
08-01 00:43:40.780 E/pageboostd( 5725): Received HALT command code 2
08-01 00:43:40.797 E/QC2PerfCtrlUtil( 2072): Failed to set Power hint
08-01 00:43:40.811 E/AppOps  ( 3093): attributionTag  not declared in manifest of com.zhiliaoapp.musically
08-01 00:43:40.812 E/AppOps  ( 3093): attributionTag  not declared in manifest of com.zhiliaoapp.musically
08-01 00:43:40.815 E/AppOps  ( 3093): attributionTag  not declared in manifest of com.zhiliaoapp.musically
08-01 00:43:40.815 E/AppOps  ( 3093): attributionTag  not declared in manifest of com.zhiliaoapp.musically
08-01 00:43:40.839 E/pageboostd( 5725): Received HALT command code 2
08-01 00:43:40.849 E/SurfaceFlinger( 2198): alpha changed 1.000 -> 0.000 - ActivityRecord{180822104 u0 com.google.android.permissioncontroller/com.android.permissioncontroller.permission.ui.GrantPermissionsActivity t348}#357442
08-01 00:43:40.849 E/SurfaceFlinger( 2198): alpha changed 0.000 -> 1.000 - ActivityRecord{180822104 u0 com.google.android.permissioncontroller/com.android.permissioncontroller.permission.ui.GrantPermissionsActivity t348}#357442
08-01 00:43:40.945 E/WindowManager( 3093): win=Window{5f33061 u0 BackPanelController} destroySurfaces: appStopped=true cleanupOnResume=false win.mWindowRemovalAllowed=false win.mRemoveOnExit=false win.mViewVisibility=8 caller=com.android.server.wm.WindowManagerService.tryStartExitingAnimation:128 com.android.server.wm.WindowManagerService.relayoutWindow:1121 com.android.server.wm.Session.relayout:30 android.view.IWindowSession$Stub.onTransact:840 com.android.server.wm.Session.onTransact:1 android.os.Binder.execTransactInternal:1514 android.os.Binder.execTransact:1454 
08-01 00:43:42.922 E/HYPER-HAL( 2868): [HandlerUClamp.cpp]set_uclamp_min(): sched_setattr failed for thread 22965, err = -1
08-01 00:43:42.923 E/HYPER-HAL( 2868): [HandlerUClamp.cpp]set_uclamp_min(): sched_setattr failed for thread 22966, err = -1
08-01 00:43:42.923 E/HYPER-HAL( 2868): [HandlerUClamp.cpp]set_uclamp_min(): sched_setattr failed for thread 22893, err = -1
08-01 00:43:42.923 E/HYPER-HAL( 2868): [HandlerUClamp.cpp]set_uclamp_min(): sched_setattr failed for thread 22938, err = -1
08-01 00:43:42.923 E/HYPER-HAL( 2868): [HandlerUClamp.cpp]set_uclamp_min(): sched_setattr failed for thread 22965, err = -1
08-01 00:43:42.923 E/HYPER-HAL( 2868): [HandlerUClamp.cpp]set_uclamp_min(): sched_setattr failed for thread 22966, err = -1
08-01 00:43:42.923 E/HYPER-HAL( 2868): [HandlerUClamp.cpp]set_uclamp_min(): sched_setattr failed for thread 22893, err = -1
08-01 00:43:42.923 E/HYPER-HAL( 2868): [HandlerUClamp.cpp]set_uclamp_min(): sched_setattr failed for thread 22938, err = -1
08-01 00:43:43.065 E/BlackDenseThreshold(16817): searchMovCode64 failed, found 0 sites
08-01 00:43:44.427 E/mAFPC_ABC( 3093): [READ] [TYPE : 0] saProcess : 0
08-01 00:43:45.479 E/BatteryDump( 2074): !@new_battery_dump : 3896,1214,1425,3331,42,349,352,420,349,0,373,420,0,Charging,NO_CHARGING,Normal,Good,PDIC,0,Normal,0,0,9300,0x8000,0x10010000,0x0,0,0,0000,0000,00000000,0,0,0,0,539,3813,4189,980,0,
08-01 00:43:48.336 E/gcblocker(16817): gc block end, 389344007,300
08-01 00:43:54.622 E/gcblocker(16817): gc block end, 389350393,201
08-01 00:43:54.898 E/BlackDenseThreshold(16817): searchMovCode64 failed, found 0 sites
08-01 00:43:55.658 E/BatteryDump( 2074): !@new_battery_dump : 3892,1088,1425,3331,42,349,352,417,349,0,373,417,0,Charging,NO_CHARGING,Normal,Good,PDIC,0,Normal,0,0,9300,0x8000,0x10010000,0x0,0,0,0000,0000,00000000,0,0,0,0,539,3814,4196,980,0,
08-01 00:44:02.763 E/pageboostd( 5725): Received HALT command code 2
08-01 00:44:02.813 E/AppOps  ( 3093): attributionTag  not declared in manifest of com.zhiliaoapp.musically
08-01 00:44:02.814 E/AppOps  ( 3093): attributionTag  not declared in manifest of com.zhiliaoapp.musically
08-01 00:44:02.823 E/pageboostd( 5725): Received HALT command code 2
08-01 00:44:02.826 E/SurfaceFlinger( 2198): alpha changed 1.000 -> 0.000 - ActivityRecord{161795717 u0 com.google.android.permissioncontroller/com.android.permissioncontroller.permission.ui.GrantPermissionsActivity t348}#357461
08-01 00:44:02.834 E/SurfaceFlinger( 2198): alpha changed 0.000 -> 1.000 - ActivityRecord{161795717 u0 com.google.android.permissioncontroller/com.android.permissioncontroller.permission.ui.GrantPermissionsActivity t348}#357461
08-01 00:44:02.863 E/AppOps  ( 3093): attributionTag  not declared in manifest of com.zhiliaoapp.musically
08-01 00:44:02.864 E/AppOps  ( 3093): attributionTag  not declared in manifest of com.zhiliaoapp.musically
08-01 00:44:03.152 E/AppOps  ( 3093): attributionTag  not declared in manifest of com.zhiliaoapp.musically
08-01 00:44:03.153 E/AppOps  ( 3093): attributionTag  not declared in manifest of com.zhiliaoapp.musically
08-01 00:44:03.172 E/AppOps  ( 3093): attributionTag  not declared in manifest of com.zhiliaoapp.musically
08-01 00:44:03.172 E/AppOps  ( 3093): attributionTag  not declared in manifest of com.zhiliaoapp.musically
08-01 00:44:03.551 E/aoapp.musically(16817): No package ID ff found for resource ID 0xffffffff.
08-01 00:44:03.730 E/aoapp.musically(16817): No package ID ff found for resource ID 0xffffffff.
08-01 00:44:03.911 E/aoapp.musically(16817): No package ID ff found for resource ID 0xffffffff.
08-01 00:44:04.091 E/aoapp.musically(16817): No package ID ff found for resource ID 0xffffffff.
08-01 00:44:04.270 E/aoapp.musically(16817): No package ID ff found for resource ID 0xffffffff.
08-01 00:44:04.463 E/aoapp.musically(16817): No package ID ff found for resource ID 0xffffffff.
08-01 00:44:04.630 E/aoapp.musically(16817): No package ID ff found for resource ID 0xffffffff.
08-01 00:44:04.656 E/BlackDenseThreshold(16817): searchMovCode64 failed, found 0 sites
08-01 00:44:04.811 E/aoapp.musically(16817): No package ID ff found for resource ID 0xffffffff.
08-01 00:44:04.879 E/HYPER-HAL( 2868): [HandlerUClamp.cpp]set_uclamp_min(): sched_setattr failed for thread 22965, err = -1
08-01 00:44:04.879 E/HYPER-HAL( 2868): [HandlerUClamp.cpp]set_uclamp_min(): sched_setattr failed for thread 22966, err = -1
08-01 00:44:04.879 E/HYPER-HAL( 2868): [HandlerUClamp.cpp]set_uclamp_min(): sched_setattr failed for thread 22893, err = -1
08-01 00:44:04.879 E/HYPER-HAL( 2868): [HandlerUClamp.cpp]set_uclamp_min(): sched_setattr failed for thread 22938, err = -1
08-01 00:44:04.879 E/HYPER-HAL( 2868): [HandlerUClamp.cpp]set_uclamp_min(): sched_setattr failed for thread 22965, err = -1
08-01 00:44:04.879 E/HYPER-HAL( 2868): [HandlerUClamp.cpp]set_uclamp_min(): sched_setattr failed for thread 22966, err = -1
08-01 00:44:04.880 E/HYPER-HAL( 2868): [HandlerUClamp.cpp]set_uclamp_min(): sched_setattr failed for thread 22893, err = -1
08-01 00:44:04.880 E/HYPER-HAL( 2868): [HandlerUClamp.cpp]set_uclamp_min(): sched_setattr failed for thread 22938, err = -1
08-01 00:44:04.991 E/aoapp.musically(16817): No package ID ff found for resource ID 0xffffffff.
08-01 00:44:05.171 E/aoapp.musically(16817): No package ID ff found for resource ID 0xffffffff.
08-01 00:44:05.351 E/aoapp.musically(16817): No package ID ff found for resource ID 0xffffffff.
08-01 00:44:05.531 E/aoapp.musically(16817): No package ID ff found for resource ID 0xffffffff.
08-01 00:44:05.711 E/aoapp.musically(16817): No package ID ff found for resource ID 0xffffffff.
08-01 00:44:05.817 E/BatteryDump( 2074): !@new_battery_dump : 3897,337,1425,3331,42,349,352,416,349,0,372,416,0,Charging,NO_CHARGING,Normal,Good,PDIC,0,Normal,0,0,9300,0x8000,0x10010000,0x0,0,0,0000,0000,00000000,0,0,0,0,539,3814,4202,980,0,
08-01 00:44:05.891 E/aoapp.musically(16817): No package ID ff found for resource ID 0xffffffff.
08-01 00:44:06.070 E/aoapp.musically(16817): No package ID ff found for resource ID 0xffffffff.
08-01 00:44:06.251 E/aoapp.musically(16817): No package ID ff found for resource ID 0xffffffff.
08-01 00:44:06.431 E/aoapp.musically(16817): No package ID ff found for resource ID 0xffffffff.
08-01 00:44:06.610 E/aoapp.musically(16817): No package ID ff found for resource ID 0xffffffff.
08-01 00:44:06.791 E/aoapp.musically(16817): No package ID ff found for resource ID 0xffffffff.
08-01 00:44:06.970 E/aoapp.musically(16817): No package ID ff found for resource ID 0xffffffff.
08-01 00:44:07.062 E/AppOps  ( 3093): attributionTag  not declared in manifest of com.zhiliaoapp.musically
08-01 00:44:07.066 E/AppOps  ( 3093): attributionTag  not declared in manifest of com.zhiliaoapp.musically
08-01 00:44:07.068 E/AppOps  ( 3093): attributionTag  not declared in manifest of com.zhiliaoapp.musically
08-01 00:44:07.069 E/AppOps  ( 3093): attributionTag  not declared in manifest of com.zhiliaoapp.musically
08-01 00:44:07.620 E/aoapp.musically(16817): Failed to query component interface for required system resources: 6
08-01 00:44:07.622 E/QC2Comp ( 2072): [hvcD_710] configureIntf failed 95
08-01 00:44:07.633 E/QC2V4l2Codec( 2072): [v4lhvcD_710]  ? is not a supported pixel format!
08-01 00:44:08.298 E/Watchdog( 3093): !@Sync: 1465 heap(MB): 176 / 203 FD: 1588 Threads: 580 [2026-08-01 00:44:08.297]
08-01 00:44:14.518 E/mAFPC_ABC( 3093): [READ] [TYPE : 0] saProcess : 0
08-01 00:44:15.970 E/BatteryDump( 2074): !@new_battery_dump : 3906,1228,1425,3331,42,349,352,412,349,0,372,412,0,Charging,NO_CHARGING,Normal,Good,PDIC,0,Normal,0,0,9300,0x8000,0x10010000,0x0,0,0,0000,0000,00000000,0,0,0,0,539,3815,4210,980,0,
08-01 00:44:16.649 E/AppOps  ( 3093): attributionTag  not declared in manifest of com.zhiliaoapp.musically
08-01 00:44:16.649 E/AppOps  ( 3093): attributionTag  not declared in manifest of com.zhiliaoapp.musically
08-01 00:44:16.655 E/AppOps  ( 3093): attributionTag  not declared in manifest of com.zhiliaoapp.musically
08-01 00:44:16.655 E/AppOps  ( 3093): attributionTag  not declared in manifest of com.zhiliaoapp.musically
08-01 00:44:16.954 E/Forest_null(16817): could not get any valid access key from remote settings
08-01 00:44:16.983 E/Forest_null(16817): could not get any valid access key from remote settings
08-01 00:44:16.987 E/Forest_null(16817): could not get any valid access key from remote settings
08-01 00:44:17.120 E/Forest_null(16817): could not get any valid access key from remote settings
08-01 00:44:17.130 E/Forest_null(16817): could not get any valid access key from remote settings
08-01 00:44:17.130 E/Forest_null(16817): could not get any valid access key from remote settings
08-01 00:44:17.131 E/Forest_null(16817): could not get any valid access key from remote settings
08-01 00:44:17.131 E/Forest_null(16817): could not get any valid access key from remote settings
08-01 00:44:17.132 E/Forest_null(16817): could not get any valid access key from remote settings
08-01 00:44:17.132 E/Forest_null(16817): could not get any valid access key from remote settings
08-01 00:44:17.133 E/Forest_null(16817): could not get any valid access key from remote settings
08-01 00:44:17.133 E/Forest_null(16817): could not get any valid access key from remote settings
08-01 00:44:17.134 E/Forest_null(16817): could not get any valid access key from remote settings
08-01 00:44:17.134 E/Forest_null(16817): could not get any valid access key from remote settings
08-01 00:44:17.135 E/Forest_null(16817): could not get any valid access key from remote settings
08-01 00:44:17.135 E/Forest_null(16817): could not get any valid access key from remote settings
08-01 00:44:17.292 E/aoapp.musically(16817): Failed to query component interface for required system resources: 6
08-01 00:44:17.295 E/QC2Comp ( 2072): [hvcD_711] configureIntf failed 95
08-01 00:44:17.298 E/QC2V4l2Codec( 2072): [v4lhvcD_711]  ? is not a supported pixel format!
08-01 00:44:17.339 E/QC2PerfCtrlUtil( 2072): Failed to set Power hint
08-01 00:44:17.340 E/AppOps  ( 3093): attributionTag  not declared in manifest of com.zhiliaoapp.musically
08-01 00:44:17.341 E/AppOps  ( 3093): attributionTag  not declared in manifest of com.zhiliaoapp.musically
08-01 00:44:17.346 E/AppOps  ( 3093): attributionTag  not declared in manifest of com.zhiliaoapp.musically
08-01 00:44:17.346 E/AppOps  ( 3093): attributionTag  not declared in manifest of com.zhiliaoapp.musically
08-01 00:44:17.684 E/aoapp.musically(16817): Failed to query component interface for required system resources: 6
08-01 00:44:17.687 E/QC2Comp ( 2072): [hvcD_712] configureIntf failed 95
08-01 00:44:17.691 E/AppOps  ( 3093): attributionTag  not declared in manifest of com.zhiliaoapp.musically
08-01 00:44:17.691 E/AppOps  ( 3093): attributionTag  not declared in manifest of com.zhiliaoapp.musically
08-01 00:44:17.692 E/QC2V4l2Codec( 2072): [v4lhvcD_712]  ? is not a supported pixel format!
08-01 00:44:17.711 E/aoapp.musically(16817): No package ID ff found for resource ID 0xffffffff.
08-01 00:44:17.711 E/aoapp.musically(16817): No package ID ff found for resource ID 0xffffffff.
08-01 00:44:17.711 E/aoapp.musically(16817): No package ID ff found for resource ID 0xffffffff.
08-01 00:44:17.711 E/aoapp.musically(16817): No package ID ff found for resource ID 0xffffffff.
08-01 00:44:17.711 E/aoapp.musically(16817): No package ID ff found for resource ID 0xffffffff.
08-01 00:44:17.711 E/aoapp.musically(16817): No package ID ff found for resource ID 0xffffffff.
08-01 00:44:17.711 E/aoapp.musically(16817): No package ID ff found for resource ID 0xffffffff.
08-01 00:44:17.711 E/aoapp.musically(16817): No package ID ff found for resource ID 0xffffffff.
08-01 00:44:17.711 E/aoapp.musically(16817): No package ID ff found for resource ID 0xffffffff.
08-01 00:44:17.711 E/aoapp.musically(16817): No package ID ff found for resource ID 0xffffffff.
08-01 00:44:17.743 E/AppOps  ( 3093): attributionTag  not declared in manifest of com.zhiliaoapp.musically
08-01 00:44:17.744 E/AppOps  ( 3093): attributionTag  not declared in manifest of com.zhiliaoapp.musically
08-01 00:44:17.899 E/aoapp.musically(16817): Failed to query component interface for required system resources: 6
08-01 00:44:17.901 E/QC2Comp ( 2072): [hvcD_713] configureIntf failed 95
08-01 00:44:17.902 E/QC2V4l2Codec( 2072): [v4lhvcD_713]  ? is not a supported pixel format!
08-01 00:44:18.646 E/gcblocker(16817): gc block end, 389372894,1724
08-01 00:44:18.916 E/BlackDenseThreshold(16817): searchMovCode64 failed, found 0 sites
08-01 00:44:19.164 E/Forest_GeckoFetcher(16817): download failed with waitGeckoUpdate=true ,channel = landing_page_r_15_adsformat,bundle = page/template.js
08-01 00:44:19.164 E/Forest_GeckoFetcher(16817): java.lang.Throwable: invalid channel
08-01 00:44:19.164 E/Forest_GeckoFetcher(16817): 	at X.12w7.LJIIIIZZ(SourceFile:33554554)
08-01 00:44:19.164 E/Forest_GeckoFetcher(16817): 	at X.14EP.LIZ(SourceFile:378)
08-01 00:44:19.164 E/Forest_GeckoFetcher(16817): 	at X.14EP.run(SourceFile:5)
08-01 00:44:19.164 E/Forest_GeckoFetcher(16817): 	at Y.AObjectS117S0100000_13.invoke$3(SourceFile:16777222)
08-01 00:44:19.164 E/Forest_GeckoFetcher(16817): 	at Y.AObjectS117S0100000_13.invoke(SourceFile:37)
08-01 00:44:19.164 E/Forest_GeckoFetcher(16817): 	at X.0WK0.invoke(SourceFile:4)
08-01 00:44:19.164 E/Forest_GeckoFetcher(16817): 	at X.0V6C.LIZ(SourceFile:50331890)
08-01 00:44:19.164 E/Forest_GeckoFetcher(16817): 	at X.0WJw.LIZJ(SourceFile:86)
08-01 00:44:19.164 E/Forest_GeckoFetcher(16817): 	at X.0WJw.run(SourceFile:0)
08-01 00:44:19.164 E/Forest_GeckoFetcher(16817): 	at X.0SRz.run(SourceFile:2)
08-01 00:44:19.164 E/Forest_GeckoFetcher(16817): 	at java.util.concurrent.ThreadPoolExecutor.runWorker(ThreadPoolExecutor.java:1100)
08-01 00:44:19.164 E/Forest_GeckoFetcher(16817): 	at java.util.concurrent.ThreadPoolExecutor$Worker.run(ThreadPoolExecutor.java:624)
08-01 00:44:19.164 E/Forest_GeckoFetcher(16817): 	at X.0WK2.run(SourceFile:9)
08-01 00:44:19.164 E/Forest_GeckoFetcher(16817): 	at java.lang.Thread.run(Thread.java:1572)
08-01 00:44:19.164 E/Forest_GeckoFetcher(16817): 	at com.bytedance.bpea.transmit.delegate.BPEAThread.com_bytedance_bpea_transmit_delegate_BPEAThread__run$___twin___(SourceFile:9)
08-01 00:44:19.164 E/Forest_GeckoFetcher(16817): 	at com.bytedance.bpea.transmit.delegate.BPEAThread.com_bytedance_bpea_transmit_delegate_BPEAThread_com_ss_android_ugc_aweme_lancet_RunnableGuardLancet_run(SourceFile:16777216)
08-01 00:44:19.164 E/Forest_GeckoFetcher(16817): 	at com.bytedance.bpea.transmit.delegate.BPEAThread.run(SourceFile:0)
08-01 00:44:19.164 E/Forest_GeckoXAdapter(16817): onLocalNewestVersion:localPackage:com.bytedance.geckox.model.LocalPackageModel@6d7cee6
08-01 00:44:19.165 E/Forest_GeckoFetcher(16817): download failed with waitGeckoUpdate=false ,channel = card_waio_card,bundle = waio_card/template.js
08-01 00:44:19.165 E/Forest_GeckoFetcher(16817): java.lang.Throwable: invalid channel
08-01 00:44:19.165 E/Forest_GeckoFetcher(16817): 	at X.12w7.LJIIIIZZ(SourceFile:33554554)
08-01 00:44:19.165 E/Forest_GeckoFetcher(16817): 	at X.14EP.LIZ(SourceFile:378)
08-01 00:44:19.165 E/Forest_GeckoFetcher(16817): 	at X.14EP.run(SourceFile:5)
08-01 00:44:19.165 E/Forest_GeckoFetcher(16817): 	at Y.AObjectS117S0100000_13.invoke$3(SourceFile:16777222)
08-01 00:44:19.165 E/Forest_GeckoFetcher(16817): 	at Y.AObjectS117S0100000_13.invoke(SourceFile:37)
08-01 00:44:19.165 E/Forest_GeckoFetcher(16817): 	at X.0WK0.invoke(SourceFile:4)
08-01 00:44:19.165 E/Forest_GeckoFetcher(16817): 	at X.0V6C.LIZ(SourceFile:50331890)
08-01 00:44:19.165 E/Forest_GeckoFetcher(16817): 	at X.0WJw.LIZJ(SourceFile:86)
08-01 00:44:19.165 E/Forest_GeckoFetcher(16817): 	at X.0WJw.run(SourceFile:0)
08-01 00:44:19.165 E/Forest_GeckoFetcher(16817): 	at X.0SRz.run(SourceFile:2)
08-01 00:44:19.165 E/Forest_GeckoFetcher(16817): 	at java.util.concurrent.ThreadPoolExecutor.runWorker(ThreadPoolExecutor.java:1100)
08-01 00:44:19.165 E/Forest_GeckoFetcher(16817): 	at java.util.concurrent.ThreadPoolExecutor$Worker.run(ThreadPoolExecutor.java:624)
08-01 00:44:19.165 E/Forest_GeckoFetcher(16817): 	at X.0WK2.run(SourceFile:9)
08-01 00:44:19.165 E/Forest_GeckoFetcher(16817): 	at java.lang.Thread.run(Thread.java:1572)
08-01 00:44:19.165 E/Forest_GeckoFetcher(16817): 	at com.bytedance.bpea.transmit.delegate.BPEAThread.com_bytedance_bpea_transmit_delegate_BPEAThread__run$___twin___(SourceFile:9)
08-01 00:44:19.165 E/Forest_GeckoFetcher(16817): 	at com.bytedance.bpea.transmit.delegate.BPEAThread.com_bytedance_bpea_transmit_delegate_BPEAThread_com_ss_android_ugc_aweme_lancet_RunnableGuardLancet_run(SourceFile:16777216)
08-01 00:44:19.165 E/Forest_GeckoFetcher(16817): 	at com.bytedance.bpea.transmit.delegate.BPEAThread.run(SourceFile:0)
08-01 00:44:19.165 E/Forest_GeckoXAdapter(16817): onLocalNewestVersion:localPackage:com.bytedance.geckox.model.LocalPackageModel@e624ed4
08-01 00:44:24.992 E/AppOps  ( 3093): attributionTag  not declared in manifest of com.zhiliaoapp.musically
08-01 00:44:24.992 E/AppOps  ( 3093): attributionTag  not declared in manifest of com.zhiliaoapp.musically
08-01 00:44:25.006 E/QC2PerfCtrlUtil( 2072): Failed to set Power hint
08-01 00:44:25.009 E/AppOps  ( 3093): attributionTag  not declared in manifest of com.zhiliaoapp.musically
08-01 00:44:25.009 E/AppOps  ( 3093): attributionTag  not declared in manifest of com.zhiliaoapp.musically
08-01 00:44:25.912 E/AppOps  ( 3093): attributionTag  not declared in manifest of com.zhiliaoapp.musically
08-01 00:44:25.912 E/AppOps  ( 3093): attributionTag  not declared in manifest of com.zhiliaoapp.musically
08-01 00:44:25.913 E/AppOps  ( 3093): attributionTag  not declared in manifest of com.zhiliaoapp.musically
08-01 00:44:25.913 E/AppOps  ( 3093): attributionTag  not declared in manifest of com.zhiliaoapp.musically
08-01 00:44:25.940 E/NativeCustomFrequencyManager( 2198): [NativeCFMS] BpCustomFrequencyManager::acquire()
08-01 00:44:26.129 E/BatteryDump( 2074): !@new_battery_dump : 3828,-651,1425,3331,42,349,352,436,349,0,371,436,0,Charging,NO_CHARGING,Normal,Good,PDIC,0,Normal,0,0,9300,0x8000,0x10010000,0x0,0,0,0000,0000,00000000,0,0,0,0,539,3815,4212,980,0,
08-01 00:44:26.466 E/aoapp.musically(16817): Failed to query component interface for required system resources: 6
08-01 00:44:26.469 E/QC2Comp ( 2072): [hvcD_714] configureIntf failed 95
08-01 00:44:26.472 E/QC2V4l2Codec( 2072): [v4lhvcD_714]  ? is not a supported pixel format!
08-01 00:44:26.959 E/gcblocker(16817): gc block end, 389381056,1874
08-01 00:44:27.195 E/BlackDenseThreshold(16817): searchMovCode64 failed, found 0 sites
08-01 00:44:27.467 E/NativeCustomFrequencyManager( 2198): [NativeCFMS] BpCustomFrequencyManager::acquire()
08-01 00:44:29.944 E/NativeCustomFrequencyManager( 2198): [NativeCFMS] BpCustomFrequencyManager::acquire()
08-01 00:44:31.462 E/NativeCustomFrequencyManager( 2198): [NativeCFMS] BpCustomFrequencyManager::acquire()
08-01 00:44:32.657 E/ByteVC2_dec(16817): vc2_thread [warning]: WPP is not supported by the bitstream, turn it off
08-01 00:44:32.968 E/NativeCustomFrequencyManager( 2198): [NativeCFMS] BpCustomFrequencyManager::acquire()
08-01 00:44:33.216 E/WindowManager( 3093): win=Window{5f33061 u0 BackPanelController} destroySurfaces: appStopped=true cleanupOnResume=false win.mWindowRemovalAllowed=false win.mRemoveOnExit=false win.mViewVisibility=8 caller=com.android.server.wm.WindowManagerService.tryStartExitingAnimation:128 com.android.server.wm.WindowManagerService.relayoutWindow:1121 com.android.server.wm.Session.relayout:30 android.view.IWindowSession$Stub.onTransact:840 com.android.server.wm.Session.onTransact:1 android.os.Binder.execTransactInternal:1514 android.os.Binder.execTransact:1454 
08-01 00:44:34.103 E/SemContext.CaeProvider( 3093): setAttribute() : attribute is null!
08-01 00:44:34.104 E/SensorService( 3093): BigData:Pakage) 5 already enabled. 
08-01 00:44:34.474 E/NativeCustomFrequencyManager( 2198): [NativeCFMS] BpCustomFrequencyManager::acquire()
08-01 00:44:35.058 E/SensorService( 3093): BigData:Pakage) 5 already disabled. 
08-01 00:44:35.997 E/NativeCustomFrequencyManager( 2198): [NativeCFMS] BpCustomFrequencyManager::acquire()
08-01 00:44:36.291 E/BatteryDump( 2074): !@new_battery_dump : 3870,575,1425,3331,42,350,352,449,350,0,375,449,0,Charging,NO_CHARGING,Normal,Good,PDIC,0,Normal,0,0,9300,0x8000,0x10010000,0x0,0,0,0000,0000,00000000,0,0,0,0,539,3815,4214,980,0,
08-01 00:44:36.977 E/BlackDenseThreshold(16817): searchMovCode64 failed, found 0 sites
08-01 00:44:37.801 E/NativeCustomFrequencyManager( 2198): [NativeCFMS] BpCustomFrequencyManager::acquire()
08-01 00:44:38.160 E/WindowManager( 3093): win=Window{5f33061 u0 BackPanelController} destroySurfaces: appStopped=true cleanupOnResume=false win.mWindowRemovalAllowed=false win.mRemoveOnExit=false win.mViewVisibility=8 caller=com.android.server.wm.WindowManagerService.tryStartExitingAnimation:128 com.android.server.wm.WindowManagerService.relayoutWindow:1121 com.android.server.wm.Session.relayout:30 android.view.IWindowSession$Stub.onTransact:840 com.android.server.wm.Session.onTransact:1 android.os.Binder.execTransactInternal:1514 android.os.Binder.execTransact:1454 
08-01 00:44:38.305 E/Watchdog( 3093): !@Sync: 1466 heap(MB): 173 / 203 FD: 1588 Threads: 580 [2026-08-01 00:44:38.305]
08-01 00:44:39.338 E/NativeCustomFrequencyManager( 2198): [NativeCFMS] BpCustomFrequencyManager::acquire()
08-01 00:44:40.848 E/NativeCustomFrequencyManager( 2198): [NativeCFMS] BpCustomFrequencyManager::acquire()
08-01 00:44:41.256 E/WindowManager( 3093): win=Window{5f33061 u0 BackPanelController} destroySurfaces: appStopped=true cleanupOnResume=false win.mWindowRemovalAllowed=false win.mRemoveOnExit=false win.mViewVisibility=8 caller=com.android.server.wm.WindowManagerService.tryStartExitingAnimation:128 com.android.server.wm.WindowManagerService.relayoutWindow:1121 com.android.server.wm.Session.relayout:30 android.view.IWindowSession$Stub.onTransact:840 com.android.server.wm.Session.onTransact:1 android.os.Binder.execTransactInternal:1514 android.os.Binder.execTransact:1454 
08-01 00:44:42.367 E/NativeCustomFrequencyManager( 2198): [NativeCFMS] BpCustomFrequencyManager::acquire()
08-01 00:44:43.873 E/NativeCustomFrequencyManager( 2198): [NativeCFMS] BpCustomFrequencyManager::acquire()
08-01 00:44:44.597 E/mAFPC_ABC( 3093): [READ] [TYPE : 0] saProcess : 0
08-01 00:44:46.181 E/NativeCustomFrequencyManager( 2198): [NativeCFMS] BpCustomFrequencyManager::acquire()
08-01 00:44:46.442 E/BatteryDump( 2074): !@new_battery_dump : 3877,1136,1425,2000,43,351,352,437,351,0,380,437,0,Charging,NO_CHARGING,Normal,Good,PDIC,0,Normal,0,0,9300,0x8000,0x10010000,0x0,0,0,0000,0000,00000000,0,0,0,0,539,3815,4221,980,0,
08-01 00:44:46.733 E/DeviceIconManager(17670): getSvgIcon() fail : /data/user/0/com.android.settings.intelligence/files/bticon/01_00.svg is null 
08-01 00:44:47.702 E/NativeCustomFrequencyManager( 2198): [NativeCFMS] BpCustomFrequencyManager::acquire()
08-01 00:44:49.210 E/NativeCustomFrequencyManager( 2198): [NativeCFMS] BpCustomFrequencyManager::acquire()
08-01 00:44:50.098 E/gcblocker(16817): gc block end, 389405869,200
08-01 00:44:50.374 E/BlackDenseThreshold(16817): searchMovCode64 failed, found 0 sites
08-01 00:44:50.738 E/NativeCustomFrequencyManager( 2198): [NativeCFMS] BpCustomFrequencyManager::acquire()
08-01 00:44:52.269 E/NativeCustomFrequencyManager( 2198): [NativeCFMS] BpCustomFrequencyManager::acquire()
08-01 00:44:54.162 E/SemContext.CaeProvider( 3093): setAttribute() : attribute is null!
08-01 00:44:54.163 E/SensorService( 3093): BigData:Pakage) 5 already enabled. 
08-01 00:44:55.267 E/NativeCustomFrequencyManager( 2198): [NativeCFMS] BpCustomFrequencyManager::acquire()
08-01 00:44:55.793 E/WindowManager( 3093): win=Window{5f33061 u0 BackPanelController} destroySurfaces: appStopped=true cleanupOnResume=false win.mWindowRemovalAllowed=false win.mRemoveOnExit=false win.mViewVisibility=8 caller=com.android.server.wm.WindowManagerService.tryStartExitingAnimation:128 com.android.server.wm.WindowManagerService.relayoutWindow:1121 com.android.server.wm.Session.relayout:30 android.view.IWindowSession$Stub.onTransact:840 com.android.server.wm.Session.onTransact:1 android.os.Binder.execTransactInternal:1514 android.os.Binder.execTransact:1454 
08-01 00:44:56.031 E/AppOps  ( 3093): attributionTag  not declared in manifest of com.zhiliaoapp.musically
08-01 00:44:56.031 E/AppOps  ( 3093): attributionTag  not declared in manifest of com.zhiliaoapp.musically
08-01 00:44:56.037 E/AppOps  ( 3093): attributionTag  not declared in manifest of com.zhiliaoapp.musically
08-01 00:44:56.037 E/AppOps  ( 3093): attributionTag  not declared in manifest of com.zhiliaoapp.musically
08-01 00:44:56.150 E/SensorService( 3093): BigData:Pakage) 5 already disabled. 
08-01 00:44:56.623 E/BatteryDump( 2074): !@new_battery_dump : 3872,851,1000,2000,43,350,350,421,350,0,380,421,0,Charging,NO_CHARGING,Normal,Good,PDIC,0,Normal,0,0,9300,0x8000,0x10010000,0x0,0,0,0000,0000,00000000,0,0,0,0,539,3816,4225,980,0,
08-01 00:44:56.653 E/aoapp.musically(16817): Failed to query component interface for required system resources: 6
08-01 00:44:56.660 E/QC2Comp ( 2072): [hvcD_715] configureIntf failed 95
08-01 00:44:56.662 E/QC2V4l2Codec( 2072): [v4lhvcD_715]  ? is not a supported pixel format!
08-01 00:44:57.819 E/BlackDenseThreshold(16817): searchMovCode64 failed, found 0 sites
08-01 00:45:02.551 E/QC2PerfCtrlUtil( 2072): Failed to set Power hint
08-01 00:45:02.553 E/AppOps  ( 3093): attributionTag  not declared in manifest of com.zhiliaoapp.musically
08-01 00:45:02.554 E/AppOps  ( 3093): attributionTag  not declared in manifest of com.zhiliaoapp.musically
08-01 00:45:02.562 E/AppOps  ( 3093): attributionTag  not declared in manifest of com.zhiliaoapp.musically
08-01 00:45:02.562 E/AppOps  ( 3093): attributionTag  not declared in manifest of com.zhiliaoapp.musically
08-01 00:45:02.591 E/ANDR-PERF-OH( 2057): ANDR-PERF-OH: getPerfHandle() 52: Invalid handle req: -1
08-01 00:45:02.627 E/SurfaceFlinger( 2198): getLuts failed Status(-129, EX_TRANSACTION_FAILED): 'UNKNOWN_TRANSACTION: '
08-01 00:45:02.662 E/NativeCustomFrequencyManager( 2198): [NativeCFMS] BpCustomFrequencyManager::acquire()
08-01 00:45:03.109 E/aoapp.musically(16817): Failed to query component interface for required system resources: 6
08-01 00:45:03.112 E/QC2Comp ( 2072): [hvcD_716] configureIntf failed 95
08-01 00:45:03.115 E/QC2V4l2Codec( 2072): [v4lhvcD_716]  ? is not a supported pixel format!
08-01 00:45:03.583 E/gcblocker(16817): gc block end, 389418758,796
08-01 00:45:04.276 E/BlackDenseThreshold(16817): searchMovCode64 failed, found 0 sites
08-01 00:45:04.750 E/NativeCustomFrequencyManager( 2198): [NativeCFMS] BpCustomFrequencyManager::acquire()
08-01 00:45:04.781 E/WindowManager( 3093): win=Window{1634bb1 u0 com.sec.android.app.launcher/com.samsung.app.honeyspace.edge.edgepanel.app.CocktailBarService} destroySurfaces: appStopped=true cleanupOnResume=false win.mWindowRemovalAllowed=false win.mRemoveOnExit=false win.mViewVisibility=8 caller=com.android.server.wm.WindowManagerService.tryStartExitingAnimation:128 com.android.server.wm.WindowManagerService.relayoutWindow:1121 com.android.server.wm.Session.relayout:30 android.view.IWindowSession$Stub.onTransact:840 com.android.server.wm.Session.onTransact:1 android.os.Binder.execTransactInternal:1514 android.os.Binder.execTransact:1454 
08-01 00:45:05.823 E/NotifRow( 4266): Magnetic state changed from IDLE to IDLE on a null swiped listener, or the logging key of the listener is null
08-01 00:45:05.826 E/ANDR-PERF-OH( 2057): ANDR-PERF-OH: getPerfHandle() 52: Invalid handle req: -1
08-01 00:45:05.832 E/FlexPanelStartController( 4266): failed to call SemStatusBarManager
08-01 00:45:05.832 E/FlexPanelStartController( 4266): java.lang.NullPointerException
08-01 00:45:05.832 E/FlexPanelStartController( 4266): 	at com.android.wm.shell.flexpanel.FlexPanelStartController.onFlexModeChanged(qb/111684928 80d0ebc2d11fc069506f954a8624ba64b8132103f5e7677332960c1f301d015e:24)
08-01 00:45:05.832 E/FlexPanelStartController( 4266): 	at com.android.wm.shell.flexpanel.FlexPanelStartController$1.onReceive(qb/111684928 80d0ebc2d11fc069506f954a8624ba64b8132103f5e7677332960c1f301d015e:72)
08-01 00:45:05.832 E/FlexPanelStartController( 4266): 	at android.app.LoadedApk$ReceiverDispatcher$Args.lambda$getRunnable$0(LoadedApk.java:2073)
08-01 00:45:05.832 E/FlexPanelStartController( 4266): 	at android.app.LoadedApk$ReceiverDispatcher$Args.$r8$lambda$mcNAAl1SQ4MyJPyDg8TJ2x2h0Rk(LoadedApk.java:0)
08-01 00:45:05.832 E/FlexPanelStartController( 4266): 	at android.app.LoadedApk$ReceiverDispatcher$Args$$ExternalSyntheticLambda0.run(D8$$SyntheticClass:0)
08-01 00:45:05.832 E/FlexPanelStartController( 4266): 	at android.os.Handler.handleCallback(Handler.java:1070)
08-01 00:45:05.832 E/FlexPanelStartController( 4266): 	at android.os.Handler.dispatchMessage(Handler.java:125)
08-01 00:45:05.832 E/FlexPanelStartController( 4266): 	at android.os.Looper.dispatchMessage(Looper.java:358)
08-01 00:45:05.832 E/FlexPanelStartController( 4266): 	at android.os.Looper.loopOnce(Looper.java:288)
08-01 00:45:05.832 E/FlexPanelStartController( 4266): 	at android.os.Looper.loop(Looper.java:392)
08-01 00:45:05.832 E/FlexPanelStartController( 4266): 	at android.app.ActivityThread.main(ActivityThread.java:10346)
08-01 00:45:05.832 E/FlexPanelStartController( 4266): 	at java.lang.reflect.Method.invoke(Native Method)
08-01 00:45:05.832 E/FlexPanelStartController( 4266): 	at com.android.internal.os.RuntimeInit$MethodAndArgsCaller.run(RuntimeInit.java:638)
08-01 00:45:05.832 E/FlexPanelStartController( 4266): 	at com.android.internal.os.ZygoteInit.main(ZygoteInit.java:972)
08-01 00:45:05.855 E/WindowManager( 3093): win=Window{114a300 u0 NotificationShade} destroySurfaces: appStopped=true cleanupOnResume=false win.mWindowRemovalAllowed=false win.mRemoveOnExit=false win.mViewVisibility=4 caller=com.android.server.wm.WindowManagerService.tryStartExitingAnimation:128 com.android.server.wm.WindowManagerService.relayoutWindow:1121 com.android.server.wm.Session.relayout:30 android.view.IWindowSession$Stub.onTransact:840 com.android.server.wm.Session.onTransact:1 android.os.Binder.execTransactInternal:1514 android.os.Binder.execTransact:1454 
08-01 00:45:06.277 E/NativeCustomFrequencyManager( 2198): [NativeCFMS] BpCustomFrequencyManager::acquire()
08-01 00:45:06.772 E/BatteryDump( 2074): !@new_battery_dump : 3874,717,1000,2000,43,350,350,421,350,0,377,421,0,Charging,NO_CHARGING,Normal,Good,PDIC,0,Normal,0,0,9300,0x8000,0x10010000,0x0,0,0,0000,0000,00000000,0,0,0,0,539,3816,4229,980,0,
08-01 00:45:08.314 E/Watchdog( 3093): !@Sync: 1467 heap(MB): 181 / 203 FD: 1592 Threads: 581 [2026-08-01 00:45:08.314]
08-01 00:45:09.580 E/NativeCustomFrequencyManager( 2198): [NativeCFMS] BpCustomFrequencyManager::acquire()
08-01 00:45:09.960 E/gcblocker(16817): too long GC blocking: 3000
08-01 00:45:09.960 E/gcblocker(16817): gc block end, 389422927,3005
08-01 00:45:09.988 E/ANDR-PERF-OH( 2057): ANDR-PERF-OH: getPerfHandle() 52: Invalid handle req: -1
08-01 00:45:10.004 E/WindowManager( 3093): win=Window{5f33061 u0 BackPanelController} destroySurfaces: appStopped=true cleanupOnResume=false win.mWindowRemovalAllowed=false win.mRemoveOnExit=false win.mViewVisibility=8 caller=com.android.server.wm.WindowManagerService.tryStartExitingAnimation:128 com.android.server.wm.WindowManagerService.relayoutWindow:1121 com.android.server.wm.Session.relayout:30 android.view.IWindowSession$Stub.onTransact:840 com.android.server.wm.Session.onTransact:1 android.os.Binder.execTransactInternal:1514 android.os.Binder.execTransact:1454 
08-01 00:45:10.244 E/BlackDenseThreshold(16817): searchMovCode64 failed, found 0 sites
08-01 00:45:11.935 E/gcblocker(16817): gc block end, 389426180,1726
08-01 00:45:13.051 E/libc    (20233): SetHeapTaggingLevel: re-enabling tagging after it was disabled is not supported
08-01 00:45:13.117 E/adservices.measurement(13782): Measurement API is disabled by kill-switch.
08-01 00:45:13.240 E/SurfaceFlinger( 2198): alpha changed 0.000 -> 1.000 - Surface(name=36d3d2e InputMethod#306690)/@0xba43165 - animation-leash of insets_animation#357440
08-01 00:45:14.002 E/WindowManager( 3093): win=Window{5f33061 u0 BackPanelController} destroySurfaces: appStopped=true cleanupOnResume=false win.mWindowRemovalAllowed=false win.mRemoveOnExit=false win.mViewVisibility=8 caller=com.android.server.wm.WindowManagerService.tryStartExitingAnimation:128 com.android.server.wm.WindowManagerService.relayoutWindow:1121 com.android.server.wm.Session.relayout:30 android.view.IWindowSession$Stub.onTransact:840 com.android.server.wm.Session.onTransact:1 android.os.Binder.execTransactInternal:1514 android.os.Binder.execTransact:1454 
08-01 00:45:14.048 E/FlexPanelStartController( 4266): failed to call SemStatusBarManager
08-01 00:45:14.048 E/FlexPanelStartController( 4266): java.lang.NullPointerException
08-01 00:45:14.048 E/FlexPanelStartController( 4266): 	at com.android.wm.shell.flexpanel.FlexPanelStartController.onFlexModeChanged(qb/111684928 80d0ebc2d11fc069506f954a8624ba64b8132103f5e7677332960c1f301d015e:24)
08-01 00:45:14.048 E/FlexPanelStartController( 4266): 	at com.android.wm.shell.flexpanel.FlexPanelStartController$1.onReceive(qb/111684928 80d0ebc2d11fc069506f954a8624ba64b8132103f5e7677332960c1f301d015e:101)
08-01 00:45:14.048 E/FlexPanelStartController( 4266): 	at android.app.LoadedApk$ReceiverDispatcher$Args.lambda$getRunnable$0(LoadedApk.java:2073)
08-01 00:45:14.048 E/FlexPanelStartController( 4266): 	at android.app.LoadedApk$ReceiverDispatcher$Args.$r8$lambda$mcNAAl1SQ4MyJPyDg8TJ2x2h0Rk(LoadedApk.java:0)
08-01 00:45:14.048 E/FlexPanelStartController( 4266): 	at android.app.LoadedApk$ReceiverDispatcher$Args$$ExternalSyntheticLambda0.run(D8$$SyntheticClass:0)
08-01 00:45:14.048 E/FlexPanelStartController( 4266): 	at android.os.Handler.handleCallback(Handler.java:1070)
08-01 00:45:14.048 E/FlexPanelStartController( 4266): 	at android.os.Handler.dispatchMessage(Handler.java:125)
08-01 00:45:14.048 E/FlexPanelStartController( 4266): 	at android.os.Looper.dispatchMessage(Looper.java:358)
08-01 00:45:14.048 E/FlexPanelStartController( 4266): 	at android.os.Looper.loopOnce(Looper.java:288)
08-01 00:45:14.048 E/FlexPanelStartController( 4266): 	at android.os.Looper.loop(Looper.java:392)
08-01 00:45:14.048 E/FlexPanelStartController( 4266): 	at android.app.ActivityThread.main(ActivityThread.java:10346)
08-01 00:45:14.048 E/FlexPanelStartController( 4266): 	at java.lang.reflect.Method.invoke(Native Method)
08-01 00:45:14.048 E/FlexPanelStartController( 4266): 	at com.android.internal.os.RuntimeInit$MethodAndArgsCaller.run(RuntimeInit.java:638)
08-01 00:45:14.048 E/FlexPanelStartController( 4266): 	at com.android.internal.os.ZygoteInit.main(ZygoteInit.java:972)
08-01 00:45:14.403 E/WindowManager( 3093): win=Window{36d3d2e u0 InputMethod} destroySurfaces: appStopped=true cleanupOnResume=false win.mWindowRemovalAllowed=false win.mRemoveOnExit=false win.mViewVisibility=8 caller=com.android.server.wm.WindowManagerService.tryStartExitingAnimation:128 com.android.server.wm.WindowManagerService.relayoutWindow:1121 com.android.server.wm.Session.relayout:30 android.view.IWindowSession$Stub.onTransact:840 com.android.server.wm.Session.onTransact:1 android.os.Binder.execTransactInternal:1509 android.os.Binder.execTransact:1454 
08-01 00:45:14.421 E/SurfaceFlinger( 2198): alpha changed 1.000 -> 0.000 - Surface(name=36d3d2e InputMethod#306690)/@0xba43165 - animation-leash of insets_animation#357537
08-01 00:45:14.622 E/SurfaceFlinger( 2198): getLuts failed Status(-129, EX_TRANSACTION_FAILED): 'UNKNOWN_TRANSACTION: '
08-01 00:45:14.706 E/mAFPC_ABC( 3093): [READ] [TYPE : 0] saProcess : 0
08-01 00:45:14.937 E/SurfaceFlinger( 2198): alpha changed 0.000 -> 1.000 - Surface(name=36d3d2e InputMethod#306690)/@0xba43165 - animation-leash of insets_animation#357537
08-01 00:45:15.718 E/BlackDenseThreshold(16817): searchMovCode64 failed, found 0 sites
08-01 00:45:16.950 E/BatteryDump( 2074): !@new_battery_dump : 3855,357,1000,2000,43,350,350,417,350,0,375,417,0,Charging,NO_CHARGING,Normal,Good,PDIC,0,Normal,0,0,9300,0x8000,0x10010000,0x0,0,0,0000,0000,00000000,0,0,0,0,539,3816,4232,980,0,
08-01 00:45:17.326 E/FlexPanelStartController( 4266): failed to call SemStatusBarManager
08-01 00:45:17.326 E/FlexPanelStartController( 4266): java.lang.NullPointerException
08-01 00:45:17.326 E/FlexPanelStartController( 4266): 	at com.android.wm.shell.flexpanel.FlexPanelStartController.onFlexModeChanged(qb/111684928 80d0ebc2d11fc069506f954a8624ba64b8132103f5e7677332960c1f301d015e:24)
08-01 00:45:17.326 E/FlexPanelStartController( 4266): 	at com.android.wm.shell.flexpanel.FlexPanelStartController$1.onReceive(qb/111684928 80d0ebc2d11fc069506f954a8624ba64b8132103f5e7677332960c1f301d015e:101)
08-01 00:45:17.326 E/FlexPanelStartController( 4266): 	at android.app.LoadedApk$ReceiverDispatcher$Args.lambda$getRunnable$0(LoadedApk.java:2073)
08-01 00:45:17.326 E/FlexPanelStartController( 4266): 	at android.app.LoadedApk$ReceiverDispatcher$Args.$r8$lambda$mcNAAl1SQ4MyJPyDg8TJ2x2h0Rk(LoadedApk.java:0)
08-01 00:45:17.326 E/FlexPanelStartController( 4266): 	at android.app.LoadedApk$ReceiverDispatcher$Args$$ExternalSyntheticLambda0.run(D8$$SyntheticClass:0)
08-01 00:45:17.326 E/FlexPanelStartController( 4266): 	at android.os.Handler.handleCallback(Handler.java:1070)
08-01 00:45:17.326 E/FlexPanelStartController( 4266): 	at android.os.Handler.dispatchMessage(Handler.java:125)
08-01 00:45:17.326 E/FlexPanelStartController( 4266): 	at android.os.Looper.dispatchMessage(Looper.java:358)
08-01 00:45:17.326 E/FlexPanelStartController( 4266): 	at android.os.Looper.loopOnce(Looper.java:288)
08-01 00:45:17.326 E/FlexPanelStartController( 4266): 	at android.os.Looper.loop(Looper.java:392)
08-01 00:45:17.326 E/FlexPanelStartController( 4266): 	at android.app.ActivityThread.main(ActivityThread.java:10346)
08-01 00:45:17.326 E/FlexPanelStartController( 4266): 	at java.lang.reflect.Method.invoke(Native Method)
08-01 00:45:17.326 E/FlexPanelStartController( 4266): 	at com.android.internal.os.RuntimeInit$MethodAndArgsCaller.run(RuntimeInit.java:638)
08-01 00:45:17.326 E/FlexPanelStartController( 4266): 	at com.android.internal.os.ZygoteInit.main(ZygoteInit.java:972)
08-01 00:45:17.716 E/WindowManager( 3093): win=Window{36d3d2e u0 InputMethod} destroySurfaces: appStopped=true cleanupOnResume=false win.mWindowRemovalAllowed=false win.mRemoveOnExit=false win.mViewVisibility=8 caller=com.android.server.wm.WindowManagerService.tryStartExitingAnimation:128 com.android.server.wm.WindowManagerService.relayoutWindow:1121 com.android.server.wm.Session.relayout:30 android.view.IWindowSession$Stub.onTransact:840 com.android.server.wm.Session.onTransact:1 android.os.Binder.execTransactInternal:1509 android.os.Binder.execTransact:1454 
08-01 00:45:17.734 E/SurfaceFlinger( 2198): alpha changed 1.000 -> 0.000 - Surface(name=36d3d2e InputMethod#306690)/@0xba43165 - animation-leash of insets_animation#357541
08-01 00:45:27.118 E/BatteryDump( 2074): !@new_battery_dump : 3876,846,1000,2000,43,350,349,411,350,0,375,411,0,Charging,NO_CHARGING,Normal,Good,PDIC,0,Normal,0,0,9300,0x8000,0x10010000,0x0,0,0,0000,0000,00000000,0,0,0,0,539,3817,4236,980,0,
08-01 00:45:27.527 E/SurfaceFlinger( 2198): alpha changed 0.000 -> 1.000 - Surface(name=36d3d2e InputMethod#306690)/@0xba43165 - animation-leash of insets_animation#357541
08-01 00:45:27.682 E/BlackDenseThreshold(16817): searchMovCode64 failed, found 0 sites
08-01 00:45:35.798 E/BlackDenseThreshold(16817): searchMovCode64 failed, found 0 sites
08-01 00:45:35.860 E/FlexPanelStartController( 4266): failed to call SemStatusBarManager
08-01 00:45:35.860 E/FlexPanelStartController( 4266): java.lang.NullPointerException
08-01 00:45:35.860 E/FlexPanelStartController( 4266): 	at com.android.wm.shell.flexpanel.FlexPanelStartController.onFlexModeChanged(qb/111684928 80d0ebc2d11fc069506f954a8624ba64b8132103f5e7677332960c1f301d015e:24)
08-01 00:45:35.860 E/FlexPanelStartController( 4266): 	at com.android.wm.shell.flexpanel.FlexPanelStartController$1.onReceive(qb/111684928 80d0ebc2d11fc069506f954a8624ba64b8132103f5e7677332960c1f301d015e:101)
08-01 00:45:35.860 E/FlexPanelStartController( 4266): 	at android.app.LoadedApk$ReceiverDispatcher$Args.lambda$getRunnable$0(LoadedApk.java:2073)
08-01 00:45:35.860 E/FlexPanelStartController( 4266): 	at android.app.LoadedApk$ReceiverDispatcher$Args.$r8$lambda$mcNAAl1SQ4MyJPyDg8TJ2x2h0Rk(LoadedApk.java:0)
08-01 00:45:35.860 E/FlexPanelStartController( 4266): 	at android.app.LoadedApk$ReceiverDispatcher$Args$$ExternalSyntheticLambda0.run(D8$$SyntheticClass:0)
08-01 00:45:35.860 E/FlexPanelStartController( 4266): 	at android.os.Handler.handleCallback(Handler.java:1070)
08-01 00:45:35.860 E/FlexPanelStartController( 4266): 	at android.os.Handler.dispatchMessage(Handler.java:125)
08-01 00:45:35.860 E/FlexPanelStartController( 4266): 	at android.os.Looper.dispatchMessage(Looper.java:358)
08-01 00:45:35.860 E/FlexPanelStartController( 4266): 	at android.os.Looper.loopOnce(Looper.java:288)
08-01 00:45:35.860 E/FlexPanelStartController( 4266): 	at android.os.Looper.loop(Looper.java:392)
08-01 00:45:35.860 E/FlexPanelStartController( 4266): 	at android.app.ActivityThread.main(ActivityThread.java:10346)
08-01 00:45:35.860 E/FlexPanelStartController( 4266): 	at java.lang.reflect.Method.invoke(Native Method)
08-01 00:45:35.860 E/FlexPanelStartController( 4266): 	at com.android.internal.os.RuntimeInit$MethodAndArgsCaller.run(RuntimeInit.java:638)
08-01 00:45:35.860 E/FlexPanelStartController( 4266): 	at com.android.internal.os.ZygoteInit.main(ZygoteInit.java:972)
08-01 00:45:36.213 E/WindowManager( 3093): win=Window{36d3d2e u0 InputMethod} destroySurfaces: appStopped=true cleanupOnResume=false win.mWindowRemovalAllowed=false win.mRemoveOnExit=false win.mViewVisibility=8 caller=com.android.server.wm.WindowManagerService.tryStartExitingAnimation:128 com.android.server.wm.WindowManagerService.relayoutWindow:1121 com.android.server.wm.Session.relayout:30 android.view.IWindowSession$Stub.onTransact:840 com.android.server.wm.Session.onTransact:1 android.os.Binder.execTransactInternal:1509 android.os.Binder.execTransact:1454 
08-01 00:45:36.231 E/SurfaceFlinger( 2198): alpha changed 1.000 -> 0.000 - Surface(name=36d3d2e InputMethod#306690)/@0xba43165 - animation-leash of insets_animation#357545
08-01 00:45:37.288 E/BatteryDump( 2074): !@new_battery_dump : 3862,33,1000,2000,43,350,349,410,351,0,374,410,0,Charging,NO_CHARGING,Normal,Good,PDIC,0,Normal,0,0,9300,0x8000,0x10010000,0x0,0,0,0000,0000,00000000,0,0,0,0,539,3817,4239,980,0,
08-01 00:45:37.352 E/NativeCustomFrequencyManager( 2198): [NativeCFMS] BpCustomFrequencyManager::acquire()
08-01 00:45:37.395 E/pageboostd( 5725): Received HALT command code 2
08-01 00:45:37.409 E/QC2PerfCtrlUtil( 2072): Failed to set Power hint
08-01 00:45:37.415 E/AppOps  ( 3093): attributionTag  not declared in manifest of com.zhiliaoapp.musically
08-01 00:45:37.415 E/AppOps  ( 3093): attributionTag  not declared in manifest of com.zhiliaoapp.musically
08-01 00:45:37.455 E/pageboostd( 5725): Received HALT command code 2
08-01 00:45:37.462 E/SurfaceFlinger( 2198): alpha changed 1.000 -> 0.000 - ActivityRecord{195359089 u0 com.google.android.permissioncontroller/com.android.permissioncontroller.permission.ui.GrantPermissionsActivity t348}#357547
08-01 00:45:37.462 E/SurfaceFlinger( 2198): alpha changed 0.000 -> 1.000 - ActivityRecord{195359089 u0 com.google.android.permissioncontroller/com.android.permissioncontroller.permission.ui.GrantPermissionsActivity t348}#357547
08-01 00:45:37.507 E/AppOps  ( 3093): attributionTag  not declared in manifest of com.zhiliaoapp.musically
08-01 00:45:37.507 E/AppOps  ( 3093): attributionTag  not declared in manifest of com.zhiliaoapp.musically
08-01 00:45:37.540 E/ANDR-PERF-OH( 2057): ANDR-PERF-OH: getPerfHandle() 52: Invalid handle req: -1
08-01 00:45:37.550 E/WindowManager( 3093): win=Window{5f33061 u0 BackPanelController} destroySurfaces: appStopped=true cleanupOnResume=false win.mWindowRemovalAllowed=false win.mRemoveOnExit=false win.mViewVisibility=8 caller=com.android.server.wm.WindowManagerService.tryStartExitingAnimation:128 com.android.server.wm.WindowManagerService.relayoutWindow:1121 com.android.server.wm.Session.relayout:30 android.view.IWindowSession$Stub.onTransact:840 com.android.server.wm.Session.onTransact:1 android.os.Binder.execTransactInternal:1514 android.os.Binder.execTransact:1454 
08-01 00:45:37.601 E/HYPER-HAL( 2868): [HandlerUClamp.cpp]set_uclamp_min(): sched_setattr failed for thread 22965, err = -1
08-01 00:45:37.601 E/HYPER-HAL( 2868): [HandlerUClamp.cpp]set_uclamp_min(): sched_setattr failed for thread 22966, err = -1
08-01 00:45:37.601 E/HYPER-HAL( 2868): [HandlerUClamp.cpp]set_uclamp_min(): sched_setattr failed for thread 22893, err = -1
08-01 00:45:37.601 E/HYPER-HAL( 2868): [HandlerUClamp.cpp]set_uclamp_min(): sched_setattr failed for thread 22938, err = -1
08-01 00:45:37.601 E/HYPER-HAL( 2868): [HandlerUClamp.cpp]set_uclamp_min(): sched_setattr failed for thread 22965, err = -1
08-01 00:45:37.601 E/HYPER-HAL( 2868): [HandlerUClamp.cpp]set_uclamp_min(): sched_setattr failed for thread 22966, err = -1
08-01 00:45:37.601 E/HYPER-HAL( 2868): [HandlerUClamp.cpp]set_uclamp_min(): sched_setattr failed for thread 22893, err = -1
08-01 00:45:37.601 E/HYPER-HAL( 2868): [HandlerUClamp.cpp]set_uclamp_min(): sched_setattr failed for thread 22938, err = -1
08-01 00:45:37.607 E/HYPER-HAL( 2868): [HandlerUClamp.cpp]set_uclamp_min(): sched_setattr failed for thread 22965, err = -1
08-01 00:45:37.607 E/HYPER-HAL( 2868): [HandlerUClamp.cpp]set_uclamp_min(): sched_setattr failed for thread 22966, err = -1
08-01 00:45:37.607 E/HYPER-HAL( 2868): [HandlerUClamp.cpp]set_uclamp_min(): sched_setattr failed for thread 22893, err = -1
08-01 00:45:37.607 E/HYPER-HAL( 2868): [HandlerUClamp.cpp]set_uclamp_min(): sched_setattr failed for thread 22938, err = -1
08-01 00:45:37.607 E/HYPER-HAL( 2868): [HandlerUClamp.cpp]set_uclamp_min(): sched_setattr failed for thread 22965, err = -1
08-01 00:45:37.607 E/HYPER-HAL( 2868): [HandlerUClamp.cpp]set_uclamp_min(): sched_setattr failed for thread 22966, err = -1
08-01 00:45:37.607 E/HYPER-HAL( 2868): [HandlerUClamp.cpp]set_uclamp_min(): sched_setattr failed for thread 22893, err = -1
08-01 00:45:37.607 E/HYPER-HAL( 2868): [HandlerUClamp.cpp]set_uclamp_min(): sched_setattr failed for thread 22938, err = -1
08-01 00:45:37.657 E/pageboostd( 5725): Received HALT command code 2
08-01 00:45:37.692 E/AppOps  ( 3093): attributionTag  not declared in manifest of com.zhiliaoapp.musically
08-01 00:45:37.693 E/AppOps  ( 3093): attributionTag  not declared in manifest of com.zhiliaoapp.musically
08-01 00:45:37.713 E/pageboostd( 5725): Received HALT command code 2
08-01 00:45:37.720 E/SurfaceFlinger( 2198): alpha changed 1.000 -> 0.000 - ActivityRecord{50398935 u0 com.google.android.permissioncontroller/com.android.permissioncontroller.permission.ui.GrantPermissionsActivity t348}#357566
08-01 00:45:37.720 E/SurfaceFlinger( 2198): alpha changed 0.000 -> 1.000 - ActivityRecord{50398935 u0 com.google.android.permissioncontroller/com.android.permissioncontroller.permission.ui.GrantPermissionsActivity t348}#357566
08-01 00:45:37.791 E/AppOps  ( 3093): attributionTag  not declared in manifest of com.zhiliaoapp.musically
08-01 00:45:37.793 E/AppOps  ( 3093): attributionTag  not declared in manifest of com.zhiliaoapp.musically
08-01 00:45:37.839 E/ANDR-PERF-OH( 2057): ANDR-PERF-OH: getPerfHandle() 52: Invalid handle req: -1
08-01 00:45:37.954 E/BlackDenseThreshold(16817): searchMovCode64 failed, found 0 sites
08-01 00:45:38.319 E/Watchdog( 3093): !@Sync: 1468 heap(MB): 197 / 203 FD: 1609 Threads: 580 [2026-08-01 00:45:38.319]
08-01 00:45:39.544 E/HYPER-HAL( 2868): [HandlerUClamp.cpp]set_uclamp_min(): sched_setattr failed for thread 22965, err = -1
08-01 00:45:39.544 E/HYPER-HAL( 2868): [HandlerUClamp.cpp]set_uclamp_min(): sched_setattr failed for thread 22966, err = -1
08-01 00:45:39.544 E/HYPER-HAL( 2868): [HandlerUClamp.cpp]set_uclamp_min(): sched_setattr failed for thread 22893, err = -1
08-01 00:45:39.544 E/HYPER-HAL( 2868): [HandlerUClamp.cpp]set_uclamp_min(): sched_setattr failed for thread 22938, err = -1
08-01 00:45:39.544 E/HYPER-HAL( 2868): [HandlerUClamp.cpp]set_uclamp_min(): sched_setattr failed for thread 22965, err = -1
08-01 00:45:39.544 E/HYPER-HAL( 2868): [HandlerUClamp.cpp]set_uclamp_min(): sched_setattr failed for thread 22966, err = -1
08-01 00:45:39.544 E/HYPER-HAL( 2868): [HandlerUClamp.cpp]set_uclamp_min(): sched_setattr failed for thread 22893, err = -1
08-01 00:45:39.544 E/HYPER-HAL( 2868): [HandlerUClamp.cpp]set_uclamp_min(): sched_setattr failed for thread 22938, err = -1
08-01 00:45:39.546 E/AppOps  ( 3093): attributionTag  not declared in manifest of com.zhiliaoapp.musically
08-01 00:45:39.546 E/AppOps  ( 3093): attributionTag  not declared in manifest of com.zhiliaoapp.musically
08-01 00:45:39.565 E/NativeCustomFrequencyManager( 2198): [NativeCFMS] BpCustomFrequencyManager::acquire()
08-01 00:45:39.567 E/AppOps  ( 3093): attributionTag  not declared in manifest of com.zhiliaoapp.musically
08-01 00:45:39.567 E/AppOps  ( 3093): attributionTag  not declared in manifest of com.zhiliaoapp.musically
08-01 00:45:39.773 E/HYPER-HAL( 2868): [HandlerUClamp.cpp]set_uclamp_min(): sched_setattr failed for thread 22965, err = -1
08-01 00:45:39.773 E/HYPER-HAL( 2868): [HandlerUClamp.cpp]set_uclamp_min(): sched_setattr failed for thread 22966, err = -1
08-01 00:45:39.773 E/HYPER-HAL( 2868): [HandlerUClamp.cpp]set_uclamp_min(): sched_setattr failed for thread 22893, err = -1
08-01 00:45:39.773 E/HYPER-HAL( 2868): [HandlerUClamp.cpp]set_uclamp_min(): sched_setattr failed for thread 22938, err = -1
08-01 00:45:39.773 E/HYPER-HAL( 2868): [HandlerUClamp.cpp]set_uclamp_min(): sched_setattr failed for thread 22965, err = -1
08-01 00:45:39.773 E/HYPER-HAL( 2868): [HandlerUClamp.cpp]set_uclamp_min(): sched_setattr failed for thread 22966, err = -1
08-01 00:45:39.773 E/HYPER-HAL( 2868): [HandlerUClamp.cpp]set_uclamp_min(): sched_setattr failed for thread 22893, err = -1
08-01 00:45:39.773 E/HYPER-HAL( 2868): [HandlerUClamp.cpp]set_uclamp_min(): sched_setattr failed for thread 22938, err = -1
08-01 00:45:40.313 E/AppOps  ( 3093): attributionTag  not declared in manifest of com.zhiliaoapp.musically
08-01 00:45:40.314 E/AppOps  ( 3093): attributionTag  not declared in manifest of com.zhiliaoapp.musically
08-01 00:45:40.316 E/AppOps  ( 3093): attributionTag  not declared in manifest of com.zhiliaoapp.musically
08-01 00:45:40.316 E/AppOps  ( 3093): attributionTag  not declared in manifest of com.zhiliaoapp.musically
08-01 00:45:41.208 E/AppOps  ( 3093): attributionTag  not declared in manifest of com.zhiliaoapp.musically
08-01 00:45:41.208 E/AppOps  ( 3093): attributionTag  not declared in manifest of com.zhiliaoapp.musically
08-01 00:45:41.217 E/AppOps  ( 3093): attributionTag  not declared in manifest of com.zhiliaoapp.musically
08-01 00:45:41.217 E/AppOps  ( 3093): attributionTag  not declared in manifest of com.zhiliaoapp.musically
08-01 00:45:42.367 E/gcblocker(16817): gc block end, 389456292,2046
08-01 00:45:42.657 E/BlackDenseThreshold(16817): searchMovCode64 failed, found 0 sites
08-01 00:45:44.712 E/ActivityThread(16817): Failed to find provider info for com.zhiliaoapp.musically.apm
08-01 00:45:44.798 E/mAFPC_ABC( 3093): [READ] [TYPE : 0] saProcess : 0
08-01 00:45:45.128 E/AppOps  ( 3093): attributionTag  not declared in manifest of com.zhiliaoapp.musically
08-01 00:45:45.128 E/AppOps  ( 3093): attributionTag  not declared in manifest of com.zhiliaoapp.musically
08-01 00:45:45.138 E/AppOps  ( 3093): attributionTag  not declared in manifest of com.zhiliaoapp.musically
08-01 00:45:45.138 E/AppOps  ( 3093): attributionTag  not declared in manifest of com.zhiliaoapp.musically
08-01 00:45:45.685 E/aoapp.musically(16817): Failed to query component interface for required system resources: 6
08-01 00:45:45.689 E/QC2Comp ( 2072): [hvcD_717] configureIntf failed 95
08-01 00:45:45.692 E/QC2V4l2Codec( 2072): [v4lhvcD_717]  ? is not a supported pixel format!
08-01 00:45:46.186 E/gcblocker(16817): gc block end, 389461064,1094
08-01 00:45:46.520 E/BlackDenseThreshold(16817): searchMovCode64 failed, found 0 sites
08-01 00:45:47.466 E/BatteryDump( 2074): !@new_battery_dump : 3869,789,1000,2000,43,351,349,413,351,0,373,413,0,Charging,NO_CHARGING,Normal,Good,PDIC,0,Normal,0,0,9300,0x8000,0x10010000,0x0,0,0,0000,0000,00000000,0,0,0,0,539,3817,4242,980,0,
08-01 00:45:47.806 E/HoneySpace.HotseatPot@157326920( 4932): Illegal access
08-01 00:45:47.817 E/PackageManager( 3093): replace res.nonLocalizedLabel(null) to newName(Cloudy) and activity.getPackageName() () UId(1000)
08-01 00:45:47.848 E/SurfaceFlinger( 2198): alpha changed 1.000 -> 0.000 - Surface(name=TransientLaunchOverlayToken{270718 token=android.os.BinderProxy@c63ec46}#306649)/@0x862cf4b_transition-leash#357601
08-01 00:45:47.848 E/SurfaceFlinger( 2198): alpha changed 1.000 -> 0.000 - Surface(name=Task=1#306592)/@0xc3d4d28_transition-leash#357602
08-01 00:45:47.855 E/NativeCustomFrequencyManager( 2198): [NativeCFMS] BpCustomFrequencyManager::acquire()
08-01 00:45:47.856 E/SurfaceFlinger( 2198): alpha changed 0.000 -> 1.000 - Surface(name=TransientLaunchOverlayToken{270718 token=android.os.BinderProxy@c63ec46}#306649)/@0x862cf4b_transition-leash#357601
08-01 00:45:47.856 E/SurfaceFlinger( 2198): alpha changed 0.000 -> 1.000 - Surface(name=Task=1#306592)/@0xc3d4d28_transition-leash#357602
08-01 00:45:48.056 E/SurfaceFlinger( 2198): alpha changed 0.089 -> 0.000 - Surface(name=Task=348#344580)/@0x88c3a41_transition-leash#357603
08-01 00:45:48.064 E/SurfaceFlinger( 2198): alpha changed 1.000 -> 0.000 - Surface(name=WindowToken{eb8a6b2 type=2019 android.os.BinderProxy@a548a67}#306624)/@0x4311483 - animation-leash of token_transform#357606
08-01 00:45:48.081 E/SurfaceFlinger( 2198): alpha changed 0.000 -> 0.230 - Surface(name=WindowToken{eb8a6b2 type=2019 android.os.BinderProxy@a548a67}#306624)/@0x4311483 - animation-leash of token_transform#357606
08-01 00:45:48.092 E/AppOps  ( 3093): attributionTag  not declared in manifest of com.zhiliaoapp.musically
08-01 00:45:48.092 E/AppOps  ( 3093): attributionTag  not declared in manifest of com.zhiliaoapp.musically
08-01 00:45:48.131 E/SurfaceFlinger( 2198): alpha changed 1.000 -> 0.000 - Surface(name=36d3d2e InputMethod#306690)/@0xba43165 - animation-leash of insets_animation#357607
08-01 00:45:48.163 E/ActivityThread(16817): Failed to find provider info for com.zhiliaoapp.musically.apm
08-01 00:45:48.170 E/AtomicFile(  951): Failed to rename /data/user_de/0/com.samsung.android.honeyboard/files/selected.json.new to /data/user_de/0/com.samsung.android.honeyboard/files/selected.json
08-01 00:45:48.198 E/WindowManager( 3093): win=Window{373414f u0 PopupWindow:835783a} destroySurfaces: appStopped=true cleanupOnResume=false win.mWindowRemovalAllowed=false win.mRemoveOnExit=false win.mViewVisibility=8 caller=com.android.server.wm.WindowState.destroySurface:32 com.android.server.wm.ActivityRecord.destroySurfaces:24 com.android.server.wm.ActivityRecord.activityStopped:209 com.android.server.wm.ActivityClientController.activityStopped:102 android.app.IActivityClientController$Stub.onTransact:829 com.android.server.wm.ActivityClientController.onTransact:1 android.os.Binder.execTransactInternal:1514 
08-01 00:45:48.198 E/WindowManager( 3093): win=Window{938771a u0 com.zhiliaoapp.musically/com.ss.android.ugc.aweme.main.MainActivity} destroySurfaces: appStopped=true cleanupOnResume=false win.mWindowRemovalAllowed=false win.mRemoveOnExit=false win.mViewVisibility=8 caller=com.android.server.wm.ActivityRecord.destroySurfaces:24 com.android.server.wm.ActivityRecord.activityStopped:209 com.android.server.wm.ActivityClientController.activityStopped:102 android.app.IActivityClientController$Stub.onTransact:829 com.android.server.wm.ActivityClientController.onTransact:1 android.os.Binder.execTransactInternal:1514 android.os.Binder.execTransact:1454 
08-01 00:45:48.425 E/BlackDenseThreshold(16817): searchMovCode64 failed, found 0 sites
08-01 00:45:48.539 E/pageboostd( 5725): alp start : app comindeedandroidjobsearch
08-01 00:45:48.599 E/pageboostd( 5725): comindeedandroidjobsearch, amt 22809664 scnt 3 fcnt 0
08-01 00:45:48.599 E/pageboostd( 5725): comindeedandroidjobsearch, amt 0 scnt 0 fcnt 0
08-01 00:45:48.599 E/pageboostd( 5725): alp end : app comindeedandroidjobsearch data_amount 22809664
08-01 00:45:48.638 E/pageboostd( 5725): Received HALT command code 2
08-01 00:45:48.643 E/ashmem  (20658): Pinning is deprecated since Android Q. Please use trim or other methods.
08-01 00:45:49.360 E/NativeCustomFrequencyManager( 2198): [NativeCFMS] BpCustomFrequencyManager::acquire()
08-01 00:45:49.582 E/pageboostd( 5725): alp start : app comwhatsappw4b
08-01 00:45:49.660 E/pageboostd( 5725): Received HALT command code 2
08-01 00:45:49.660 E/pageboostd( 5725): comwhatsappw4b, amt 52730556 scnt 3 fcnt 0
08-01 00:45:49.660 E/pageboostd( 5725): alp end : app comwhatsappw4b data_amount 52730556
08-01 00:45:49.661 E/pageboostd( 5725): alp halted comwhatsappw4b
08-01 00:45:49.667 E/HoneySpace.HotseatPot@157326920( 4932): Illegal access
08-01 00:45:49.670 E/SurfaceFlinger( 2198): alpha changed 1.000 -> 0.000 - Surface(name=Task=421#357608)/@0x8b2a35b_transition-leash#357613
08-01 00:45:49.703 E/SurfaceFlinger( 2198): alpha changed 0.000 -> 0.681 - Surface(name=Task=421#357608)/@0x8b2a35b_transition-leash#357613
08-01 00:45:49.761 E/ashmem  (20716): Pinning is deprecated since Android Q. Please use trim or other methods.
08-01 00:45:49.805 E/rtvip   (20716): error 10 (0xd503245f)
08-01 00:45:49.805 E/rtvip   (20716): error 2
08-01 00:45:49.853 E/BufferQueueProducer(20716): Unable to open libpenguin.so: dlopen failed: library "libpenguin.so" not found.
08-01 00:45:49.853 E/om.whatsapp.w4b(20716): Unable to open libpenguin.so: dlopen failed: library "libpenguin.so" not found.
08-01 00:45:49.894 E/pageboostd( 5725): Received HALT command code 2
08-01 00:45:49.924 E/Adreno-AppProfiles(20716): QSPM AIDL service doesn't exist
08-01 00:45:50.023 E/pageboostd( 5725): Received HALT command code 2
08-01 00:45:50.052 E/QPLProvider(20716): QuickPerformanceLogger instance wasn't installed in provider, returning noop. Please call QuickPerformanceLoggerProvider.setQuickPerformanceLogger() before getting the instance.
08-01 00:45:50.052 E/QPLProvider(20716): java.lang.IllegalStateException: No QPL instance provided
08-01 00:45:50.052 E/QPLProvider(20716): 	at X.159.A00(:35)
08-01 00:45:50.052 E/QPLProvider(20716): 	at com.facebook.quicklog.QuickPerformanceLoggerNativeProvider.getQPLInstance(:0)
08-01 00:45:50.052 E/QPLProvider(20716): 	at com.facebook.common.jniexecutors.NativeRunnable.nativeRun(Native Method)
08-01 00:45:50.052 E/QPLProvider(20716): 	at com.facebook.common.jniexecutors.NativeRunnable.runNativeDirectly(:0)
08-01 00:45:50.052 E/QPLProvider(20716): 	at com.facebook.common.jniexecutors.PooledNativeRunnable.run(:0)
08-01 00:45:50.052 E/QPLProvider(20716): 	at X.1Zv.run(:47)
08-01 00:45:50.052 E/QPLProvider(20716): 	at java.util.concurrent.ThreadPoolExecutor.runWorker(ThreadPoolExecutor.java:1100)
08-01 00:45:50.052 E/QPLProvider(20716): 	at java.util.concurrent.ThreadPoolExecutor$Worker.run(ThreadPoolExecutor.java:624)
08-01 00:45:50.052 E/QPLProvider(20716): 	at X.1bG.run(:1016)
08-01 00:45:50.052 E/QPLProvider(20716): 	at java.lang.Thread.run(Thread.java:1572)
08-01 00:45:50.052 E/QPLProvider(20716): QuickPerformanceLogger instance wasn't installed in provider, returning noop. Please call QuickPerformanceLoggerProvider.setQuickPerformanceLogger() before getting the instance.
08-01 00:45:50.052 E/QPLProvider(20716): java.lang.IllegalStateException: No QPL instance provided
08-01 00:45:50.052 E/QPLProvider(20716): 	at X.159.A00(:35)
08-01 00:45:50.052 E/QPLProvider(20716): 	at com.facebook.quicklog.QuickPerformanceLoggerNativeProvider.getQPLInstance(:0)
08-01 00:45:50.052 E/QPLProvider(20716): 	at com.facebook.common.jniexecutors.NativeRunnable.nativeRun(Native Method)
08-01 00:45:50.052 E/QPLProvider(20716): 	at com.facebook.common.jniexecutors.NativeRunnable.runNativeDirectly(:0)
08-01 00:45:50.052 E/QPLProvider(20716): 	at com.facebook.common.jniexecutors.PooledNativeRunnable.run(:0)
08-01 00:45:50.052 E/QPLProvider(20716): 	at X.1Zv.run(:47)
08-01 00:45:50.052 E/QPLProvider(20716): 	at java.util.concurrent.ThreadPoolExecutor.runWorker(ThreadPoolExecutor.java:1100)
08-01 00:45:50.052 E/QPLProvider(20716): 	at java.util.concurrent.ThreadPoolExecutor$Worker.run(ThreadPoolExecutor.java:624)
08-01 00:45:50.052 E/QPLProvider(20716): 	at X.1bG.run(:1016)
08-01 00:45:50.052 E/QPLProvider(20716): 	at java.lang.Thread.run(Thread.java:1572)
08-01 00:45:50.052 E/QPLProvider(20716): QuickPerformanceLogger instance wasn't installed in provider, returning noop. Please call QuickPerformanceLoggerProvider.setQuickPerformanceLogger() before getting the instance.
08-01 00:45:50.052 E/QPLProvider(20716): java.lang.IllegalStateException: No QPL instance provided
08-01 00:45:50.052 E/QPLProvider(20716): 	at X.159.A00(:35)
08-01 00:45:50.052 E/QPLProvider(20716): 	at com.facebook.quicklog.QuickPerformanceLoggerNativeProvider.getQPLInstance(:0)
08-01 00:45:50.052 E/QPLProvider(20716): 	at com.facebook.common.jniexecutors.NativeRunnable.nativeRun(Native Method)
08-01 00:45:50.052 E/QPLProvider(20716): 	at com.facebook.common.jniexecutors.NativeRunnable.runNativeDirectly(:0)
08-01 00:45:50.052 E/QPLProvider(20716): 	at com.facebook.common.jniexecutors.PooledNativeRunnable.run(:0)
08-01 00:45:50.052 E/QPLProvider(20716): 	at X.1Zv.run(:47)
08-01 00:45:50.052 E/QPLProvider(20716): 	at java.util.concurrent.ThreadPoolExecutor.runWorker(ThreadPoolExecutor.java:1100)
08-01 00:45:50.052 E/QPLProvider(20716): 	at java.util.concurrent.ThreadPoolExecutor$Worker.run(ThreadPoolExecutor.java:624)
08-01 00:45:50.052 E/QPLProvider(20716): 	at X.1bG.run(:1016)
08-01 00:45:50.052 E/QPLProvider(20716): 	at java.lang.Thread.run(Thread.java:1572)
08-01 00:45:50.056 E/msys    (20716): E[ADNSUCTIMH WAJMNSRuntime]WAJContextInitMNSRuntime(465)=>[LogLevel:I] Secondary DNS resolver enabled
08-01 00:45:50.059 E/msys    (20716): E[N WA]_WAJMNSStreamImplMNSTCPStreamCreate(395)=>[LogLevel:I] WAJMNSStream/impl/tcpStreamCreate/MNSStreamRaw/p=0xb400007a61155d80
08-01 00:45:50.059 E/msys    (20716): E[N WA]WAJMNSStreamImplCreate(463)=>[LogLevel:I] WAJMNSStream/impl/create/p=0xb400007a61155d80 (mnsConn=0xb400007a510a0310)
08-01 00:45:50.059 E/msys    (20716): E[N WA]_WAJMNSStreamCreateMnsIpsFromIpAddressStrings(92)=>[LogLevel:I] no ip addresses provided, using DNS resolution
08-01 00:45:50.059 E/msys    (20716): E[N WA]WAJMNSStreamImplConnect(492)=>[LogLevel:I] WAJMNSStream/impl/connect/p=0xb400007a61155d80 (endpoint=g.whatsapp.net:443)(ipAddressCount=0)
08-01 00:45:50.059 E/msys    (20716): E[N WA]_WAJMNSStreamImplUpdateStreamState(235)=>[LogLevel:I] WAJMNSStream/impl/state-changed/p=0xb400007a61155d80 (initial=>connecting)
08-01 00:45:50.086 E/SurfaceFlinger( 2198): alpha changed 1.000 -> 0.000 - Surface(name=36d3d2e InputMethod#306690)/@0xba43165 - animation-leash of insets_animation#357633
08-01 00:45:50.119 E/QPLProvider(20716): QuickPerformanceLogger instance wasn't installed in provider, returning noop. Please call QuickPerformanceLoggerProvider.setQuickPerformanceLogger() before getting the instance.
08-01 00:45:50.119 E/QPLProvider(20716): java.lang.IllegalStateException: No QPL instance provided
08-01 00:45:50.119 E/QPLProvider(20716): 	at X.159.A00(:35)
08-01 00:45:50.119 E/QPLProvider(20716): 	at com.facebook.quicklog.QuickPerformanceLoggerNativeProvider.getQPLInstance(:0)
08-01 00:45:50.119 E/QPLProvider(20716): 	at com.facebook.common.jniexecutors.NativeRunnable.nativeRun(Native Method)
08-01 00:45:50.119 E/QPLProvider(20716): 	at com.facebook.common.jniexecutors.NativeRunnable.runNativeDirectly(:0)
08-01 00:45:50.119 E/QPLProvider(20716): 	at com.facebook.common.jniexecutors.PooledNativeRunnable.run(:0)
08-01 00:45:50.119 E/QPLProvider(20716): 	at X.1Zv.run(:47)
08-01 00:45:50.119 E/QPLProvider(20716): 	at java.util.concurrent.ThreadPoolExecutor.runWorker(ThreadPoolExecutor.java:1100)
08-01 00:45:50.119 E/QPLProvider(20716): 	at java.util.concurrent.ThreadPoolExecutor$Worker.run(ThreadPoolExecutor.java:624)
08-01 00:45:50.119 E/QPLProvider(20716): 	at X.1bG.run(:1016)
08-01 00:45:50.119 E/QPLProvider(20716): 	at java.lang.Thread.run(Thread.java:1572)
08-01 00:45:50.119 E/QPLProvider(20716): QuickPerformanceLogger instance wasn't installed in provider, returning noop. Please call QuickPerformanceLoggerProvider.setQuickPerformanceLogger() before getting the instance.
08-01 00:45:50.119 E/QPLProvider(20716): java.lang.IllegalStateException: No QPL instance provided
08-01 00:45:50.119 E/QPLProvider(20716): 	at X.159.A00(:35)
08-01 00:45:50.119 E/QPLProvider(20716): 	at com.facebook.quicklog.QuickPerformanceLoggerNativeProvider.getQPLInstance(:0)
08-01 00:45:50.119 E/QPLProvider(20716): 	at com.facebook.common.jniexecutors.NativeRunnable.nativeRun(Native Method)
08-01 00:45:50.119 E/QPLProvider(20716): 	at com.facebook.common.jniexecutors.NativeRunnable.runNativeDirectly(:0)
08-01 00:45:50.119 E/QPLProvider(20716): 	at com.facebook.common.jniexecutors.PooledNativeRunnable.run(:0)
08-01 00:45:50.119 E/QPLProvider(20716): 	at X.1Zv.run(:47)
08-01 00:45:50.119 E/QPLProvider(20716): 	at java.util.concurrent.ThreadPoolExecutor.runWorker(ThreadPoolExecutor.java:1100)
08-01 00:45:50.119 E/QPLProvider(20716): 	at java.util.concurrent.ThreadPoolExecutor$Worker.run(ThreadPoolExecutor.java:624)
08-01 00:45:50.119 E/QPLProvider(20716): 	at X.1bG.run(:1016)
08-01 00:45:50.119 E/QPLProvider(20716): 	at java.lang.Thread.run(Thread.java:1572)
08-01 00:45:50.119 E/QPLProvider(20716): QuickPerformanceLogger instance wasn't installed in provider, returning noop. Please call QuickPerformanceLoggerProvider.setQuickPerformanceLogger() before getting the instance.
08-01 00:45:50.119 E/QPLProvider(20716): java.lang.IllegalStateException: No QPL instance provided
08-01 00:45:50.119 E/QPLProvider(20716): 	at X.159.A00(:35)
08-01 00:45:50.119 E/QPLProvider(20716): 	at com.facebook.quicklog.QuickPerformanceLoggerNativeProvider.getQPLInstance(:0)
08-01 00:45:50.119 E/QPLProvider(20716): 	at com.facebook.common.jniexecutors.NativeRunnable.nativeRun(Native Method)
08-01 00:45:50.119 E/QPLProvider(20716): 	at com.facebook.common.jniexecutors.NativeRunnable.runNativeDirectly(:0)
08-01 00:45:50.119 E/QPLProvider(20716): 	at com.facebook.common.jniexecutors.PooledNativeRunnable.run(:0)
08-01 00:45:50.119 E/QPLProvider(20716): 	at X.1Zv.run(:47)
08-01 00:45:50.119 E/QPLProvider(20716): 	at java.util.concurrent.ThreadPoolExecutor.runWorker(ThreadPoolExecutor.java:1100)
08-01 00:45:50.119 E/QPLProvider(20716): 	at java.util.concurrent.ThreadPoolExecutor$Worker.run(ThreadPoolExecutor.java:624)
08-01 00:45:50.119 E/QPLProvider(20716): 	at X.1bG.run(:1016)
08-01 00:45:50.119 E/QPLProvider(20716): 	at java.lang.Thread.run(Thread.java:1572)
08-01 00:45:50.161 E/AtomicFile(  951): Failed to rename /data/user_de/0/com.samsung.android.honeyboard/files/selected.json.new to /data/user_de/0/com.samsung.android.honeyboard/files/selected.json
08-01 00:45:50.217 E/om.whatsapp.w4b(20716): No implementation found for void com.facebook.quicklog.QuickPerformanceLoggerNativeProvider.nativeUpdateQPLInstance() (tried Java_com_facebook_quicklog_QuickPerformanceLoggerNativeProvider_nativeUpdateQPLInstance and Java_com_facebook_quicklog_QuickPerformanceLoggerNativeProvider_nativeUpdateQPLInstance__) - is the library loaded, e.g. System.loadLibrary?
08-01 00:45:50.227 E/msys    (20716): E[N WCIHTTPImplNetworkSession]WCIHTTPTaskImplCreateRegular(556)=>[I] http/task/regular/create/start
08-01 00:45:50.227 E/msys    (20716): E[N WCIHTTPImplNetworkSession]WCIHTTPTaskImplCreateRegular(591)=>[I] http/task/regular/create/execute
08-01 00:45:50.227 E/msys    (20716): E[N WCIHTTPImplNetworkSession]WCIHTTPTaskImplCreateRegular(614)=>[I] http/task/regular/create/success
08-01 00:45:50.241 E/om.whatsapp.w4b(20716): hiddenapi: Accessing hidden method Lcom/android/org/conscrypt/OpenSSLSocketImpl;->setUseSessionTickets(Z)V (runtime_flags=CorePlatformApi, domain=core-platform, api=max-target-q,core-platform-api) from LX/LFw; (domain=app, TargetSdkVersion=36) using reflection: denied
08-01 00:45:50.241 E/om.whatsapp.w4b(20716): hiddenapi: Accessing hidden method Lcom/android/org/conscrypt/AbstractConscryptSocket;->setUseSessionTickets(Z)V (runtime_flags=0, domain=core-platform, api=max-target-q) from LX/LFw; (domain=app, TargetSdkVersion=36) using reflection: denied
08-01 00:45:50.353 E/WindowManager( 3093): win=Window{1e1062b u0 com.sec.android.app.launcher/com.sec.android.app.launcher.activities.LauncherActivity} destroySurfaces: appStopped=true cleanupOnResume=false win.mWindowRemovalAllowed=false win.mRemoveOnExit=false win.mViewVisibility=8 caller=com.android.server.wm.ActivityRecord.destroySurfaces:24 com.android.server.wm.ActivityRecord.activityStopped:209 com.android.server.wm.ActivityClientController.activityStopped:102 android.app.IActivityClientController$Stub.onTransact:829 com.android.server.wm.ActivityClientController.onTransact:1 android.os.Binder.execTransactInternal:1514 android.os.Binder.execTransact:1454 
08-01 00:45:50.361 E/msys    (20716): E[N WA]_WAJMNSStreamImplOnMNSReady(264)=>[LogLevel:I] WAJMNSStream/impl/callback/onMNSReady/p=0xb400007a61155d80
08-01 00:45:50.361 E/msys    (20716): E[N WA]_WAJMNSStreamImplCreateConnectionReport(199)=>[LogLevel:I] WAJMNSStream/impl/report port=443, connectedIPVersion=4, resolvedIPAddressCount=1, dnsResolutionStartTimeMS=389466031, dnsResolutionEndTimeMS=389466031, dnsCacheHit=Yes, connectStartTimeMS=389466031, connectEndTimeMS=389466332, proxyConnectStartTimeMS=0, proxyConnectEndTimeMS=0
08-01 00:45:50.361 E/msys    (20716): E[N WA]_WAJMNSStreamImplUpdateStreamState(235)=>[LogLevel:I] WAJMNSStream/impl/state-changed/p=0xb400007a61155d80 (connecting=>connected)
08-01 00:45:50.363 E/msys    (20716): E[N mns:TigonMNS]_OnResolverSuccess(359)=>Cache refresh succeeded with system DNS resolver. IP count: 1
08-01 00:45:50.364 E/msys    (20716): E[N mns]_OnResolverSuccess(359)=>Cache refresh succeeded with system DNS resolver. IP count: 1
08-01 00:45:50.372 E/msys    (20716): E[N mns:TigonMNS]_OnResolverSuccess(359)=>Cache refresh succeeded with system DNS resolver. IP count: 1
08-01 00:45:50.441 E/msys    (20716): E[N mns:TigonMNS]_OnResolverSuccess(359)=>Cache refresh succeeded with system DNS resolver. IP count: 1
08-01 00:45:50.502 E/msys    (20716): E[N mns:TigonMNS]_OnResolverSuccess(359)=>Cache refresh succeeded with system DNS resolver. IP count: 1
08-01 00:45:50.527 E/msys    (20716): E[N mns:TigonMNS]_OnResolverSuccess(359)=>Cache refresh succeeded with system DNS resolver. IP count: 1
08-01 00:45:51.819 E/WakeLockMetricsCollector(20716): Unknown wakelock modified
08-01 00:45:51.820 E/WakeLockMetricsCollector(20716): Unknown wakelock modified
08-01 00:45:52.128 E/pageboostd( 5725): Received HALT command code 2
08-01 00:45:52.165 E/pageboostd( 5725): Received HALT command code 2
08-01 00:45:52.175 E/SurfaceFlinger( 2198): alpha changed 1.000 -> 0.000 - ActivityRecord{266467990 u0 com.whatsapp.w4b/com.whatsapp.status.updates.ui.statusmuting.MutedStatusesActivity t421}#357634
08-01 00:45:52.175 E/SurfaceFlinger( 2198): alpha changed 1.000 -> 0.000 - DimTransitionLayer for Surface(name=ActivityRecord{118796182 u0 com.whatsapp.w4b/com.whatsapp.home.ui.HomeActivity t421}#357623)/@0x4284c44#357641
08-01 00:45:52.175 E/SurfaceFlinger( 2198): alpha changed 0.000 -> 0.000 - DimTransitionLayer for Surface(name=ActivityRecord{118796182 u0 com.whatsapp.w4b/com.whatsapp.home.ui.HomeActivity t421}#357623)/@0x4284c44#357641
08-01 00:45:52.175 E/SurfaceFlinger( 2198): alpha changed 0.000 -> 1.000 - ActivityRecord{266467990 u0 com.whatsapp.w4b/com.whatsapp.status.updates.ui.statusmuting.MutedStatusesActivity t421}#357634
08-01 00:45:52.179 E/NativeCustomFrequencyManager( 2198): [NativeCFMS] BpCustomFrequencyManager::acquire()
08-01 00:45:52.191 E/SurfaceFlinger( 2198): alpha changed 0.000 -> 0.010 - DimTransitionLayer for Surface(name=ActivityRecord{118796182 u0 com.whatsapp.w4b/com.whatsapp.home.ui.HomeActivity t421}#357623)/@0x4284c44#357641
08-01 00:45:52.208 E/SurfaceFlinger( 2198): alpha changed 1.000 -> 0.000 - Surface(name=36d3d2e InputMethod#306690)/@0xba43165 - animation-leash of insets_animation#357642
08-01 00:45:52.453 E/msys    (20716): E[ADNSUCTIMH WAJMNSDNSResolver]_MNSDNSResolutionSuccess(35)=>[LogLevel:I] DNS Resolution Successful with 4 IPs, Persistent Cache Hit: 1, secondary resolver used: 0
08-01 00:45:52.453 E/msys    (20716): E[ADNSUCTIMH WAJMNSDNSResolver]_MNSDNSResolutionSuccess(55)=>[LogLevel:I] Resolved IP Address: 203.99.62.214
08-01 00:45:52.453 E/msys    (20716): E[ADNSUCTIMH WAJMNSDNSResolver]_MNSDNSResolutionSuccess(55)=>[LogLevel:I] Resolved IP Address: 203.80.128.20
08-01 00:45:52.453 E/msys    (20716): E[ADNSUCTIMH WAJMNSDNSResolver]_MNSDNSResolutionSuccess(55)=>[LogLevel:I] Resolved IP Address: 157.20.147.14
08-01 00:45:52.453 E/msys    (20716): E[ADNSUCTIMH WAJMNSDNSResolver]_MNSDNSResolutionSuccess(55)=>[LogLevel:I] Resolved IP Address: 103.55.68.158
08-01 00:45:52.622 E/msys    (20716): E[N mns]_OnResolverSuccess(359)=>Cache refresh succeeded with system DNS resolver. IP count: 2
08-01 00:45:52.662 E/WindowManager( 3093): win=Window{30e43b6 u0 com.whatsapp.w4b/com.whatsapp.home.ui.HomeActivity} destroySurfaces: appStopped=true cleanupOnResume=false win.mWindowRemovalAllowed=false win.mRemoveOnExit=false win.mViewVisibility=8 caller=com.android.server.wm.ActivityRecord.destroySurfaces:24 com.android.server.wm.ActivityRecord.activityStopped:209 com.android.server.wm.ActivityClientController.activityStopped:102 android.app.IActivityClientController$Stub.onTransact:829 com.android.server.wm.ActivityClientController.onTransact:1 android.os.Binder.execTransactInternal:1514 android.os.Binder.execTransact:1454 
08-01 00:45:52.824 E/SurfaceFlinger( 2198): alpha changed 1.000 -> 0.000 - DimTransitionLayer for Surface(name=ActivityRecord{118796182 u0 com.whatsapp.w4b/com.whatsapp.home.ui.HomeActivity t421}#357623)/@0x676e899#357648
08-01 00:45:52.824 E/SurfaceFlinger( 2198): alpha changed 0.000 -> 0.180 - DimTransitionLayer for Surface(name=ActivityRecord{118796182 u0 com.whatsapp.w4b/com.whatsapp.home.ui.HomeActivity t421}#357623)/@0x676e899#357648
08-01 00:45:52.849 E/SurfaceFlinger( 2198): alpha changed 1.000 -> 0.000 - Surface(name=36d3d2e InputMethod#306690)/@0xba43165 - animation-leash of insets_animation#357649
08-01 00:45:52.982 E/SurfaceFlinger( 2198): alpha changed 0.011 -> 0.000 - DimTransitionLayer for Surface(name=ActivityRecord{118796182 u0 com.whatsapp.w4b/com.whatsapp.home.ui.HomeActivity t421}#357623)/@0x676e899#357648
08-01 00:45:53.079 E/msys    (20716): E[N WCIHTTPImplNetworkSession]WCIHTTPTaskImplCreateRegular(556)=>[I] http/task/regular/create/start
08-01 00:45:53.079 E/msys    (20716): E[N WCIHTTPImplNetworkSession]WCIHTTPTaskImplCreateRegular(591)=>[I] http/task/regular/create/execute
08-01 00:45:53.079 E/msys    (20716): E[N WCIHTTPImplNetworkSession]WCIHTTPTaskImplCreateRegular(614)=>[I] http/task/regular/create/success
08-01 00:45:53.085 E/WindowManager( 3093): win=Window{5f33061 u0 BackPanelController} destroySurfaces: appStopped=true cleanupOnResume=false win.mWindowRemovalAllowed=false win.mRemoveOnExit=false win.mViewVisibility=8 caller=com.android.server.wm.WindowManagerService.tryStartExitingAnimation:128 com.android.server.wm.WindowManagerService.relayoutWindow:1121 com.android.server.wm.Session.relayout:30 android.view.IWindowSession$Stub.onTransact:840 com.android.server.wm.Session.onTransact:1 android.os.Binder.execTransactInternal:1514 android.os.Binder.execTransact:1454 
08-01 00:45:53.169 E/TaskPersister( 3093): File error accessing recents directory (directory doesn't exist?).
08-01 00:45:53.170 E/TaskPersister( 3093): File error accessing recents directory (directory doesn't exist?).
08-01 00:45:53.170 E/TaskPersister( 3093): File error accessing recents directory (directory doesn't exist?).
08-01 00:45:53.170 E/TaskPersister( 3093): File error accessing recents directory (directory doesn't exist?).
08-01 00:45:54.266 E/pageboostd( 5725): Received HALT command code 2
08-01 00:45:54.320 E/pageboostd( 5725): Received HALT command code 2
08-01 00:45:54.330 E/SurfaceFlinger( 2198): alpha changed 1.000 -> 0.000 - ActivityRecord{166175926 u0 com.whatsapp.w4b/com.whatsapp.status.playback.MyStatusesActivity t421}#357650
08-01 00:45:54.330 E/SurfaceFlinger( 2198): alpha changed 1.000 -> 0.000 - DimTransitionLayer for Surface(name=ActivityRecord{118796182 u0 com.whatsapp.w4b/com.whatsapp.home.ui.HomeActivity t421}#357623)/@0x7b62a09#357657
08-01 00:45:54.330 E/SurfaceFlinger( 2198): alpha changed 0.000 -> 0.000 - DimTransitionLayer for Surface(name=ActivityRecord{118796182 u0 com.whatsapp.w4b/com.whatsapp.home.ui.HomeActivity t421}#357623)/@0x7b62a09#357657
08-01 00:45:54.330 E/SurfaceFlinger( 2198): alpha changed 0.000 -> 1.000 - ActivityRecord{166175926 u0 com.whatsapp.w4b/com.whatsapp.status.playback.MyStatusesActivity t421}#357650
08-01 00:45:54.337 E/NativeCustomFrequencyManager( 2198): [NativeCFMS] BpCustomFrequencyManager::acquire()
08-01 00:45:54.347 E/SurfaceFlinger( 2198): alpha changed 0.000 -> 0.010 - DimTransitionLayer for Surface(name=ActivityRecord{118796182 u0 com.whatsapp.w4b/com.whatsapp.home.ui.HomeActivity t421}#357623)/@0x7b62a09#357657
08-01 00:45:54.355 E/SurfaceFlinger( 2198): alpha changed 1.000 -> 0.000 - Surface(name=36d3d2e InputMethod#306690)/@0xba43165 - animation-leash of insets_animation#357658
08-01 00:45:54.823 E/WindowManager( 3093): win=Window{30e43b6 u0 com.whatsapp.w4b/com.whatsapp.home.ui.HomeActivity} destroySurfaces: appStopped=true cleanupOnResume=false win.mWindowRemovalAllowed=false win.mRemoveOnExit=false win.mViewVisibility=8 caller=com.android.server.wm.ActivityRecord.destroySurfaces:24 com.android.server.wm.ActivityRecord.activityStopped:209 com.android.server.wm.ActivityClientController.activityStopped:102 android.app.IActivityClientController$Stub.onTransact:829 com.android.server.wm.ActivityClientController.onTransact:1 android.os.Binder.execTransactInternal:1514 android.os.Binder.execTransact:1454 
08-01 00:45:55.071 E/pageboostd( 5725): Received HALT command code 2
08-01 00:45:55.108 E/pageboostd( 5725): Received HALT command code 2
08-01 00:45:55.112 E/SurfaceFlinger( 2198): alpha changed 1.000 -> 0.000 - ActivityRecord{258017846 u0 com.whatsapp.w4b/com.whatsapp.status.playback.StatusPlaybackActivity t421}#357659
08-01 00:45:55.112 E/SurfaceFlinger( 2198): alpha changed 0.000 -> 0.000 - ActivityRecord{258017846 u0 com.whatsapp.w4b/com.whatsapp.status.playback.StatusPlaybackActivity t421}#357659
08-01 00:45:55.129 E/SurfaceFlinger( 2198): alpha changed 0.000 -> 0.016 - ActivityRecord{258017846 u0 com.whatsapp.w4b/com.whatsapp.status.playback.StatusPlaybackActivity t421}#357659
08-01 00:45:55.212 E/SurfaceFlinger( 2198): alpha changed 1.000 -> 0.000 - Surface(name=36d3d2e InputMethod#306690)/@0xba43165 - animation-leash of insets_animation#357666
08-01 00:45:55.359 E/om.whatsapp.w4b(20716): Failed to query component interface for required system resources: 6
08-01 00:45:55.378 E/Codec2-ComponentInterface( 2611): We have a failed config
08-01 00:45:55.400 E/StandardCaps( 2072): max size must equal to/greater than output size
08-01 00:45:55.401 E/om.whatsapp.w4b(20716): Failed to query component interface for required system resources: 6
08-01 00:45:55.404 E/QC2Comp ( 2072): [avcD_718] configureIntf failed 95
08-01 00:45:55.410 E/QC2V4l2Codec( 2072): [v4lavcD_718]  ? is not a supported pixel format!
08-01 00:45:55.514 E/AppOps  ( 3093): attributionTag  not declared in manifest of com.whatsapp.w4b
08-01 00:45:55.515 E/AppOps  ( 3093): attributionTag  not declared in manifest of com.whatsapp.w4b
08-01 00:45:55.535 E/AppOps  ( 3093): attributionTag  not declared in manifest of com.whatsapp.w4b
08-01 00:45:55.535 E/AppOps  ( 3093): attributionTag  not declared in manifest of com.whatsapp.w4b
08-01 00:45:55.558 E/AppOps  ( 3093): attributionTag  not declared in manifest of com.whatsapp.w4b
08-01 00:45:55.558 E/AppOps  ( 3093): attributionTag  not declared in manifest of com.whatsapp.w4b
08-01 00:45:55.582 E/ACDB    ( 2759): vendor/qcom/proprietary/args/acdb/src/acdb_command.c:AcdbCmdGetProcSubgraphCalDataPersist:8247 Error[19]: No calibration found
08-01 00:45:55.582 E/ACDB    ( 2759): vendor/qcom/proprietary/args/acdb/src/acdb_command.c:AcdbCmdGetProcSubgraphCalDataPersist:8247 Error[19]: No calibration found
08-01 00:45:55.582 E/ACDB    ( 2759): vendor/qcom/proprietary/args/acdb/src/acdb_command.c:AcdbCmdGetProcSubgraphCalDataPersist:8247 Error[19]: No calibration found
08-01 00:45:55.582 E/ACDB    ( 2759): vendor/qcom/proprietary/args/acdb/src/acdb_command.c:AcdbCmdGetProcSubgraphCalDataPersist:8247 Error[19]: No calibration found
08-01 00:45:55.584 E/ACDB    ( 2759): vendor/qcom/proprietary/args/acdb/src/acdb_command.c:AcdbCmdGetProcSubgraphCalDataPersist:8247 Error[19]: No calibration found
08-01 00:45:55.584 E/ACDB    ( 2759): vendor/qcom/proprietary/args/acdb/src/acdb_command.c:AcdbCmdGetProcSubgraphCalDataPersist:8247 Error[19]: No calibration found
08-01 00:45:55.584 E/ACDB    ( 2759): vendor/qcom/proprietary/args/acdb/src/acdb_command.c:AcdbCmdGetProcSubgraphCalDataPersist:8247 Error[19]: No calibration found
08-01 00:45:55.584 E/ACDB    ( 2759): vendor/qcom/proprietary/args/acdb/src/acdb_command.c:AcdbCmdGetProcSubgraphCalDataPersist:8247 Error[19]: No calibration found
08-01 00:45:55.586 E/AGM: graph( 2759): configure_buffer_params: 300 Unsupported buffer mode : 0, Default to Blocking
08-01 00:45:55.870 E/AppOps  ( 3093): attributionTag  not declared in manifest of com.whatsapp.w4b
08-01 00:45:55.871 E/AppOps  ( 3093): attributionTag  not declared in manifest of com.whatsapp.w4b
08-01 00:45:56.778 E/TaskPersister( 3093): File error accessing recents directory (directory doesn't exist?).
08-01 00:45:56.779 E/TaskPersister( 3093): File error accessing recents directory (directory doesn't exist?).
08-01 00:45:56.779 E/TaskPersister( 3093): File error accessing recents directory (directory doesn't exist?).
08-01 00:45:56.779 E/TaskPersister( 3093): File error accessing recents directory (directory doesn't exist?).
08-01 00:45:57.206 E/msys    (20716): E[N mns:TigonMNS]_OnResolverSuccess(359)=>Cache refresh succeeded with system DNS resolver. IP count: 1
08-01 00:45:57.628 E/BatteryDump( 2074): !@new_battery_dump : 3864,-30,1000,2000,43,351,349,424,351,0,373,424,0,Charging,NO_CHARGING,Normal,Good,PDIC,0,Normal,0,0,9300,0x8000,0x10010000,0x0,0,0,0000,0000,00000000,0,0,0,0,539,3817,4245,980,0,
08-01 00:45:58.592 E/msys    (20716): E[N mns:TigonMNS]_OnResolverSuccess(359)=>Cache refresh succeeded with system DNS resolver. IP count: 1
08-01 00:45:59.152 E/WindowManager( 3093): win=Window{5f33061 u0 BackPanelController} destroySurfaces: appStopped=true cleanupOnResume=false win.mWindowRemovalAllowed=false win.mRemoveOnExit=false win.mViewVisibility=8 caller=com.android.server.wm.WindowManagerService.tryStartExitingAnimation:128 com.android.server.wm.WindowManagerService.relayoutWindow:1121 com.android.server.wm.Session.relayout:30 android.view.IWindowSession$Stub.onTransact:840 com.android.server.wm.Session.onTransact:1 android.os.Binder.execTransactInternal:1514 android.os.Binder.execTransact:1454 
08-01 00:45:59.360 E/AppOps  ( 3093): attributionTag  not declared in manifest of com.whatsapp.w4b
08-01 00:45:59.360 E/AppOps  ( 3093): attributionTag  not declared in manifest of com.whatsapp.w4b
08-01 00:45:59.407 E/ACDB    ( 2759): vendor/qcom/proprietary/args/acdb/src/acdb_command.c:AcdbCmdGetProcSubgraphCalDataPersist:8247 Error[19]: No calibration found
08-01 00:45:59.408 E/ACDB    ( 2759): vendor/qcom/proprietary/args/acdb/src/acdb_command.c:AcdbCmdGetProcSubgraphCalDataPersist:8247 Error[19]: No calibration found
08-01 00:45:59.408 E/ACDB    ( 2759): vendor/qcom/proprietary/args/acdb/src/acdb_command.c:AcdbCmdGetProcSubgraphCalDataPersist:8247 Error[19]: No calibration found
08-01 00:45:59.408 E/ACDB    ( 2759): vendor/qcom/proprietary/args/acdb/src/acdb_command.c:AcdbCmdGetProcSubgraphCalDataPersist:8247 Error[19]: No calibration found
08-01 00:45:59.410 E/ACDB    ( 2759): vendor/qcom/proprietary/args/acdb/src/acdb_command.c:AcdbCmdGetProcSubgraphCalDataPersist:8247 Error[19]: No calibration found
08-01 00:45:59.410 E/ACDB    ( 2759): vendor/qcom/proprietary/args/acdb/src/acdb_command.c:AcdbCmdGetProcSubgraphCalDataPersist:8247 Error[19]: No calibration found
08-01 00:45:59.410 E/ACDB    ( 2759): vendor/qcom/proprietary/args/acdb/src/acdb_command.c:AcdbCmdGetProcSubgraphCalDataPersist:8247 Error[19]: No calibration found
08-01 00:45:59.410 E/ACDB    ( 2759): vendor/qcom/proprietary/args/acdb/src/acdb_command.c:AcdbCmdGetProcSubgraphCalDataPersist:8247 Error[19]: No calibration found
08-01 00:45:59.412 E/AGM: graph( 2759): configure_buffer_params: 300 Unsupported buffer mode : 0, Default to Blocking
08-01 00:46:00.023 E/msys    (20716): E[N WCIHTTPImplNetworkSession]WCIHTTPTaskImplCreateRegular(556)=>[I] http/task/regular/create/start
08-01 00:46:00.023 E/msys    (20716): E[N WCIHTTPImplNetworkSession]WCIHTTPTaskImplCreateRegular(591)=>[I] http/task/regular/create/execute
08-01 00:46:00.023 E/msys    (20716): E[N WCIHTTPImplNetworkSession]WCIHTTPTaskImplCreateRegular(614)=>[I] http/task/regular/create/success
08-01 00:46:00.455 E/msys    (20716): E[N WCIHTTPImplNetworkSession]WCIHTTPTaskImplCreateRegular(556)=>[I] http/task/regular/create/start
08-01 00:46:00.455 E/msys    (20716): E[N WCIHTTPImplNetworkSession]WCIHTTPTaskImplCreateRegular(591)=>[I] http/task/regular/create/execute
08-01 00:46:00.456 E/msys    (20716): E[N WCIHTTPImplNetworkSession]WCIHTTPTaskImplCreateRegular(614)=>[I] http/task/regular/create/success
08-01 00:46:04.019 E/BlackDenseThreshold(16817): searchMovCode64 failed, found 0 sites
08-01 00:46:07.796 E/BatteryDump( 2074): !@new_battery_dump : 3876,843,1000,2000,43,351,349,416,351,0,376,416,0,Charging,NO_CHARGING,Normal,Good,PDIC,0,Normal,0,0,9300,0x8000,0x10010000,0x0,0,0,0000,0000,00000000,0,0,0,0,539,3817,4249,980,0,
08-01 00:46:08.342 E/Watchdog( 3093): !@Sync: 1469 heap(MB): 182 / 203 FD: 1598 Threads: 580 [2026-08-01 00:46:08.342]
08-01 00:46:12.611 E/AppOps  ( 3093): attributionTag  not declared in manifest of com.whatsapp.w4b
08-01 00:46:12.612 E/AppOps  ( 3093): attributionTag  not declared in manifest of com.whatsapp.w4b
08-01 00:46:14.886 E/mAFPC_ABC( 3093): [READ] [TYPE : 0] saProcess : 0
08-01 00:46:17.961 E/BatteryDump( 2074): !@new_battery_dump : 3880,916,1000,2000,43,350,348,407,350,0,376,407,0,Charging,NO_CHARGING,Normal,Good,PDIC,0,Normal,0,0,9300,0x8000,0x10010000,0x0,0,0,0000,0000,00000000,0,0,0,0,539,3818,4253,980,0,
08-01 00:46:20.355 E/WindowManager( 3093): win=Window{5f33061 u0 BackPanelController} destroySurfaces: appStopped=true cleanupOnResume=false win.mWindowRemovalAllowed=false win.mRemoveOnExit=false win.mViewVisibility=8 caller=com.android.server.wm.WindowManagerService.tryStartExitingAnimation:128 com.android.server.wm.WindowManagerService.relayoutWindow:1121 com.android.server.wm.Session.relayout:30 android.view.IWindowSession$Stub.onTransact:840 com.android.server.wm.Session.onTransact:1 android.os.Binder.execTransactInternal:1514 android.os.Binder.execTransact:1454 
08-01 00:46:20.593 E/AppOps  ( 3093): attributionTag  not declared in manifest of com.whatsapp.w4b
08-01 00:46:20.593 E/AppOps  ( 3093): attributionTag  not declared in manifest of com.whatsapp.w4b
08-01 00:46:20.651 E/ACDB    ( 2759): vendor/qcom/proprietary/args/acdb/src/acdb_command.c:AcdbCmdGetProcSubgraphCalDataPersist:8247 Error[19]: No calibration found
08-01 00:46:20.652 E/ACDB    ( 2759): vendor/qcom/proprietary/args/acdb/src/acdb_command.c:AcdbCmdGetProcSubgraphCalDataPersist:8247 Error[19]: No calibration found
08-01 00:46:20.652 E/ACDB    ( 2759): vendor/qcom/proprietary/args/acdb/src/acdb_command.c:AcdbCmdGetProcSubgraphCalDataPersist:8247 Error[19]: No calibration found
08-01 00:46:20.652 E/ACDB    ( 2759): vendor/qcom/proprietary/args/acdb/src/acdb_command.c:AcdbCmdGetProcSubgraphCalDataPersist:8247 Error[19]: No calibration found
08-01 00:46:20.653 E/ACDB    ( 2759): vendor/qcom/proprietary/args/acdb/src/acdb_command.c:AcdbCmdGetProcSubgraphCalDataPersist:8247 Error[19]: No calibration found
08-01 00:46:20.653 E/ACDB    ( 2759): vendor/qcom/proprietary/args/acdb/src/acdb_command.c:AcdbCmdGetProcSubgraphCalDataPersist:8247 Error[19]: No calibration found
08-01 00:46:20.653 E/ACDB    ( 2759): vendor/qcom/proprietary/args/acdb/src/acdb_command.c:AcdbCmdGetProcSubgraphCalDataPersist:8247 Error[19]: No calibration found
08-01 00:46:20.653 E/ACDB    ( 2759): vendor/qcom/proprietary/args/acdb/src/acdb_command.c:AcdbCmdGetProcSubgraphCalDataPersist:8247 Error[19]: No calibration found
08-01 00:46:20.655 E/AGM: graph( 2759): configure_buffer_params: 300 Unsupported buffer mode : 0, Default to Blocking
08-01 00:46:22.773 E/FileSystemUtils( 3093): fallocate failed to punch hole: Operation not supported on transport endpoint
08-01 00:46:22.774 E/FileSystemUtils( 3093): fallocate failed to punch hole: Operation not supported on transport endpoint
08-01 00:46:22.776 E/FileSystemUtils( 3093): fallocate failed to punch hole: Operation not supported on transport endpoint
08-01 00:46:22.777 E/FileSystemUtils( 3093): fallocate failed to punch hole: Operation not supported on transport endpoint
08-01 00:46:22.779 E/FileSystemUtils( 3093): fallocate failed to punch hole: Operation not supported on transport endpoint
08-01 00:46:22.783 E/FileSystemUtils( 3093): fallocate failed to punch hole: Operation not supported on transport endpoint
08-01 00:46:22.785 E/FileSystemUtils( 3093): fallocate failed to punch hole: Operation not supported on transport endpoint
08-01 00:46:22.787 E/FileSystemUtils( 3093): fallocate failed to punch hole: Operation not supported on transport endpoint
08-01 00:46:22.788 E/FileSystemUtils( 3093): fallocate failed to punch hole: Operation not supported on transport endpoint
08-01 00:46:22.789 E/FileSystemUtils( 3093): fallocate failed to punch hole: Operation not supported on transport endpoint
08-01 00:46:22.789 E/FileSystemUtils( 3093): fallocate failed to punch hole: Operation not supported on transport endpoint
08-01 00:46:22.791 E/FileSystemUtils( 3093): fallocate failed to punch hole: Operation not supported on transport endpoint
08-01 00:46:22.791 E/FileSystemUtils( 3093): fallocate failed to punch hole: Operation not supported on transport endpoint
08-01 00:46:22.792 E/FileSystemUtils( 3093): fallocate failed to punch hole: Operation not supported on transport endpoint
08-01 00:46:22.792 E/FileSystemUtils( 3093): fallocate failed to punch hole: Operation not supported on transport endpoint
08-01 00:46:22.793 E/FileSystemUtils( 3093): fallocate failed to punch hole: Operation not supported on transport endpoint
08-01 00:46:22.793 E/FileSystemUtils( 3093): fallocate failed to punch hole: Operation not supported on transport endpoint
08-01 00:46:22.895 E/ccxg    ( 3459): *~*~*~ Previous channel {0} was garbage collected without being shut down! ~*~*~*
08-01 00:46:22.895 E/ccxg    ( 3459):     Make sure to call shutdown()/shutdownNow()
08-01 00:46:22.895 E/ccxg    ( 3459): java.lang.RuntimeException: ManagedChannel allocation site
08-01 00:46:22.895 E/ccxg    ( 3459): 	at ccxf.<init>(PG:21)
08-01 00:46:22.895 E/ccxg    ( 3459): 	at ccxg.<init>(PG:10)
08-01 00:46:22.895 E/ccxg    ( 3459): 	at ccxe.a(PG:322)
08-01 00:46:22.895 E/ccxg    ( 3459): 	at ccjx.a(PG:5)
08-01 00:46:22.895 E/ccxg    ( 3459): 	at ccor.a(PG:19)
08-01 00:46:22.895 E/ccxg    ( 3459): 	at avpt.aW(PG:36)
08-01 00:46:22.895 E/ccxg    ( 3459): 	at com.google.android.finsky.setup.VendingBackupAgent.onBackup(PG:5)
08-01 00:46:22.895 E/ccxg    ( 3459): 	at android.app.backup.BackupAgent$BackupServiceBinder.doBackup(BackupAgent.java:1332)
08-01 00:46:22.895 E/ccxg    ( 3459): 	at android.app.IBackupAgent$Stub.onTransact(IBackupAgent.java:380)
08-01 00:46:22.895 E/ccxg    ( 3459): 	at android.os.Binder.execTransactInternal(Binder.java:1514)
08-01 00:46:22.895 E/ccxg    ( 3459): 	at android.os.Binder.execTransact(Binder.java:1454)
08-01 00:46:23.012 E/ashmem  (21164): Pinning is deprecated since Android Q. Please use trim or other methods.
08-01 00:46:23.021 E/AbstractLogEventBuilder( 3459): The provided ProductIdOrigin 3 is not one of the process-level expected values: 1 or 2
08-01 00:46:23.117 E/AbstractLogEventBuilder( 3459): The provided ProductIdOrigin 3 is not one of the process-level expected values: 1 or 2
08-01 00:46:23.142 E/ashmem  (21182): Pinning is deprecated since Android Q. Please use trim or other methods.
08-01 00:46:23.347 E/ashmem  (21221): Pinning is deprecated since Android Q. Please use trim or other methods.
08-01 00:46:26.531 E/AbstractLogEventBuilder( 3459): The provided ProductIdOrigin 3 is not one of the process-level expected values: 1 or 2
08-01 00:46:26.559 E/AbstractLogEventBuilder( 3459): The provided ProductIdOrigin 3 is not one of the process-level expected values: 1 or 2
08-01 00:46:26.608 E/PackageManager( 3093): replace res.nonLocalizedLabel(null) to newName(Cloudy) and activity.getPackageName() () UId(1000)
08-01 00:46:26.611 E/PackageManager( 3093): replace res.nonLocalizedLabel(null) to newName(Cloudy) and activity.getPackageName() () UId(1000)
08-01 00:46:28.163 E/BatteryDump( 2074): !@new_battery_dump : 3865,749,1000,2000,43,349,347,407,349,0,373,407,0,Charging,NO_CHARGING,Normal,Good,PDIC,0,Normal,0,0,9300,0x8000,0x10010000,0x0,0,0,0000,0000,00000000,0,0,0,0,539,3818,4258,980,0,
08-01 00:46:29.420 E/LoadedApk( 5290): Exception : java.lang.NullPointerException: Attempt to invoke virtual method 'boolean android.os.Looper.isPerfLogEnable()' on a null object reference
08-01 00:46:29.425 E/LoadedApk( 5290): Exception : java.lang.NullPointerException: Attempt to invoke virtual method 'boolean android.os.Looper.isPerfLogEnable()' on a null object reference
08-01 00:46:33.140 E/LoadedApk( 5290): Exception : java.lang.NullPointerException: Attempt to invoke virtual method 'boolean android.os.Looper.isPerfLogEnable()' on a null object reference
08-01 00:46:33.146 E/LoadedApk( 5290): Exception : java.lang.NullPointerException: Attempt to invoke virtual method 'boolean android.os.Looper.isPerfLogEnable()' on a null object reference
08-01 00:46:33.203 E/LoadedApk( 5290): Exception : java.lang.NullPointerException: Attempt to invoke virtual method 'boolean android.os.Looper.isPerfLogEnable()' on a null object reference
08-01 00:46:33.205 E/LoadedApk( 5290): Exception : java.lang.NullPointerException: Attempt to invoke virtual method 'boolean android.os.Looper.isPerfLogEnable()' on a null object reference
08-01 00:46:33.272 E/AbstractLogEventBuilder(14303): The provided ProductIdOrigin 3 is not one of the process-level expected values: 1 or 2
08-01 00:46:36.894 E/SemBatteryUsageStatsProvider( 3093): Receive crashed battery data, request the stats once again.
08-01 00:46:37.144 E/BluetoothPowerStatsCollector( 3093): Cannot acquire BluetoothActivityEnergyInfo
08-01 00:46:37.144 E/BluetoothPowerStatsCollector( 3093): java.util.concurrent.ExecutionException: java.lang.RuntimeException: error: 9
08-01 00:46:37.144 E/BluetoothPowerStatsCollector( 3093): 	at java.util.concurrent.CompletableFuture.reportGet(CompletableFuture.java:372)
08-01 00:46:37.144 E/BluetoothPowerStatsCollector( 3093): 	at java.util.concurrent.CompletableFuture.get(CompletableFuture.java:2072)
08-01 00:46:37.144 E/BluetoothPowerStatsCollector( 3093): 	at com.android.server.power.stats.BluetoothPowerStatsCollector.collectStats(qb/111684928 8a2772898477f7cc112f6ac514b611258fb1e5c3f2206b0d202f25701684a852:209)
08-01 00:46:37.144 E/BluetoothPowerStatsCollector( 3093): 	at com.android.server.power.stats.PowerStatsCollector$$ExternalSyntheticLambda0.run(qb/111684928 8a2772898477f7cc112f6ac514b611258fb1e5c3f2206b0d202f25701684a852:48)
08-01 00:46:37.144 E/BluetoothPowerStatsCollector( 3093): 	at android.os.Handler.handleCallback(Handler.java:1070)
08-01 00:46:37.144 E/BluetoothPowerStatsCollector( 3093): 	at android.os.Handler.dispatchMessage(Handler.java:125)
08-01 00:46:37.144 E/BluetoothPowerStatsCollector( 3093): 	at android.os.Looper.dispatchMessage(Looper.java:358)
08-01 00:46:37.144 E/BluetoothPowerStatsCollector( 3093): 	at android.os.Looper.loopOnce(Looper.java:288)
08-01 00:46:37.144 E/BluetoothPowerStatsCollector( 3093): 	at android.os.Looper.loop(Looper.java:392)
08-01 00:46:37.144 E/BluetoothPowerStatsCollector( 3093): 	at android.os.HandlerThread.run(HandlerThread.java:139)
08-01 00:46:37.144 E/BluetoothPowerStatsCollector( 3093): Caused by: java.lang.RuntimeException: error: 9
08-01 00:46:37.144 E/BluetoothPowerStatsCollector( 3093): 	at com.android.server.power.stats.BluetoothPowerStatsCollector$1.onBluetoothActivityEnergyInfoError(qb/111684928 8a2772898477f7cc112f6ac514b611258fb1e5c3f2206b0d202f25701684a852:12)
08-01 00:46:37.144 E/BluetoothPowerStatsCollector( 3093): 	at android.bluetooth.BluetoothAdapter.lambda$requestControllerActivityEnergyInfo$32(BluetoothAdapter.java:3799)
08-01 00:46:37.144 E/BluetoothPowerStatsCollector( 3093): 	at android.bluetooth.BluetoothAdapter$$ExternalSyntheticLambda30.run(D8$$SyntheticClass:0)
08-01 00:46:37.144 E/BluetoothPowerStatsCollector( 3093): 	at com.android.server.SystemServerInitThreadPool$$ExternalSyntheticLambda0.execute(qb/111684928 8a2772898477f7cc112f6ac514b611258fb1e5c3f2206b0d202f25701684a852:1)
08-01 00:46:37.144 E/BluetoothPowerStatsCollector( 3093): 	at android.bluetooth.BluetoothAdapter.requestControllerActivityEnergyInfo(BluetoothAdapter.java:3797)
08-01 00:46:37.144 E/BluetoothPowerStatsCollector( 3093): 	at com.android.server.power.stats.BluetoothPowerStatsCollector.collectStats(qb/111684928 8a2772898477f7cc112f6ac514b611258fb1e5c3f2206b0d202f25701684a852:202)
08-01 00:46:37.144 E/BluetoothPowerStatsCollector( 3093): 	... 7 more
08-01 00:46:37.350 E/BluetoothPowerStatsCollector( 3093): Cannot acquire BluetoothActivityEnergyInfo
08-01 00:46:37.350 E/BluetoothPowerStatsCollector( 3093): java.util.concurrent.ExecutionException: java.lang.RuntimeException: error: 9
08-01 00:46:37.350 E/BluetoothPowerStatsCollector( 3093): 	at java.util.concurrent.CompletableFuture.reportGet(CompletableFuture.java:372)
08-01 00:46:37.350 E/BluetoothPowerStatsCollector( 3093): 	at java.util.concurrent.CompletableFuture.get(CompletableFuture.java:2072)
08-01 00:46:37.350 E/BluetoothPowerStatsCollector( 3093): 	at com.android.server.power.stats.BluetoothPowerStatsCollector.collectStats(qb/111684928 8a2772898477f7cc112f6ac514b611258fb1e5c3f2206b0d202f25701684a852:209)
08-01 00:46:37.350 E/BluetoothPowerStatsCollector( 3093): 	at com.android.server.power.stats.PowerStatsCollector$$ExternalSyntheticLambda0.run(qb/111684928 8a2772898477f7cc112f6ac514b611258fb1e5c3f2206b0d202f25701684a852:48)
08-01 00:46:37.350 E/BluetoothPowerStatsCollector( 3093): 	at android.os.Handler.handleCallback(Handler.java:1070)
08-01 00:46:37.350 E/BluetoothPowerStatsCollector( 3093): 	at android.os.Handler.dispatchMessage(Handler.java:125)
08-01 00:46:37.350 E/BluetoothPowerStatsCollector( 3093): 	at android.os.Looper.dispatchMessage(Looper.java:358)
08-01 00:46:37.350 E/BluetoothPowerStatsCollector( 3093): 	at android.os.Looper.loopOnce(Looper.java:288)
08-01 00:46:37.350 E/BluetoothPowerStatsCollector( 3093): 	at android.os.Looper.loop(Looper.java:392)
08-01 00:46:37.350 E/BluetoothPowerStatsCollector( 3093): 	at android.os.HandlerThread.run(HandlerThread.java:139)
08-01 00:46:37.350 E/BluetoothPowerStatsCollector( 3093): Caused by: java.lang.RuntimeException: error: 9
08-01 00:46:37.350 E/BluetoothPowerStatsCollector( 3093): 	at com.android.server.power.stats.BluetoothPowerStatsCollector$1.onBluetoothActivityEnergyInfoError(qb/111684928 8a2772898477f7cc112f6ac514b611258fb1e5c3f2206b0d202f25701684a852:12)
08-01 00:46:37.350 E/BluetoothPowerStatsCollector( 3093): 	at android.bluetooth.BluetoothAdapter.lambda$requestControllerActivityEnergyInfo$32(BluetoothAdapter.java:3799)
08-01 00:46:37.350 E/BluetoothPowerStatsCollector( 3093): 	at android.bluetooth.BluetoothAdapter$$ExternalSyntheticLambda30.run(D8$$SyntheticClass:0)
08-01 00:46:37.350 E/BluetoothPowerStatsCollector( 3093): 	at com.android.server.SystemServerInitThreadPool$$ExternalSyntheticLambda0.execute(qb/111684928 8a2772898477f7cc112f6ac514b611258fb1e5c3f2206b0d202f25701684a852:1)
08-01 00:46:37.350 E/BluetoothPowerStatsCollector( 3093): 	at android.bluetooth.BluetoothAdapter.requestControllerActivityEnergyInfo(BluetoothAdapter.java:3797)
08-01 00:46:37.350 E/BluetoothPowerStatsCollector( 3093): 	at com.android.server.power.stats.BluetoothPowerStatsCollector.collectStats(qb/111684928 8a2772898477f7cc112f6ac514b611258fb1e5c3f2206b0d202f25701684a852:202)
08-01 00:46:37.350 E/BluetoothPowerStatsCollector( 3093): 	... 7 more
08-01 00:46:38.357 E/Watchdog( 3093): !@Sync: 1470 heap(MB): 184 / 203 FD: 1613 Threads: 583 [2026-08-01 00:46:38.357]
08-01 00:46:38.365 E/BatteryDump( 2074): !@new_battery_dump : 3860,299,1000,2000,43,348,346,404,348,0,372,404,0,Charging,NO_CHARGING,Normal,Good,PDIC,0,Normal,0,0,9300,0x8000,0x10010000,0x0,0,0,0000,0000,00000000,0,0,0,0,539,3818,4262,980,0,
08-01 00:46:45.011 E/mAFPC_ABC( 3093): [READ] [TYPE : 0] saProcess : 0
08-01 00:46:48.555 E/BatteryDump( 2074): !@new_battery_dump : 3875,406,1000,2000,43,348,345,401,348,0,371,401,0,Charging,NO_CHARGING,Normal,Good,PDIC,0,Normal,0,0,9300,0x8000,0x10010000,0x0,0,0,0000,0000,00000000,0,0,0,0,539,3819,4267,980,0,
08-01 00:46:48.943 E/BlackDenseThreshold(16817): searchMovCode64 failed, found 0 sites
08-01 00:46:56.794 E/AppOps  ( 3093): attributionTag  not declared in manifest of com.whatsapp.w4b
08-01 00:46:56.795 E/AppOps  ( 3093): attributionTag  not declared in manifest of com.whatsapp.w4b
08-01 00:46:58.730 E/BatteryDump( 2074): !@new_battery_dump : 3872,239,1000,2000,43,347,345,400,347,0,369,400,0,Charging,NO_CHARGING,Normal,Good,PDIC,0,Normal,0,0,9300,0x8000,0x10010000,0x0,0,0,0000,0000,00000000,0,0,0,0,539,3819,4271,980,0,
08-01 00:46:59.267 E/WindowManager( 3093): win=Window{5f33061 u0 BackPanelController} destroySurfaces: appStopped=true cleanupOnResume=false win.mWindowRemovalAllowed=false win.mRemoveOnExit=false win.mViewVisibility=8 caller=com.android.server.wm.WindowManagerService.tryStartExitingAnimation:128 com.android.server.wm.WindowManagerService.relayoutWindow:1121 com.android.server.wm.Session.relayout:30 android.view.IWindowSession$Stub.onTransact:840 com.android.server.wm.Session.onTransact:1 android.os.Binder.execTransactInternal:1514 android.os.Binder.execTransact:1454 
08-01 00:46:59.475 E/AppOps  ( 3093): attributionTag  not declared in manifest of com.whatsapp.w4b
08-01 00:46:59.475 E/AppOps  ( 3093): attributionTag  not declared in manifest of com.whatsapp.w4b
08-01 00:46:59.531 E/ACDB    ( 2759): vendor/qcom/proprietary/args/acdb/src/acdb_command.c:AcdbCmdGetProcSubgraphCalDataPersist:8247 Error[19]: No calibration found
08-01 00:46:59.531 E/ACDB    ( 2759): vendor/qcom/proprietary/args/acdb/src/acdb_command.c:AcdbCmdGetProcSubgraphCalDataPersist:8247 Error[19]: No calibration found
08-01 00:46:59.531 E/ACDB    ( 2759): vendor/qcom/proprietary/args/acdb/src/acdb_command.c:AcdbCmdGetProcSubgraphCalDataPersist:8247 Error[19]: No calibration found
08-01 00:46:59.531 E/ACDB    ( 2759): vendor/qcom/proprietary/args/acdb/src/acdb_command.c:AcdbCmdGetProcSubgraphCalDataPersist:8247 Error[19]: No calibration found
08-01 00:46:59.532 E/ACDB    ( 2759): vendor/qcom/proprietary/args/acdb/src/acdb_command.c:AcdbCmdGetProcSubgraphCalDataPersist:8247 Error[19]: No calibration found
08-01 00:46:59.533 E/ACDB    ( 2759): vendor/qcom/proprietary/args/acdb/src/acdb_command.c:AcdbCmdGetProcSubgraphCalDataPersist:8247 Error[19]: No calibration found
08-01 00:46:59.533 E/ACDB    ( 2759): vendor/qcom/proprietary/args/acdb/src/acdb_command.c:AcdbCmdGetProcSubgraphCalDataPersist:8247 Error[19]: No calibration found
08-01 00:46:59.533 E/ACDB    ( 2759): vendor/qcom/proprietary/args/acdb/src/acdb_command.c:AcdbCmdGetProcSubgraphCalDataPersist:8247 Error[19]: No calibration found
08-01 00:46:59.534 E/AGM: graph( 2759): configure_buffer_params: 300 Unsupported buffer mode : 0, Default to Blocking
08-01 00:47:04.549 E/PhoneInterfaceManager( 3945): getDataNetworkTypeForSubscriber: phone is null for sub -1
08-01 00:47:08.374 E/Watchdog( 3093): !@Sync: 1471 heap(MB): 191 / 203 FD: 1613 Threads: 582 [2026-08-01 00:47:08.374]
08-01 00:47:08.922 E/BatteryDump( 2074): !@new_battery_dump : 3873,728,1000,2000,43,348,344,399,348,0,368,399,0,Charging,NO_CHARGING,Normal,Good,PDIC,0,Normal,0,0,9300,0x8000,0x10010000,0x0,0,0,0000,0000,00000000,0,0,0,0,539,3819,4275,980,0,
08-01 00:47:09.074 E/LoadedApk( 5290): Exception : java.lang.NullPointerException: Attempt to invoke virtual method 'boolean android.os.Looper.isPerfLogEnable()' on a null object reference
08-01 00:47:09.076 E/LoadedApk( 5290): Exception : java.lang.NullPointerException: Attempt to invoke virtual method 'boolean android.os.Looper.isPerfLogEnable()' on a null object reference
08-01 00:47:09.087 E/BackupManagerService( 3093): Unable to finalize restore of com.kitaabai.app
08-01 00:47:09.108 E/AppOps  ( 3093): package pm not found, can't check for attributionTag null
08-01 00:47:09.108 E/AppOps  ( 3093): Bad call made by uid 1000. Package "pm" does not belong to uid 1000.
08-01 00:47:09.108 E/AppOps  ( 3093): Cannot noteOperation: non-application UID 1000
08-01 00:47:09.145 E/keystore2( 1262): system/security/keystore2/src/keystore2_main.rs:77 - !@ [SQLITE3] 30: open db: flags=33554438, /data/misc/keystore/vpnprofilestore.sqlite
08-01 00:47:09.147 E/keystore2( 1262): system/security/keystore2/src/keystore2_main.rs:77 - !@ [SQLITE3] 30: close db /data/misc/keystore/vpnprofilestore.sqlite.
08-01 00:47:09.349 E/AtomicFile( 3093): Failed to rename /data/system/install_sessions.xml.new to /data/system/install_sessions.xml
08-01 00:47:09.377 E/SatelliteAppTracker( 3945): packageName: com.kitaabai.app, value: null
08-01 00:47:09.378 E/SatelliteAppTracker( 3945): packageName: com.kitaabai.app, value: null
08-01 00:47:09.381 E/keystore2( 1262): system/security/keystore2/src/keystore2_main.rs:77 - !@ [SQLITE3] 30: open db: flags=33554438, /data/misc/keystore/vpnprofilestore.sqlite
08-01 00:47:09.382 E/keystore2( 1262): system/security/keystore2/src/keystore2_main.rs:77 - !@ [SQLITE3] 30: open db: flags=33554438, /data/misc/keystore/vpnprofilestore.sqlite
08-01 00:47:09.383 E/keystore2( 1262): system/security/keystore2/src/keystore2_main.rs:77 - !@ [SQLITE3] 30: close db /data/misc/keystore/vpnprofilestore.sqlite.
08-01 00:47:09.384 E/keystore2( 1262): system/security/keystore2/src/keystore2_main.rs:77 - !@ [SQLITE3] 30: close db /data/misc/keystore/vpnprofilestore.sqlite.
08-01 00:47:09.403 E/AppOps  ( 3093): attributionTag VCN not declared in manifest of android
08-01 00:47:09.427 E/VvmPkgInstalledRcvr( 3945): carrierVvmPkgAdded: cannot create TelephonyManager from ComponentInfo{com.android.phone/com.android.services.telephony.TelephonyConnectionService}, E, UserHandle{0}
08-01 00:47:09.439 E/PackageManager( 3093): replace res.nonLocalizedLabel(null) to newName(Cloudy) and activity.getPackageName() () UId(1000)
08-01 00:47:09.447 E/PackageManager( 3093): replace res.nonLocalizedLabel(null) to newName(Cloudy) and activity.getPackageName() () UId(1000)
08-01 00:47:09.491 E/PackageManager( 3093): replace res.nonLocalizedLabel(null) to newName(Cloudy) and activity.getPackageName() () UId(1000)
08-01 00:47:09.536 E/LStar|AppWidgetSupplier( 4266): Couldn't find any provider services packageName=com.kitaabai.app
08-01 00:47:09.542 E/PackageManager( 3093): replace res.nonLocalizedLabel(null) to newName(Cloudy) and activity.getPackageName() () UId(1000)
08-01 00:47:09.543 E/RoleControllerServiceImpl( 3093): Default/fallback role holder package doesn't qualify for the role, package: com.google.android.gms.supervision, role: android.app.role.SYSTEM_SUPERVISION, user: 0
08-01 00:47:09.544 E/RoleControllerServiceImpl( 3093): Default/fallback role holder package doesn't qualify for the role, package: com.google.android.gms, role: android.app.role.SYSTEM_CALL_STREAMING, user: 0
08-01 00:47:09.617 E/SatelliteAppTracker( 3945): packageName: com.kitaabai.app, value: null
08-01 00:47:09.622 E/SatelliteAppTracker( 3945): packageName: com.kitaabai.app, value: null
08-01 00:47:09.678 E/ApduServiceInfo( 3093): Not adding <aid-group> with empty or invalid AIDs
08-01 00:47:09.715 E/ashmem  (21371): Pinning is deprecated since Android Q. Please use trim or other methods.
08-01 00:47:09.781 E/Finsky  ( 3459): [255] [Counters] attempted to use a non-positive increment for: 4752
08-01 00:47:09.783 E/Finsky  ( 3459): [255] [Counters] attempted to use a non-positive increment for: 4753
08-01 00:47:09.829 E/pageboostd( 5725): Received HALT command code 2
08-01 00:47:09.878 E/AppOps  ( 3093): attributionTag  not declared in manifest of com.whatsapp.w4b
08-01 00:47:09.878 E/AppOps  ( 3093): attributionTag  not declared in manifest of com.whatsapp.w4b
08-01 00:47:09.954 E/Finsky  ( 3459): [255] [Counters] attempted to use a non-positive increment for: 4752
08-01 00:47:09.954 E/Finsky  ( 3459): [255] [Counters] attempted to use a non-positive increment for: 4753
08-01 00:47:09.958 E/PackageManager( 3093): replace res.nonLocalizedLabel(null) to newName(Cloudy) and activity.getPackageName() () UId(1000)
08-01 00:47:09.966 E/AODSettingsHelper(21417): HashMap CollisionException!! Please don't add same setting uri!!! NewKey:remove_animations, OriKey:remove_animations
08-01 00:47:09.995 E/PackageManager( 3093): replace res.nonLocalizedLabel(null) to newName(Cloudy) and activity.getPackageName() () UId(1000)
08-01 00:47:10.015 E/DBManager(21417): query: mDBAdapter is null. please init first.
08-01 00:47:10.015 E/DBManager(21417): query: mDBAdapter is null. please init first.
08-01 00:47:10.021 E/Routine@Core[5.0.03.22]: PackageUtils(12233): isPackageExists: NameNotFoundException for com.samsung.android.waterplugin
08-01 00:47:10.032 E/DBManager(21417): query: mDBAdapter is null. please init first.
08-01 00:47:10.032 E/DBManager(21417): query: mDBAdapter is null. please init first.
08-01 00:47:10.032 E/DBManager(21417): query: mDBAdapter is null. please init first.
08-01 00:47:10.032 E/DBManager(21417): query: mDBAdapter is null. please init first.
08-01 00:47:10.032 E/DBManager(21417): query: mDBAdapter is null. please init first.
08-01 00:47:10.032 E/DBManager(21417): query: mDBAdapter is null. please init first.
08-01 00:47:10.032 E/DBManager(21417): query: mDBAdapter is null. please init first.
08-01 00:47:10.032 E/DBManager(21417): query: mDBAdapter is null. please init first.
08-01 00:47:10.032 E/DBManager(21417): query: mDBAdapter is null. please init first.
08-01 00:47:10.032 E/DBManager(21417): query: mDBAdapter is null. please init first.
08-01 00:47:10.032 E/DBManager(21417): query: mDBAdapter is null. please init first.
08-01 00:47:10.032 E/DBManager(21417): query: mDBAdapter is null. please init first.
08-01 00:47:10.032 E/DBManager(21417): query: mDBAdapter is null. please init first.
08-01 00:47:10.032 E/DBManager(21417): query: mDBAdapter is null. please init first.
08-01 00:47:10.032 E/DBManager(21417): query: mDBAdapter is null. please init first.
08-01 00:47:10.032 E/getBitmap : FileNotFoundException(21417): /data/user/0/com.samsung.android.app.aodservice/files/sub_home_wallpaper_bitmap: open failed: ENOENT (No such file or directory)
08-01 00:47:10.032 E/getBitmap : FileNotFoundException(21417): /data/user/0/com.samsung.android.app.aodservice/files/sub_home_theme_wallpaper_bitmap: open failed: ENOENT (No such file or directory)
08-01 00:47:10.032 E/DBManager(21417): query: mDBAdapter is null. please init first.
08-01 00:47:10.032 E/DBManager(21417): query: mDBAdapter is null. please init first.
08-01 00:47:10.032 E/DBManager(21417): query: mDBAdapter is null. please init first.
08-01 00:47:10.032 E/DBManager(21417): query: mDBAdapter is null. please init first.
08-01 00:47:10.032 E/DBManager(21417): query: mDBAdapter is null. please init first.
08-01 00:47:10.032 E/DBManager(21417): query: mDBAdapter is null. please init first.
08-01 00:47:10.032 E/DBManager(21417): query: mDBAdapter is null. please init first.
08-01 00:47:10.033 E/DBManager(21417): query: mDBAdapter is null. please init first.
08-01 00:47:10.033 E/DBManager(21417): query: mDBAdapter is null. please init first.
08-01 00:47:10.033 E/DBManager(21417): query: mDBAdapter is null. please init first.
08-01 00:47:10.033 E/DBManager(21417): query: mDBAdapter is null. please init first.
08-01 00:47:10.033 E/DBManager(21417): query: mDBAdapter is null. please init first.
08-01 00:47:10.033 E/DBManager(21417): query: mDBAdapter is null. please init first.
08-01 00:47:10.033 E/DBManager(21417): query: mDBAdapter is null. please init first.
08-01 00:47:10.033 E/DBManager(21417): query: mDBAdapter is null. please init first.
08-01 00:47:10.033 E/DBManager(21417): query: mDBAdapter is null. please init first.
08-01 00:47:10.033 E/DBManager(21417): query: mDBAdapter is null. please init first.
08-01 00:47:10.033 E/DBManager(21417): query: mDBAdapter is null. please init first.
08-01 00:47:10.033 E/DBManager(21417): query: mDBAdapter is null. please init first.
08-01 00:47:10.033 E/DBManager(21417): query: mDBAdapter is null. please init first.
08-01 00:47:10.033 E/DBManager(21417): query: mDBAdapter is null. please init first.
08-01 00:47:10.033 E/getBitmap : FileNotFoundException(21417): /data/user/0/com.samsung.android.app.aodservice/files/sub_home_wallpaper_bitmap: open failed: ENOENT (No such file or directory)
08-01 00:47:10.033 E/getBitmap : FileNotFoundException(21417): /data/user/0/com.samsung.android.app.aodservice/files/sub_home_theme_wallpaper_bitmap: open failed: ENOENT (No such file or directory)
08-01 00:47:10.033 E/DBManager(21417): query: mDBAdapter is null. please init first.
08-01 00:47:10.033 E/DBManager(21417): query: mDBAdapter is null. please init first.
08-01 00:47:10.033 E/DBManager(21417): query: mDBAdapter is null. please init first.
08-01 00:47:10.033 E/DBManager(21417): query: mDBAdapter is null. please init first.
08-01 00:47:10.033 E/DBManager(21417): query: mDBAdapter is null. please init first.
08-01 00:47:10.034 E/Finsky  ( 3459): [256] [Counters] attempted to use a non-positive increment for: 4752
08-01 00:47:10.035 E/Finsky  ( 3459): [256] [Counters] attempted to use a non-positive increment for: 4753
08-01 00:47:10.035 E/Finsky  ( 3459): [256] [Counters] attempted to use a non-positive increment for: 4752
08-01 00:47:10.036 E/Finsky  ( 3459): [256] [Counters] attempted to use a non-positive increment for: 4753
08-01 00:47:10.084 E/AppSearchAppIndxrImpl( 3093): Certificate not found for package: org.chromium.webapk.a050e22cceaa0f278_v2
08-01 00:47:10.084 E/AppSearchAppIndxrImpl( 3093): Certificate not found for package: org.chromium.webapk.a29ad0e306617ab43_v2
08-01 00:47:10.084 E/AppSearchAppIndxrImpl( 3093): Certificate not found for package: org.chromium.webapk.af010e02f05190425_v2
08-01 00:47:10.084 E/AppSearchAppIndxrImpl( 3093): Certificate not found for package: org.chromium.webapk.a6816ffd27015b58f_v2
08-01 00:47:10.084 E/AppSearchAppIndxrImpl( 3093): Certificate not found for package: org.chromium.webapk.ac08e796eb7218c6b_v2
08-01 00:47:10.084 E/AppSearchAppIndxrImpl( 3093): Certificate not found for package: org.chromium.webapk.ae8e1f1cb954283b6_v2
08-01 00:47:10.093 E/ashmem  (21417): Pinning is deprecated since Android Q. Please use trim or other methods.
08-01 00:47:10.109 E/ashmem  (21358): Pinning is deprecated since Android Q. Please use trim or other methods.
08-01 00:47:10.117 E/Routine@Core[5.0.03.22]: PackageUtils(12233): isPackageExists: NameNotFoundException for com.samsung.android.heartplugin
08-01 00:47:10.120 E/Routine@Core[5.0.03.22]: PackageUtils(12233): isPackageExists: NameNotFoundException for com.samsung.wearable.watch6plugin
08-01 00:47:10.126 E/Routine@Core[5.0.03.22]: PackageUtils(12233): isPackageExists: NameNotFoundException for com.samsung.wearable.watch7plugin
08-01 00:47:10.169 E/Routine@Core[5.0.03.22]: PackageUtils(12233): isPackageExists: NameNotFoundException for com.samsung.wearable.watchuniteplugin
08-01 00:47:10.196 E/SurfaceFlinger( 2198): alpha changed 1.000 -> 0.000 - Surface(name=62ff7c4 StatusBar#306632)/@0x33a4e39 - animation-leash of insets_animation#357676
08-01 00:47:10.204 E/SurfaceFlinger( 2198): alpha changed 1.000 -> 0.000 - Task=422#357670
08-01 00:47:10.212 E/ActivityThread(21417): Failed to find provider info for com.nhn.android.search.nowbarsettingprovider
08-01 00:47:10.213 E/SurfaceFlinger( 2198): alpha changed 0.000 -> 1.000 - Task=422#357670
08-01 00:47:10.219 E/NativeCustomFrequencyManager( 2198): [NativeCFMS] BpCustomFrequencyManager::acquire()
08-01 00:47:10.400 E/AppOps  ( 3093): attributionTag VCN not declared in manifest of android
08-01 00:47:10.576 E/Routine@Core[5.0.03.22]: AppFunctionsSchemaMetadataConverter(12233): isSupportedMetadata: not supported schema. name=deleteBookmarks
08-01 00:47:10.577 E/Routine@Core[5.0.03.22]: AppFunctionsSchemaMetadataConverter(12233): isSupportedMetadata: not supported schema. name=showTab
08-01 00:47:10.579 E/Routine@Core[5.0.03.22]: AppFunctionsSchemaMetadataConverter(12233): isSupportedMetadata: not supported schema. name=findBookmarks
08-01 00:47:10.582 E/Routine@Core[5.0.03.22]: AppFunctionsSchemaMetadataConverter(12233): isSupportedMetadata: not supported schema. name=createBookmark
08-01 00:47:10.584 E/Routine@Core[5.0.03.22]: AppFunctionsSchemaMetadataConverter(12233): isSupportedMetadata: not supported schema. name=updateBookmark
08-01 00:47:10.586 E/Routine@Core[5.0.03.22]: AppFunctionsSchemaMetadataConverter(12233): isSupportedMetadata: not supported schema. name=getHistories
08-01 00:47:10.588 E/Routine@Core[5.0.03.22]: AppFunctionsSchemaMetadataConverter(12233): isSupportedMetadata: not supported schema. name=showBookmark
08-01 00:47:10.590 E/Routine@Core[5.0.03.22]: AppFunctionsSchemaMetadataConverter(12233): isSupportedMetadata: not supported schema. name=showSite
08-01 00:47:10.591 E/Routine@Core[5.0.03.22]: AppFunctionsSchemaMetadataConverter(12233): isSupportedMetadata: not supported schema. name=findTabs
08-01 00:47:10.593 E/Routine@Core[5.0.03.22]: AppFunctionsSchemaMetadataConverter(12233): isSupportedMetadata: not supported schema. name=updateMediaItem
08-01 00:47:10.605 E/PackageManager( 3093): replace res.nonLocalizedLabel(null) to newName(Cloudy) and activity.getPackageName() () UId(1000)
08-01 00:47:10.610 E/Routine@Core[5.0.03.22]: AppFunctionsSchemaMetadataConverter(12233): isSupportedMetadata: not supported schema. name=createAlbum
08-01 00:47:10.612 E/Routine@Core[5.0.03.22]: AppFunctionsSchemaMetadataConverter(12233): isSupportedMetadata: not supported schema. name=showAlbum
08-01 00:47:10.614 E/Routine@Core[5.0.03.22]: AppFunctionsSchemaMetadataConverter(12233): isSupportedMetadata: not supported schema. name=getMediaItemContentUris
08-01 00:47:10.616 E/Routine@Core[5.0.03.22]: AppFunctionsSchemaMetadataConverter(12233): isSupportedMetadata: not supported schema. name=showMediaItem
08-01 00:47:10.617 E/Routine@Core[5.0.03.22]: AppFunctionsSchemaMetadataConverter(12233): isSupportedMetadata: not supported schema. name=findAlbums
08-01 00:47:10.618 E/Routine@Core[5.0.03.22]: AppFunctionsSchemaMetadataConverter(12233): isSupportedMetadata: not supported schema. name=deleteAlarms
08-01 00:47:10.622 E/Routine@Core[5.0.03.22]: AppFunctionsSchemaMetadataConverter(12233): isSupportedMetadata: not supported schema. name=showAlarm
08-01 00:47:10.625 E/Routine@Core[5.0.03.22]: AppFunctionsSchemaMetadataConverter(12233): isSupportedMetadata: not supported schema. name=showTimer
08-01 00:47:10.627 E/Routine@Core[5.0.03.22]: AppFunctionsSchemaMetadataConverter(12233): isSupportedMetadata: not supported schema. name=createTimers
08-01 00:47:10.628 E/Routine@Core[5.0.03.22]: AppFunctionsSchemaMetadataConverter(12233): isSupportedMetadata: not supported schema. name=getAlarms
08-01 00:47:10.632 E/Routine@Core[5.0.03.22]: AppFunctionsSchemaMetadataConverter(12233): isSupportedMetadata: not supported schema. name=createTimer
08-01 00:47:10.634 E/Routine@Core[5.0.03.22]: AppFunctionsSchemaMetadataConverter(12233): isSupportedMetadata: not supported schema. name=updateTimer
08-01 00:47:10.635 E/Routine@Core[5.0.03.22]: AppFunctionsSchemaMetadataConverter(12233): isSupportedMetadata: not supported schema. name=deleteTimers
08-01 00:47:10.638 E/Routine@Core[5.0.03.22]: AppFunctionsSchemaMetadataConverter(12233): isSupportedMetadata: not supported schema. name=findTimers
08-01 00:47:10.656 E/Routine@Core[5.0.03.22]: AppFunctionsSchemaMetadataConverter(12233): isSupportedMetadata: not supported schema. name=createAlarms
08-01 00:47:10.659 E/Routine@Core[5.0.03.22]: AppFunctionsSchemaMetadataConverter(12233): isSupportedMetadata: not supported schema. name=getTimers
08-01 00:47:10.687 E/ashmem  (21558): Pinning is deprecated since Android Q. Please use trim or other methods.
08-01 00:47:10.721 E/Routine@Core[5.0.03.22]: AppFunctionsSchemaMetadataConverter(12233): isSupportedMetadata: not supported schema. name=showStopwatch
08-01 00:47:10.727 E/Routine@Core[5.0.03.22]: AppFunctionsSchemaMetadataConverter(12233): isSupportedMetadata: not supported schema. name=getFileContentUris
08-01 00:47:10.736 E/libbinder.IPCThreadState( 3093): Binder transaction failure. id: 397331602, cmd: BR_DEAD_REPLY (29189), error: -3 (No such process)
08-01 00:47:10.779 E/Routine@Core[5.0.03.22]: AppFunctionsSchemaMetadataConverter(12233): isSupportedMetadata: not supported schema. name=getEvents
08-01 00:47:10.782 E/Routine@Core[5.0.03.22]: AppFunctionsSchemaMetadataConverter(12233): isSupportedMetadata: not supported schema. name=deleteEvents
08-01 00:47:10.813 E/libbinder.IPCThreadState( 3093): Binder transaction failure. id: 397331832, cmd: BR_DEAD_REPLY (29189), error: -3 (No such process)
08-01 00:47:10.820 E/ActivityThread(21558): Failed to find provider info for com.microsoft.yourphonecompanion.contentprovider.featureoverride
08-01 00:47:10.821 E/Routine@Core[5.0.03.22]: AppFunctionsSchemaMetadataConverter(12233): isSupportedMetadata: not supported schema. name=deleteNotes
08-01 00:47:10.851 E/Routine@Core[5.0.03.22]: AppFunctionsSchemaMetadataConverter(12233): isSupportedMetadata: not supported schema. name=findFolders
08-01 00:47:10.856 E/Routine@Core[5.0.03.22]: AppFunctionsSchemaMetadataConverter(12233): isSupportedMetadata: not supported schema. name=updateFolder
08-01 00:47:10.859 E/ashmem  (21504): Pinning is deprecated since Android Q. Please use trim or other methods.
08-01 00:47:10.860 E/libbinder.IPCThreadState( 3093): Binder transaction failure. id: 397332152, cmd: BR_DEAD_REPLY (29189), error: -3 (No such process)
08-01 00:47:10.884 E/Routine@Core[5.0.03.22]: AppFunctionsSchemaMetadataConverter(12233): isSupportedMetadata: not supported schema. name=deleteFolders
08-01 00:47:10.909 E/Adreno-AppProfiles(21504): QSPM AIDL service doesn't exist
08-01 00:47:10.920 E/libbinder.IPCThreadState( 3093): Binder transaction failure. id: 397332511, cmd: BR_DEAD_REPLY (29189), error: -3 (No such process)
08-01 00:47:10.925 E/Routine@Core[5.0.03.22]: AppFunctionsSchemaMetadataConverter(12233): isSupportedMetadata: not supported schema. name=createFolder
08-01 00:47:10.934 E/Routine@Core[5.0.03.22]: AppFunctionsSchemaMetadataConverter(12233): isSupportedMetadata: not supported schema. name=getNotes
08-01 00:47:10.944 E/AppSearchAppIndxrImpl( 3093): Certificate not found for package: org.chromium.webapk.a050e22cceaa0f278_v2
08-01 00:47:10.944 E/AppSearchAppIndxrImpl( 3093): Certificate not found for package: org.chromium.webapk.af010e02f05190425_v2
08-01 00:47:10.944 E/AppSearchAppIndxrImpl( 3093): Certificate not found for package: org.chromium.webapk.a6816ffd27015b58f_v2
08-01 00:47:10.944 E/AppSearchAppIndxrImpl( 3093): Certificate not found for package: org.chromium.webapk.a29ad0e306617ab43_v2
08-01 00:47:10.944 E/AppSearchAppIndxrImpl( 3093): Certificate not found for package: org.chromium.webapk.ac08e796eb7218c6b_v2
08-01 00:47:10.944 E/AppSearchAppIndxrImpl( 3093): Certificate not found for package: org.chromium.webapk.ae8e1f1cb954283b6_v2
08-01 00:47:10.979 E/Routine@Core[5.0.03.22]: AppFunctionsSchemaMetadataConverter(12233): isSupportedMetadata: not supported schema. name=showCallRecord
08-01 00:47:10.981 E/Routine@Core[5.0.03.22]: AppFunctionsSchemaMetadataFactory(12233): getMetadata: AppFunction not supported category. category=persons
08-01 00:47:10.982 E/Routine@Core[5.0.03.22]: AppFunctionsSchemaMetadataConverter(12233): isSupportedMetadata: not supported schema. name=getPersons
08-01 00:47:10.983 E/Routine@Core[5.0.03.22]: AppFunctionsSchemaMetadataConverter(12233): isSupportedMetadata: not supported schema. name=makeCall
08-01 00:47:10.986 E/Routine@Core[5.0.03.22]: AppFunctionsSchemaMetadataConverter(12233): isSupportedMetadata: not supported schema. name=deleteCallRecords
08-01 00:47:10.990 E/Routine@Core[5.0.03.22]: AppFunctionsSchemaMetadataFactory(12233): getMetadata: AppFunction not supported category. category=persons
08-01 00:47:10.990 E/Routine@Core[5.0.03.22]: AppFunctionsSchemaMetadataConverter(12233): isSupportedMetadata: not supported schema. name=findPersons
08-01 00:47:10.995 E/Routine@Core[5.0.03.22]: AppFunctionsSchemaMetadataConverter(12233): isSupportedMetadata: not supported schema. name=addToBlocklist
08-01 00:47:10.997 E/Routine@Core[5.0.03.22]: AppFunctionsSchemaMetadataConverter(12233): isSupportedMetadata: not supported schema. name=findCallRecords
08-01 00:47:11.003 E/Routine@Core[5.0.03.22]: AppFunctionsSchemaMetadataConverter(12233): isSupportedMetadata: not supported schema. name=setMediaItemFilter
08-01 00:47:11.019 E/Routine@Core[5.0.03.22]: AppFunctionsSchemaMetadataConverter(12233): isSupportedMetadata: not supported schema. name=showMediaItemStraightenEditor
08-01 00:47:11.023 E/Routine@Core[5.0.03.22]: AppFunctionsSchemaMetadataConverter(12233): isSupportedMetadata: not supported schema. name=showMediaItemFilterEditor
08-01 00:47:11.026 E/Routine@Core[5.0.03.22]: AppFunctionsSchemaMetadataConverter(12233): isSupportedMetadata: not supported schema. name=straightenMediaItem
08-01 00:47:11.027 E/WindowManager( 3093): win=Window{e5e1e3b u0 com.whatsapp.w4b/com.whatsapp.status.playback.StatusPlaybackActivity} destroySurfaces: appStopped=true cleanupOnResume=false win.mWindowRemovalAllowed=false win.mRemoveOnExit=false win.mViewVisibility=8 caller=com.android.server.wm.ActivityRecord.destroySurfaces:24 com.android.server.wm.ActivityRecord.activityStopped:209 com.android.server.wm.ActivityClientController.activityStopped:102 android.app.IActivityClientController$Stub.onTransact:829 com.android.server.wm.ActivityClientController.onTransact:1 android.os.Binder.execTransactInternal:1514 android.os.Binder.execTransact:1454 
08-01 00:47:11.032 E/Routine@Core[5.0.03.22]: AppFunctionsSchemaMetadataConverter(12233): isSupportedMetadata: not supported schema. name=showFile
08-01 00:47:11.034 E/WindowManager( 3093): win=Window{9dcf60a u0 com.whatsapp.w4b/com.whatsapp.status.playback.MyStatusesActivity} destroySurfaces: appStopped=true cleanupOnResume=false win.mWindowRemovalAllowed=false win.mRemoveOnExit=false win.mViewVisibility=8 caller=com.android.server.wm.ActivityRecord.destroySurfaces:24 com.android.server.wm.ActivityRecord.activityStopped:209 com.android.server.wm.ActivityClientController.activityStopped:102 android.app.IActivityClientController$Stub.onTransact:829 com.android.server.wm.ActivityClientController.onTransact:1 android.os.Binder.execTransactInternal:1514 android.os.Binder.execTransact:1454 
08-01 00:47:11.034 E/Routine@Core[5.0.03.22]: AppFunctionsSchemaMetadataConverter(12233): isSupportedMetadata: not supported schema. name=findFiles
08-01 00:47:11.036 E/Routine@Core[5.0.03.22]: AppFunctionsSchemaMetadataFactory(12233): getMetadata: AppFunction not supported category. category=persons
08-01 00:47:11.037 E/Routine@Core[5.0.03.22]: AppFunctionsSchemaMetadataConverter(12233): isSupportedMetadata: not supported schema. name=findPersons
08-01 00:47:11.040 E/BufferQueueProducer(21504): Unable to open libpenguin.so: dlopen failed: library "libpenguin.so" not found.
08-01 00:47:11.040 E/om.kitaabai.app(21504): Unable to open libpenguin.so: dlopen failed: library "libpenguin.so" not found.
08-01 00:47:11.042 E/Routine@Core[5.0.03.22]: AppFunctionsSchemaMetadataFactory(12233): getMetadata: AppFunction not supported category. category=persons
08-01 00:47:11.043 E/Routine@Core[5.0.03.22]: AppFunctionsSchemaMetadataConverter(12233): isSupportedMetadata: not supported schema. name=updatePerson
08-01 00:47:11.051 E/Routine@Core[5.0.03.22]: AppFunctionsSchemaMetadataFactory(12233): getMetadata: AppFunction not supported category. category=persons
08-01 00:47:11.052 E/Routine@Core[5.0.03.22]: AppFunctionsSchemaMetadataConverter(12233): isSupportedMetadata: not supported schema. name=deletePersons
08-01 00:47:11.060 E/pageboostd( 5725): Received HALT command code 2
08-01 00:47:11.066 E/unknown:ReactHost(21504): Unhandled SoftException
08-01 00:47:11.066 E/unknown:ReactHost(21504): com.facebook.react.bridge.ReactNoCrashSoftException: raiseSoftException(onWindowFocusChange(hasFocus = "true")): Tried to access onWindowFocusChange while context is not ready
08-01 00:47:11.066 E/unknown:ReactHost(21504): 	at com.facebook.react.runtime.ReactHostImpl.raiseSoftException(ReactHostImpl.kt:919)
08-01 00:47:11.066 E/unknown:ReactHost(21504): 	at com.facebook.react.runtime.ReactHostImpl.raiseSoftException$default(ReactHostImpl.kt:910)
08-01 00:47:11.066 E/unknown:ReactHost(21504): 	at com.facebook.react.runtime.ReactHostImpl.onWindowFocusChange(ReactHostImpl.kt:682)
08-01 00:47:11.066 E/unknown:ReactHost(21504): 	at com.facebook.react.ReactDelegate.onWindowFocusChanged(ReactDelegate.kt:229)
08-01 00:47:11.066 E/unknown:ReactHost(21504): 	at com.facebook.react.ReactActivityDelegate.onWindowFocusChanged(ReactActivityDelegate.java:235)
08-01 00:47:11.066 E/unknown:ReactHost(21504): 	at expo.modules.ReactActivityDelegateWrapper$onWindowFocusChanged$1.invokeSuspend(ReactActivityDelegateWrapper.kt:320)
08-01 00:47:11.066 E/unknown:ReactHost(21504): 	at expo.modules.ReactActivityDelegateWrapper$onWindowFocusChanged$1.invoke(ReactActivityDelegateWrapper.kt:8)
08-01 00:47:11.066 E/unknown:ReactHost(21504): 	at expo.modules.ReactActivityDelegateWrapper$onWindowFocusChanged$1.invoke(ReactActivityDelegateWrapper.kt:4)
08-01 00:47:11.066 E/unknown:ReactHost(21504): 	at expo.modules.ReactActivityDelegateWrapper$launchLifecycleScopeWithLock$1.invokeSuspend(ReactActivityDelegateWrapper.kt:452)
08-01 00:47:11.066 E/unknown:ReactHost(21504): 	at kotlin.coroutines.jvm.internal.BaseContinuationImpl.resumeWith(ContinuationImpl.kt:34)
08-01 00:47:11.066 E/unknown:ReactHost(21504): 	at kotlinx.coroutines.internal.DispatchedContinuationKt.resumeCancellableWith(DispatchedContinuation.kt:375)
08-01 00:47:11.066 E/unknown:ReactHost(21504): 	at kotlinx.coroutines.intrinsics.CancellableKt.startCoroutineCancellable(Cancellable.kt:26)
08-01 00:47:11.066 E/unknown:ReactHost(21504): 	at kotlinx.coroutines.CoroutineStart.invoke(CoroutineStart.kt:358)
08-01 00:47:11.066 E/unknown:ReactHost(21504): 	at kotlinx.coroutines.AbstractCoroutine.start(AbstractCoroutine.kt:134)
08-01 00:47:11.066 E/unknown:ReactHost(21504): 	at kotlinx.coroutines.BuildersKt__Builders_commonKt.launch(Builders.common.kt:53)
08-01 00:47:11.066 E/unknown:ReactHost(21504): 	at kotlinx.coroutines.BuildersKt.launch(dex-id-6c95318d9cfb6b1d6005fa40566d7dcd95997320:1)
08-01 00:47:11.066 E/unknown:ReactHost(21504): 	at kotlinx.coroutines.BuildersKt__Builders_commonKt.launch$default(Builders.common.kt:44)
08-01 00:47:11.066 E/unknown:ReactHost(21504): 	at kotlinx.coroutines.BuildersKt.launch$default(dex-id-6c95318d9cfb6b1d6005fa40566d7dcd95997320:1)
08-01 00:47:11.066 E/unknown:ReactHost(21504): 	at expo.modules.ReactActivityDelegateWrapper.launchLifecycleScopeWithLock(ReactActivityDelegateWrapper.kt:450)
08-01 00:47:11.066 E/unknown:ReactHost(21504): 	at expo.modules.ReactActivityDelegateWrapper.launchLifecycleScopeWithLock$default(ReactActivityDelegateWrapper.kt:446)
08-01 00:47:11.066 E/unknown:ReactHost(21504): 	at expo.modules.ReactActivityDelegateWrapper.onWindowFocusChanged(ReactActivityDelegateWrapper.kt:318)
08-01 00:47:11.066 E/unknown:ReactHost(21504): 	at com.facebook.react.ReactActivity.onWindowFocusChanged(ReactActivity.java:161)
08-01 00:47:11.066 E/unknown:ReactHost(21504): 	at androidx.appcompat.view.WindowCallbackWrapper.onWindowFocusChanged(WindowCallbackWrapper.java:124)
08-01 00:47:11.066 E/unknown:ReactHost(21504): 	at com.android.internal.policy.DecorView.onWindowFocusChanged(DecorView.java:2827)
08-01 00:47:11.066 E/unknown:ReactHost(21504): 	at android.view.View.dispatchWindowFocusChanged(View.java:17901)
08-01 00:47:11.066 E/unknown:ReactHost(21504): 	at android.view.ViewGroup.dispatchWindowFocusChanged(ViewGroup.java:1631)
08-01 00:47:11.066 E/unknown:ReactHost(21504): 	at android.view.ViewRootImpl.dispatchFocusEvent(ViewRootImpl.java:6037)
08-01 00:47:11.066 E/unknown:ReactHost(21504): 	at android.view.ViewRootImpl.handleWindowFocusChanged(ViewRootImpl.java:5920)
08-01 00:47:11.066 E/unknown:ReactHost(21504): 	at android.view.ViewRootImpl.-$$Nest$mhandleWindowFocusChanged(ViewRootImpl.java:0)
08-01 00:47:11.066 E/unknown:ReactHost(21504): 	at android.view.ViewRootImpl$ViewRootHandler.handleMessageImpl(ViewRootImpl.java:8475)
08-01 00:47:11.066 E/unknown:ReactHost(21504): 	at android.view.ViewRootImpl$ViewRootHandler.handleMessage(ViewRootImpl.java:8383)
08-01 00:47:11.066 E/unknown:ReactHost(21504): 	at android.os.Handler.dispatchMessage(Handler.java:132)
08-01 00:47:11.066 E/unknown:ReactHost(21504): 	at android.os.Looper.dispatchMessage(Looper.java:358)
08-01 00:47:11.066 E/unknown:ReactHost(21504): 	at android.os.Looper.loopOnce(Looper.java:288)
08-01 00:47:11.066 E/unknown:ReactHost(21504): 	at android.os.Looper.loop(Looper.java:392)
08-01 00:47:11.066 E/unknown:ReactHost(21504): 	at android.app.ActivityThread.main(ActivityThread.java:10346)
08-01 00:47:11.066 E/unknown:ReactHost(21504): 	at java.lang.reflect.Method.invoke(Native Method)
08-01 00:47:11.066 E/unknown:ReactHost(21504): 	at com.android.internal.os.RuntimeInit$MethodAndArgsCaller.run(RuntimeInit.java:638)
08-01 00:47:11.066 E/unknown:ReactHost(21504): 	at com.android.internal.os.ZygoteInit.main(ZygoteInit.java:972)
08-01 00:47:11.080 E/Routine@Core[5.0.03.22]: AppFunctionsSchemaMetadataFactory(12233): getMetadata: AppFunction not supported category. category=persons
08-01 00:47:11.083 E/Routine@Core[5.0.03.22]: AppFunctionsSchemaMetadataConverter(12233): isSupportedMetadata: not supported schema. name=showPerson
08-01 00:47:11.093 E/Routine@Core[5.0.03.22]: AppFunctionsSchemaMetadataFactory(12233): getMetadata: AppFunction not supported category. category=persons
08-01 00:47:11.103 E/SurfaceFlinger( 2198): alpha changed 1.000 -> 0.000 - Surface(name=36d3d2e InputMethod#306690)/@0xba43165 - animation-leash of insets_animation#357685
08-01 00:47:11.118 E/Routine@Core[5.0.03.22]: AppFunctionsSchemaMetadataConverter(12233): isSupportedMetadata: not supported schema. name=getPersons
08-01 00:47:11.126 E/Routine@Core[5.0.03.22]: AppFunctionsSchemaMetadataFactory(12233): getMetadata: AppFunction not supported category. category=persons
08-01 00:47:11.126 E/Routine@Core[5.0.03.22]: AppFunctionsSchemaMetadataConverter(12233): isSupportedMetadata: not supported schema. name=createPerson
08-01 00:47:11.129 E/Routine@Core[5.0.03.22]: AppFunctionsSchemaMetadataConverter(12233): isSupportedMetadata: not supported schema. name=replyMessage
08-01 00:47:11.134 E/Routine@Core[5.0.03.22]: AppFunctionsSchemaMetadataConverter(12233): isSupportedMetadata: not supported schema. name=deleteMessages
08-01 00:47:11.138 E/Routine@Core[5.0.03.22]: AppFunctionsSchemaMetadataConverter(12233): isSupportedMetadata: not supported schema. name=forwardMessage
08-01 00:47:11.153 E/AtomicFile(  951): Failed to rename /data/user_de/0/com.samsung.android.honeyboard/files/selected.json.new to /data/user_de/0/com.samsung.android.honeyboard/files/selected.json
08-01 00:47:11.157 E/AtomicFile(  951): Failed to rename /data/user_de/0/com.samsung.android.honeyboard/files/selected.json.new to /data/user_de/0/com.samsung.android.honeyboard/files/selected.json
08-01 00:47:11.173 E/Routine@Core[5.0.03.22]: AppFunctionsSchemaMetadataFactory(12233): getMetadata: AppFunction not supported category. category=persons
08-01 00:47:11.174 E/Routine@Core[5.0.03.22]: AppFunctionsSchemaMetadataConverter(12233): isSupportedMetadata: not supported schema. name=findPersons
08-01 00:47:11.186 E/Routine@Core[5.0.03.22]: AppFunctionsSchemaMetadataConverter(12233): isSupportedMetadata: not supported schema. name=sendMessage
08-01 00:47:11.187 E/AbsSettings(21417): refreshInner: refreshedSettingsDBItem key SELECTED_PALETTE_INDEX val = 10
08-01 00:47:11.187 E/AbsSettings(21417): refreshInner: refreshedSettingsDBItem key SELECTED_CUSTOM_COLOR val = -1
08-01 00:47:11.188 E/AbsSettings(21417): refreshInner: refreshedSettingsDBItem key lock_theme_clock_package val = 
08-01 00:47:11.188 E/AbsSettings(21417): refreshInner: refreshedSettingsDBItem key lock_theme_clock_trial_package val = null
08-01 00:47:11.188 E/AbsSettings(21417): refreshInner: refreshedSettingsDBItem key lock_theme_clock_package_settings val = 
08-01 00:47:11.188 E/AbsSettings(21417): refreshInner: refreshedSettingsDBItem key lock_theme_clock_restore_pending_package val = 
08-01 00:47:11.190 E/AbsSettings(21417): refreshInner: refreshedSettingsDBItem key CLOCK_VERSION val = 17
08-01 00:47:11.190 E/AbsSettings(21417): refreshInner: refreshedSettingsDBItem key PALETTE_VERSION val = 400000
08-01 00:47:11.190 E/AbsSettings(21417): refreshInner: refreshedSettingsDBItem key lock_clock_scale_rate val = 1.7387393
08-01 00:47:11.190 E/AbsSettings(21417): refreshInner: refreshedSettingsDBItem key lock_clock_font_type val = 506
08-01 00:47:11.190 E/AbsSettings(21417): refreshInner: refreshedSettingsDBItem key lock_clock_font_path val = 
08-01 00:47:11.190 E/AbsSettings(21417): refreshInner: refreshedSettingsDBItem key lock_clock_font_weight val = 700
08-01 00:47:11.191 E/AbsSettings(21417): refreshInner: refreshedSettingsDBItem key lock_clock_font_variation_settings val = 'wght' 700, 'RNDN' 20
08-01 00:47:11.191 E/AbsSettings(21417): refreshInner: refreshedSettingsDBItem key lock_clock_visibility val = 0
08-01 00:47:11.191 E/AbsSettings(21417): refreshInner: refreshedSettingsDBItem key profile_id val = 0
08-01 00:47:11.191 E/AbsSettings(21417): refreshInner: refreshedSettingsDBItem key clock_gravity val = 1
08-01 00:47:11.191 E/AbsSettings(21417): refreshInner: refreshedSettingsDBItem key clock_bottom_margin_ratio val = 0.514258
08-01 00:47:11.191 E/AbsSettings(21417): refreshInner: refreshedSettingsDBItem key clock_horizontal_margin_ratio val = -4.012841E-4
08-01 00:47:11.192 E/AbsSettings(21417): refreshInner: refreshedSettingsDBItem key clock_position_based_on_movable_area val = 1
08-01 00:47:11.192 E/AbsSettings(21417): refreshInner: refreshedSettingsDBItem key clock_movable_area_ratio_rect val = {"bottom":1884,"left":96,"right":1344,"top":324}
08-01 00:47:11.194 E/AbsSettings(21417): refreshInner: refreshedSettingsDBItem key clock_show_weather_info val = 1
08-01 00:47:11.194 E/AbsSettings(21417): refreshInner: refreshedSettingsDBItem key lock_clock_show_date_info_first val = 0
08-01 00:47:11.194 E/AbsSettings(21417): refreshInner: refreshedSettingsDBItem key lock_world_clock_city_list val = 
08-01 00:47:11.195 E/AbsSettings(21417): refreshInner: refreshedSettingsDBItem key lock_clock_color_data val = {"adaptiveColor":-16727554,"bodyMidHSVColor":-16776961,"bodyTopHSVColor":-16777216,"fontColorType":0,"isAdaptiveColor":false,"isThemeWallpaper":false,"shadowStyle":{"shadowColor":0,"shadowDx":0.0,"shadowDy":0.0,"shadowRadius":0.0}}
08-01 00:47:11.196 E/AbsSettings(21417): refreshInner: refreshedSettingsDBItem key lock_shortcut_color_data val = {"backgroundColor":-16117733,"fontColorType":0}
08-01 00:47:11.196 E/AbsSettings(21417): refreshInner: refreshedSettingsDBItem key lock_widget_color_data val = {"backgroundColor":-15576467}
08-01 00:47:11.196 E/AbsSettings(21417): refreshInner: refreshedSettingsDBItem key SELECTED_CLOCK_TYPE val = 2
08-01 00:47:11.198 E/Routine@Core[5.0.03.22]: AppFunctionsSchemaMetadataFactory(12233): getMetadata: AppFunction not supported category. category=persons
08-01 00:47:11.199 E/Routine@Core[5.0.03.22]: AppFunctionsSchemaMetadataConverter(12233): isSupportedMetadata: not supported schema. name=getPersons
08-01 00:47:11.205 E/Routine@Core[5.0.03.22]: AppFunctionsSchemaMetadataConverter(12233): isSupportedMetadata: not supported schema. name=findMessages
08-01 00:47:11.209 E/PackageManager( 3093): replace res.nonLocalizedLabel(null) to newName(Cloudy) and activity.getPackageName() () UId(1000)
08-01 00:47:11.211 E/AbsSettings(21417): refreshInner: refreshedSettingsDBItem key profile_id val = 0
08-01 00:47:11.211 E/AbsSettings(21417): refreshInner: refreshedSettingsDBItem key lock_theme_clock_package val = 
08-01 00:47:11.216 E/AbsSettings(21417): refreshInner: refreshedSettingsDBItem key SELECTED_THEME_CLOCK_TYPE val = 0
08-01 00:47:11.216 E/AbsSettings(21417): refreshInner: refreshedSettingsDBItem key CLOCK_VERSION val = 300000
08-01 00:47:11.216 E/AbsSettings(21417): refreshInner: refreshedSettingsDBItem key PALETTE_VERSION val = 90000
08-01 00:47:11.216 E/AbsSettings(21417): refreshInner: refreshedSettingsDBItem key aod_show_lockscreen_wallpaper val = -1
08-01 00:47:11.221 E/AbsSettings( 4266): refreshInner: refreshedSettingsDBItem key all_profiles_enabled_widget_id_list val = [5,19,20,38]
08-01 00:47:11.236 E/Routine@Core[5.0.03.22]: AppFunctionsSchemaMetadataConverter(12233): isSupportedMetadata: not supported schema. name=showMessage
08-01 00:47:11.241 E/Routine@Core[5.0.03.22]: AppFunctionsSchemaMetadataConverter(12233): isSupportedMetadata: not supported schema. name=createAndShowMessageDraft
08-01 00:47:11.244 E/Routine@Core[5.0.03.22]: AppFunctionsSchemaMetadataFactory(12233): getMetadata: AppFunction not supported category. category=persons
08-01 00:47:11.245 E/Routine@Core[5.0.03.22]: AppFunctionsSchemaMetadataConverter(12233): isSupportedMetadata: not supported schema. name=getPersons
08-01 00:47:11.253 E/ashmem  (21621): Pinning is deprecated since Android Q. Please use trim or other methods.
08-01 00:47:11.260 E/Routine@Core[5.0.03.22]: AppFunctionsSchemaMetadataConverter(12233): isSupportedMetadata: not supported schema. name=rejectCall
08-01 00:47:11.265 E/Routine@Core[5.0.03.22]: AppFunctionsSchemaMetadataConverter(12233): isSupportedMetadata: not supported schema. name=acceptCall
08-01 00:47:11.299 E/AbsSettings(21417): refreshInner: refreshedSettingsDBItem key profile_id val = 0
08-01 00:47:11.299 E/AbsSettings(21417): refreshInner: refreshedSettingsDBItem key lock_theme_clock_package val = 
08-01 00:47:11.384 E/LStar|AppWidgetSupplier( 4266): Couldn't find any provider services packageName=com.kitaabai.app
08-01 00:47:11.426 E/AODSettingsHelper(21874): HashMap CollisionException!! Please don't add same setting uri!!! NewKey:remove_animations, OriKey:remove_animations
08-01 00:47:11.430 E/DBManager(21874): query: mDBAdapter is null. please init first.
08-01 00:47:11.431 E/DBManager(21874): query: mDBAdapter is null. please init first.
08-01 00:47:11.431 E/DBManager(21874): query: mDBAdapter is null. please init first.
08-01 00:47:11.431 E/DBManager(21874): query: mDBAdapter is null. please init first.
08-01 00:47:11.431 E/DBManager(21874): query: mDBAdapter is null. please init first.
08-01 00:47:11.431 E/DBManager(21874): query: mDBAdapter is null. please init first.
08-01 00:47:11.431 E/DBManager(21874): query: mDBAdapter is null. please init first.
08-01 00:47:11.431 E/DBManager(21874): query: mDBAdapter is null. please init first.
08-01 00:47:11.431 E/DBManager(21874): query: mDBAdapter is null. please init first.
08-01 00:47:11.431 E/DBManager(21874): query: mDBAdapter is null. please init first.
08-01 00:47:11.431 E/DBManager(21874): query: mDBAdapter is null. please init first.
08-01 00:47:11.431 E/DBManager(21874): query: mDBAdapter is null. please init first.
08-01 00:47:11.431 E/DBManager(21874): query: mDBAdapter is null. please init first.
08-01 00:47:11.431 E/DBManager(21874): query: mDBAdapter is null. please init first.
08-01 00:47:11.431 E/DBManager(21874): query: mDBAdapter is null. please init first.
08-01 00:47:11.431 E/DBManager(21874): query: mDBAdapter is null. please init first.
08-01 00:47:11.431 E/DBManager(21874): query: mDBAdapter is null. please init first.
08-01 00:47:11.431 E/getBitmap : FileNotFoundException(21874): /data/user/0/com.samsung.android.app.aodservice/files/sub_home_wallpaper_bitmap: open failed: ENOENT (No such file or directory)
08-01 00:47:11.431 E/getBitmap : FileNotFoundException(21874): /data/user/0/com.samsung.android.app.aodservice/files/sub_home_theme_wallpaper_bitmap: open failed: ENOENT (No such file or directory)
08-01 00:47:11.431 E/DBManager(21874): query: mDBAdapter is null. please init first.
08-01 00:47:11.431 E/DBManager(21874): query: mDBAdapter is null. please init first.
08-01 00:47:11.431 E/DBManager(21874): query: mDBAdapter is null. please init first.
08-01 00:47:11.431 E/DBManager(21874): query: mDBAdapter is null. please init first.
08-01 00:47:11.431 E/DBManager(21874): query: mDBAdapter is null. please init first.
08-01 00:47:11.442 E/ashmem  (21874): Pinning is deprecated since Android Q. Please use trim or other methods.
08-01 00:47:11.445 E/AbsSettings(21874): refreshInner: refreshedSettingsDBItem key SELECTED_PALETTE_INDEX val = 10
08-01 00:47:11.445 E/AbsSettings(21874): refreshInner: refreshedSettingsDBItem key SELECTED_CUSTOM_COLOR val = -1
08-01 00:47:11.445 E/AbsSettings(21874): refreshInner: refreshedSettingsDBItem key lock_theme_clock_package val = 
08-01 00:47:11.445 E/AbsSettings(21874): refreshInner: refreshedSettingsDBItem key lock_theme_clock_trial_package val = null
08-01 00:47:11.445 E/AbsSettings(21874): refreshInner: refreshedSettingsDBItem key lock_theme_clock_package_settings val = 
08-01 00:47:11.445 E/AbsSettings(21874): refreshInner: refreshedSettingsDBItem key lock_theme_clock_restore_pending_package val = 
08-01 00:47:11.446 E/AbsSettings(21874): refreshInner: refreshedSettingsDBItem key CLOCK_VERSION val = 17
08-01 00:47:11.446 E/AbsSettings(21874): refreshInner: refreshedSettingsDBItem key PALETTE_VERSION val = 400000
08-01 00:47:11.446 E/AbsSettings(21874): refreshInner: refreshedSettingsDBItem key lock_clock_scale_rate val = 1.7387393
08-01 00:47:11.446 E/AbsSettings(21874): refreshInner: refreshedSettingsDBItem key lock_clock_font_type val = 506
08-01 00:47:11.446 E/AbsSettings(21874): refreshInner: refreshedSettingsDBItem key lock_clock_font_path val = 
08-01 00:47:11.446 E/AbsSettings(21874): refreshInner: refreshedSettingsDBItem key lock_clock_font_weight val = 700
08-01 00:47:11.446 E/AbsSettings(21874): refreshInner: refreshedSettingsDBItem key lock_clock_font_variation_settings val = 'wght' 700, 'RNDN' 20
08-01 00:47:11.447 E/AbsSettings(21874): refreshInner: refreshedSettingsDBItem key lock_clock_visibility val = 0
08-01 00:47:11.447 E/AbsSettings(21874): refreshInner: refreshedSettingsDBItem key profile_id val = 0
08-01 00:47:11.447 E/AbsSettings(21874): refreshInner: refreshedSettingsDBItem key clock_gravity val = 1
08-01 00:47:11.447 E/AbsSettings(21874): refreshInner: refreshedSettingsDBItem key clock_bottom_margin_ratio val = 0.514258
08-01 00:47:11.447 E/AbsSettings(21874): refreshInner: refreshedSettingsDBItem key clock_horizontal_margin_ratio val = -4.012841E-4
08-01 00:47:11.447 E/AbsSettings(21874): refreshInner: refreshedSettingsDBItem key clock_position_based_on_movable_area val = 1
08-01 00:47:11.447 E/AbsSettings(21874): refreshInner: refreshedSettingsDBItem key clock_movable_area_ratio_rect val = {"bottom":1884,"left":96,"right":1344,"top":324}
08-01 00:47:11.447 E/AbsSettings(21874): refreshInner: refreshedSettingsDBItem key clock_show_weather_info val = 1
08-01 00:47:11.447 E/AbsSettings(21874): refreshInner: refreshedSettingsDBItem key lock_clock_show_date_info_first val = 0
08-01 00:47:11.447 E/AbsSettings(21874): refreshInner: refreshedSettingsDBItem key lock_world_clock_city_list val = 
08-01 00:47:11.447 E/AbsSettings(21874): refreshInner: refreshedSettingsDBItem key lock_clock_color_data val = {"adaptiveColor":-16727554,"bodyMidHSVColor":-16776961,"bodyTopHSVColor":-16777216,"fontColorType":0,"isAdaptiveColor":false,"isThemeWallpaper":false,"shadowStyle":{"shadowColor":0,"shadowDx":0.0,"shadowDy":0.0,"shadowRadius":0.0}}
08-01 00:47:11.447 E/AbsSettings(21874): refreshInner: refreshedSettingsDBItem key lock_shortcut_color_data val = {"backgroundColor":-16117733,"fontColorType":0}
08-01 00:47:11.447 E/AbsSettings(21874): refreshInner: refreshedSettingsDBItem key lock_widget_color_data val = {"backgroundColor":-15576467}
08-01 00:47:11.448 E/AbsSettings(21874): refreshInner: refreshedSettingsDBItem key SELECTED_CLOCK_TYPE val = 2
08-01 00:47:11.460 E/AbsSettings(21874): refreshInner: refreshedSettingsDBItem key SELECTED_THEME_CLOCK_TYPE val = 0
08-01 00:47:11.460 E/AbsSettings(21874): refreshInner: refreshedSettingsDBItem key CLOCK_VERSION val = 300000
08-01 00:47:11.460 E/AbsSettings(21874): refreshInner: refreshedSettingsDBItem key PALETTE_VERSION val = 90000
08-01 00:47:11.460 E/AbsSettings(21874): refreshInner: refreshedSettingsDBItem key aod_show_lockscreen_wallpaper val = -1
08-01 00:47:11.591 E/libbinder.IPCThreadState( 3093): Binder transaction failure. id: 397337379, cmd: BR_DEAD_REPLY (29189), error: -3 (No such process)
08-01 00:47:11.693 E/SmWidget.Glance.ProgressDataRepository(21221): updateProgressSizeArray
08-01 00:47:11.735 E/ashmem  (21903): Pinning is deprecated since Android Q. Please use trim or other methods.
08-01 00:47:12.010 E/ashmem  (21938): Pinning is deprecated since Android Q. Please use trim or other methods.
08-01 00:47:12.083 E/ashmem  (21974): Pinning is deprecated since Android Q. Please use trim or other methods.
08-01 00:47:12.109 E/.android.spayfw(21974): Attempt to load writable dex file: /data/user/0/com.samsung.android.spayfw/files/.02a951cd/842823fc/4f24df55.jar
08-01 00:47:12.253 E/QSEECOMPAT( 2081): lookupTA(skm) returned 23
08-01 00:47:12.288 E/SmcInvoke_MinkDescriptor( 2081): mem obj with id :12 not found in list
08-01 00:47:12.308 E/DEVROOT#VND( 2081):  Carrier length is not matched.
08-01 00:47:12.328 E/ashmem  (22063): Pinning is deprecated since Android Q. Please use trim or other methods.
08-01 00:47:12.350 E/DEVROOT#VND( 2081):  Carrier length is not matched.
08-01 00:47:12.375 E/SpayFw_AmexTAInfo(21974): model : SM-S928B, board : 8650, version : S928BXXS6DZG1
08-01 00:47:12.424 E/SpayFw_TAController(21974): TA file not found: /data/user/0/com.samsung.android.spayfw/files/ta/tch_mc.mp3
08-01 00:47:12.425 E/SpayFw_TAController(21974): TA file not found: /data/user/0/com.samsung.android.spayfw/files/ta/mir_pay.mp3
08-01 00:47:12.544 E/vendor.samsung.hardware.tlc.payment@1.0-service(22111): TLC_PAYMENT main
08-01 00:47:12.548 E/vendor.samsung.hardware.tlc.payment@1.0-service(22111): TLC_PAYMENT HAL service ready
08-01 00:47:12.551 E/PAYMENT_HIDL_SERVER(22111):  inside createContextWithFd at server side  
08-01 00:47:12.551 E/PAYMENT_HIDL_SERVER(22111):  taFd at server side is 7 7 
08-01 00:47:12.551 E/PAYMENT_HIDL_SERVER(22111): hidl_server: createContextWithFd  /firmware/image 15 cncc_pay 8 28853 13620
08-01 00:47:12.572 E/GlobalConfigManager(22094): Incorrect feature request WebAgentFeature
08-01 00:47:12.582 E/SmcInvoke_MinkDescriptor(22111): mem obj with id :12 not found in list
08-01 00:47:12.583 E/ashmem  (22094): Pinning is deprecated since Android Q. Please use trim or other methods.
08-01 00:47:12.611 E/PAYMENT_HIDL_SERVER(22111): hidl_server: commandRequest with Shared Memory!
08-01 00:47:12.620 E/PAYMENT_HIDL_SERVER(22111): hidl_server: commandRequest with Shared Memory!
08-01 00:47:12.631 E/PAYMENT_HIDL_SERVER(22111): hidl_server: commandRequest with Shared Memory!
08-01 00:47:12.634 E/SpayFw_DBUtils(21974): get key after retry 0
08-01 00:47:12.649 E/SpayFw_Utils(21974): buildUTC 1783056673000 securitydatye 1442502000000
08-01 00:47:12.654 E/PAYMENT_HIDL_SERVER(22111): hidl_server: commandRequest with Shared Memory!
08-01 00:47:12.660 E/PAYMENT_HIDL_SERVER(22111): hidl_server: commandRequest with Shared Memory!
08-01 00:47:12.663 E/SpayFw_DBUtils(21974): get key after retry 0
08-01 00:47:12.672 E/SpayFw_BinAttributeManager(21974): init() failed: Need to support BMS
08-01 00:47:12.677 E/PAYMENT_HIDL_SERVER(22111): destroyContext hidl funtion 
08-01 00:47:12.693 E/ashmem  (22132): Pinning is deprecated since Android Q. Please use trim or other methods.
08-01 00:47:12.708 E/ashmem  (22130): Pinning is deprecated since Android Q. Please use trim or other methods.
08-01 00:47:12.762 E/pp.parentalcare(22130): No package ID 6a found for resource ID 0x6a0b0013.
08-01 00:47:12.830 E/ashmem  (22181): Pinning is deprecated since Android Q. Please use trim or other methods.
08-01 00:47:12.832 E/TaskPersister( 3093): File error accessing recents directory (directory doesn't exist?).
08-01 00:47:12.835 E/TaskPersister( 3093): File error accessing recents directory (directory doesn't exist?).
08-01 00:47:12.835 E/TaskPersister( 3093): File error accessing recents directory (directory doesn't exist?).
08-01 00:47:12.836 E/TaskPersister( 3093): File error accessing recents directory (directory doesn't exist?).
08-01 00:47:12.838 E/ActivityThread(22181): Failed to find provider info for issuetracker_provider
08-01 00:47:12.911 E/ashmem  (22219): Pinning is deprecated since Android Q. Please use trim or other methods.
08-01 00:47:12.928 E/FILP/PackageIntentReceiver(22219): This package is not a effect filter
08-01 00:47:13.057 E/PackageManager( 3093): replace res.nonLocalizedLabel(null) to newName(Cloudy) and activity.getPackageName() () UId(1000)
08-01 00:47:13.067 E/SatelliteAppTracker( 3945): packageName: com.samsung.android.spayfw, value: null
08-01 00:47:13.068 E/SatelliteAppTracker( 3945): packageName: com.samsung.android.spayfw, value: null
08-01 00:47:13.077 E/LStar|AppWidgetSupplier( 4266): Couldn't find any provider services packageName=com.samsung.android.spayfw
08-01 00:47:13.093 E/ApduServiceInfo( 4249): Not adding <aid-group> with empty or invalid AIDs
08-01 00:47:13.095 E/ApduServiceInfo( 4249): Not adding <aid-group> with empty or invalid AIDs
08-01 00:47:13.096 E/ApduServiceInfo( 4249): Not adding <aid-group> with empty or invalid AIDs
08-01 00:47:13.107 E/ApduServiceInfo( 4249): Not adding <aid-group> with empty or invalid AIDs
08-01 00:47:13.108 E/ApduServiceInfo( 4249): Not adding <aid-group> with empty or invalid AIDs
08-01 00:47:13.109 E/ApduServiceInfo( 4249): Not adding <aid-group> with empty or invalid AIDs
08-01 00:47:13.247 E/libbinder.IPCThreadState( 3093): Binder transaction failure. id: 397344693, cmd: BR_DEAD_REPLY (29189), error: -3 (No such process)
08-01 00:47:13.267 E/libbinder.IPCThreadState( 3093): Binder transaction failure. id: 397344728, cmd: BR_DEAD_REPLY (29189), error: -3 (No such process)
08-01 00:47:13.277 E/NativeCustomFrequencyManager( 2198): [NativeCFMS] BpCustomFrequencyManager::acquire()
08-01 00:47:13.282 E/WindowManager( 3093): win=Window{1634bb1 u0 com.sec.android.app.launcher/com.samsung.app.honeyspace.edge.edgepanel.app.CocktailBarService} destroySurfaces: appStopped=true cleanupOnResume=false win.mWindowRemovalAllowed=false win.mRemoveOnExit=false win.mViewVisibility=8 caller=com.android.server.wm.WindowManagerService.tryStartExitingAnimation:128 com.android.server.wm.WindowManagerService.relayoutWindow:1121 com.android.server.wm.Session.relayout:30 android.view.IWindowSession$Stub.onTransact:840 com.android.server.wm.Session.onTransact:1 android.os.Binder.execTransactInternal:1514 android.os.Binder.execTransact:1454 
08-01 00:47:13.297 E/unknown:ReactHost(21504): Unhandled SoftException
08-01 00:47:13.297 E/unknown:ReactHost(21504): com.facebook.react.bridge.ReactNoCrashSoftException: raiseSoftException(onWindowFocusChange(hasFocus = "false")): Tried to access onWindowFocusChange while context is not ready
08-01 00:47:13.297 E/unknown:ReactHost(21504): 	at com.facebook.react.runtime.ReactHostImpl.raiseSoftException(ReactHostImpl.kt:919)
08-01 00:47:13.297 E/unknown:ReactHost(21504): 	at com.facebook.react.runtime.ReactHostImpl.raiseSoftException$default(ReactHostImpl.kt:910)
08-01 00:47:13.297 E/unknown:ReactHost(21504): 	at com.facebook.react.runtime.ReactHostImpl.onWindowFocusChange(ReactHostImpl.kt:682)
08-01 00:47:13.297 E/unknown:ReactHost(21504): 	at com.facebook.react.ReactDelegate.onWindowFocusChanged(ReactDelegate.kt:229)
08-01 00:47:13.297 E/unknown:ReactHost(21504): 	at com.facebook.react.ReactActivityDelegate.onWindowFocusChanged(ReactActivityDelegate.java:235)
08-01 00:47:13.297 E/unknown:ReactHost(21504): 	at expo.modules.ReactActivityDelegateWrapper$onWindowFocusChanged$1.invokeSuspend(ReactActivityDelegateWrapper.kt:320)
08-01 00:47:13.297 E/unknown:ReactHost(21504): 	at expo.modules.ReactActivityDelegateWrapper$onWindowFocusChanged$1.invoke(ReactActivityDelegateWrapper.kt:8)
08-01 00:47:13.297 E/unknown:ReactHost(21504): 	at expo.modules.ReactActivityDelegateWrapper$onWindowFocusChanged$1.invoke(ReactActivityDelegateWrapper.kt:4)
08-01 00:47:13.297 E/unknown:ReactHost(21504): 	at expo.modules.ReactActivityDelegateWrapper$launchLifecycleScopeWithLock$1.invokeSuspend(ReactActivityDelegateWrapper.kt:452)
08-01 00:47:13.297 E/unknown:ReactHost(21504): 	at kotlin.coroutines.jvm.internal.BaseContinuationImpl.resumeWith(ContinuationImpl.kt:34)
08-01 00:47:13.297 E/unknown:ReactHost(21504): 	at kotlinx.coroutines.internal.DispatchedContinuationKt.resumeCancellableWith(DispatchedContinuation.kt:375)
08-01 00:47:13.297 E/unknown:ReactHost(21504): 	at kotlinx.coroutines.intrinsics.CancellableKt.startCoroutineCancellable(Cancellable.kt:26)
08-01 00:47:13.297 E/unknown:ReactHost(21504): 	at kotlinx.coroutines.CoroutineStart.invoke(CoroutineStart.kt:358)
08-01 00:47:13.297 E/unknown:ReactHost(21504): 	at kotlinx.coroutines.AbstractCoroutine.start(AbstractCoroutine.kt:134)
08-01 00:47:13.297 E/unknown:ReactHost(21504): 	at kotlinx.coroutines.BuildersKt__Builders_commonKt.launch(Builders.common.kt:53)
08-01 00:47:13.297 E/unknown:ReactHost(21504): 	at kotlinx.coroutines.BuildersKt.launch(dex-id-6c95318d9cfb6b1d6005fa40566d7dcd95997320:1)
08-01 00:47:13.297 E/unknown:ReactHost(21504): 	at kotlinx.coroutines.BuildersKt__Builders_commonKt.launch$default(Builders.common.kt:44)
08-01 00:47:13.297 E/unknown:ReactHost(21504): 	at kotlinx.coroutines.BuildersKt.launch$default(dex-id-6c95318d9cfb6b1d6005fa40566d7dcd95997320:1)
08-01 00:47:13.297 E/unknown:ReactHost(21504): 	at expo.modules.ReactActivityDelegateWrapper.launchLifecycleScopeWithLock(ReactActivityDelegateWrapper.kt:450)
08-01 00:47:13.297 E/unknown:ReactHost(21504): 	at expo.modules.ReactActivityDelegateWrapper.launchLifecycleScopeWithLock$default(ReactActivityDelegateWrapper.kt:446)
08-01 00:47:13.297 E/unknown:ReactHost(21504): 	at expo.modules.ReactActivityDelegateWrapper.onWindowFocusChanged(ReactActivityDelegateWrapper.kt:318)
08-01 00:47:13.297 E/unknown:ReactHost(21504): 	at com.facebook.react.ReactActivity.onWindowFocusChanged(ReactActivity.java:161)
08-01 00:47:13.297 E/unknown:ReactHost(21504): 	at androidx.appcompat.view.WindowCallbackWrapper.onWindowFocusChanged(WindowCallbackWrapper.java:124)
08-01 00:47:13.297 E/unknown:ReactHost(21504): 	at com.android.internal.policy.DecorView.onWindowFocusChanged(DecorView.java:2827)
08-01 00:47:13.297 E/unknown:ReactHost(21504): 	at android.view.View.dispatchWindowFocusChanged(View.java:17901)
08-01 00:47:13.297 E/unknown:ReactHost(21504): 	at android.view.ViewGroup.dispatchWindowFocusChanged(ViewGroup.java:1631)
08-01 00:47:13.297 E/unknown:ReactHost(21504): 	at android.view.ViewRootImpl.dispatchFocusEvent(ViewRootImpl.java:6037)
08-01 00:47:13.297 E/unknown:ReactHost(21504): 	at android.view.ViewRootImpl.handleWindowFocusChanged(ViewRootImpl.java:5920)
08-01 00:47:13.297 E/unknown:ReactHost(21504): 	at android.view.ViewRootImpl.-$$Nest$mhandleWindowFocusChanged(ViewRootImpl.java:0)
08-01 00:47:13.297 E/unknown:ReactHost(21504): 	at android.view.ViewRootImpl$ViewRootHandler.handleMessageImpl(ViewRootImpl.java:8475)
08-01 00:47:13.297 E/unknown:ReactHost(21504): 	at android.view.ViewRootImpl$ViewRootHandler.handleMessage(ViewRootImpl.java:8383)
08-01 00:47:13.297 E/unknown:ReactHost(21504): 	at android.os.Handler.dispatchMessage(Handler.java:132)
08-01 00:47:13.297 E/unknown:ReactHost(21504): 	at android.os.Looper.dispatchMessage(Looper.java:358)
08-01 00:47:13.297 E/unknown:ReactHost(21504): 	at android.os.Looper.loopOnce(Looper.java:288)
08-01 00:47:13.297 E/unknown:ReactHost(21504): 	at android.os.Looper.loop(Looper.java:392)
08-01 00:47:13.297 E/unknown:ReactHost(21504): 	at android.app.ActivityThread.main(ActivityThread.java:10346)
08-01 00:47:13.297 E/unknown:ReactHost(21504): 	at java.lang.reflect.Method.invoke(Native Method)
08-01 00:47:13.297 E/unknown:ReactHost(21504): 	at com.android.internal.os.RuntimeInit$MethodAndArgsCaller.run(RuntimeInit.java:638)
08-01 00:47:13.297 E/unknown:ReactHost(21504): 	at com.android.internal.os.ZygoteInit.main(ZygoteInit.java:972)
08-01 00:47:13.304 E/libbinder.IPCThreadState( 3093): Binder transaction failure. id: 397344919, cmd: BR_DEAD_REPLY (29189), error: -3 (No such process)
08-01 00:47:13.347 E/libbinder.IPCThreadState( 3093): Binder transaction failure. id: 397345031, cmd: BR_DEAD_REPLY (29189), error: -3 (No such process)
08-01 00:47:13.447 E/libbinder.IPCThreadState( 3093): Binder transaction failure. id: 397345256, cmd: BR_DEAD_REPLY (29189), error: -3 (No such process)
08-01 00:47:13.471 E/libbinder.IPCThreadState( 3093): Binder transaction failure. id: 397345305, cmd: BR_DEAD_REPLY (29189), error: -3 (No such process)
08-01 00:47:13.493 E/libbinder.IPCThreadState( 3093): Binder transaction failure. id: 397345431, cmd: BR_DEAD_REPLY (29189), error: -3 (No such process)
08-01 00:47:13.812 E/SemThroughputPredictor( 3093): Null device capabilities passed to throughput predictor
08-01 00:47:14.248 E/FlexPanelStartController( 4266): failed to call SemStatusBarManager
08-01 00:47:14.248 E/FlexPanelStartController( 4266): java.lang.NullPointerException
08-01 00:47:14.248 E/FlexPanelStartController( 4266): 	at com.android.wm.shell.flexpanel.FlexPanelStartController.onFlexModeChanged(qb/111684928 80d0ebc2d11fc069506f954a8624ba64b8132103f5e7677332960c1f301d015e:24)
08-01 00:47:14.248 E/FlexPanelStartController( 4266): 	at com.android.wm.shell.flexpanel.FlexPanelStartController$1.onReceive(qb/111684928 80d0ebc2d11fc069506f954a8624ba64b8132103f5e7677332960c1f301d015e:72)
08-01 00:47:14.248 E/FlexPanelStartController( 4266): 	at android.app.LoadedApk$ReceiverDispatcher$Args.lambda$getRunnable$0(LoadedApk.java:2073)
08-01 00:47:14.248 E/FlexPanelStartController( 4266): 	at android.app.LoadedApk$ReceiverDispatcher$Args.$r8$lambda$mcNAAl1SQ4MyJPyDg8TJ2x2h0Rk(LoadedApk.java:0)
08-01 00:47:14.248 E/FlexPanelStartController( 4266): 	at android.app.LoadedApk$ReceiverDispatcher$Args$$ExternalSyntheticLambda0.run(D8$$SyntheticClass:0)
08-01 00:47:14.248 E/FlexPanelStartController( 4266): 	at android.os.Handler.handleCallback(Handler.java:1070)
08-01 00:47:14.248 E/FlexPanelStartController( 4266): 	at android.os.Handler.dispatchMessage(Handler.java:125)
08-01 00:47:14.248 E/FlexPanelStartController( 4266): 	at android.os.Looper.dispatchMessage(Looper.java:358)
08-01 00:47:14.248 E/FlexPanelStartController( 4266): 	at android.os.Looper.loopOnce(Looper.java:288)
08-01 00:47:14.248 E/FlexPanelStartController( 4266): 	at android.os.Looper.loop(Looper.java:392)
08-01 00:47:14.248 E/FlexPanelStartController( 4266): 	at android.app.ActivityThread.main(ActivityThread.java:10346)
08-01 00:47:14.248 E/FlexPanelStartController( 4266): 	at java.lang.reflect.Method.invoke(Native Method)
08-01 00:47:14.248 E/FlexPanelStartController( 4266): 	at com.android.internal.os.RuntimeInit$MethodAndArgsCaller.run(RuntimeInit.java:638)
08-01 00:47:14.248 E/FlexPanelStartController( 4266): 	at com.android.internal.os.ZygoteInit.main(ZygoteInit.java:972)
08-01 00:47:14.249 E/NotifRow( 4266): Magnetic state changed from IDLE to IDLE on a null swiped listener, or the logging key of the listener is null
08-01 00:47:14.264 E/AppOps  ( 3093): Bad call made by uid 1001. Package "com.android.phone" does not belong to uid 10096.
08-01 00:47:14.264 E/AppOps  ( 3093): Cannot getAppOpMode
08-01 00:47:14.264 E/AppOps  ( 3093): java.lang.SecurityException: Specified package "com.android.phone" under uid 10096 but it is not
08-01 00:47:14.264 E/AppOps  ( 3093): 	at com.android.server.appop.AppOpsService.verifyAndGetBypass(qb/111684928 8a2772898477f7cc112f6ac514b611258fb1e5c3f2206b0d202f25701684a852:63)
08-01 00:47:14.264 E/AppOps  ( 3093): 	at com.android.server.appop.AppOpsService.verifyAndGetBypass(qb/111684928 8a2772898477f7cc112f6ac514b611258fb1e5c3f2206b0d202f25701684a852:1)
08-01 00:47:14.264 E/AppOps  ( 3093): 	at com.android.server.appop.AppOpsService.-$$Nest$mcheckOperationImpl(qb/111684928 8a2772898477f7cc112f6ac514b611258fb1e5c3f2206b0d202f25701684a852:52)
08-01 00:47:14.264 E/AppOps  ( 3093): 	at com.android.server.appop.AppOpsService$CheckOpsDelegateDispatcher$$ExternalSyntheticLambda9.apply(qb/111684928 8a2772898477f7cc112f6ac514b611258fb1e5c3f2206b0d202f25701684a852:73)
08-01 00:47:14.264 E/AppOps  ( 3093): 	at com.android.server.policy.AppOpsPolicy.checkOperation(qb/111684928 8a2772898477f7cc112f6ac514b611258fb1e5c3f2206b0d202f25701684a852:23)
08-01 00:47:14.264 E/AppOps  ( 3093): 	at com.android.server.appop.AppOpsService$CheckOpsDelegateDispatcher.checkOperation(qb/111684928 8a2772898477f7cc112f6ac514b611258fb1e5c3f2206b0d202f25701684a852:53)
08-01 00:47:14.264 E/AppOps  ( 3093): 	at com.android.server.appop.AppOpsService.checkOperationRawForDevice(qb/111684928 8a2772898477f7cc112f6ac514b611258fb1e5c3f2206b0d202f25701684a852:15)
08-01 00:47:14.264 E/AppOps  ( 3093): 	at com.android.internal.app.IAppOpsService$Stub.onTransact(IAppOpsService.java:1331)
08-01 00:47:14.264 E/AppOps  ( 3093): 	at android.os.Binder.execTransactInternal(Binder.java:1514)
08-01 00:47:14.264 E/AppOps  ( 3093): 	at android.os.Binder.execTransact(Binder.java:1454)
08-01 00:47:14.264 E/AppOps  ( 3093): Bad call made by uid 1001. Package "com.android.phone" does not belong to uid 10096.
08-01 00:47:14.264 E/AppOps  ( 3093): Cannot noteOperation
08-01 00:47:14.264 E/AppOps  ( 3093): java.lang.SecurityException: Specified package "com.android.phone" under uid 10096 but it is not
08-01 00:47:14.264 E/AppOps  ( 3093): 	at com.android.server.appop.AppOpsService.verifyAndGetBypass(qb/111684928 8a2772898477f7cc112f6ac514b611258fb1e5c3f2206b0d202f25701684a852:63)
08-01 00:47:14.264 E/AppOps  ( 3093): 	at com.android.server.appop.AppOpsService.noteOperationUnchecked(qb/111684928 8a2772898477f7cc112f6ac514b611258fb1e5c3f2206b0d202f25701684a852:68)
08-01 00:47:14.264 E/AppOps  ( 3093): 	at com.android.server.appop.AppOpsService.-$$Nest$mnoteOperationImpl(qb/111684928 8a2772898477f7cc112f6ac514b611258fb1e5c3f2206b0d202f25701684a852:89)
08-01 00:47:14.264 E/AppOps  ( 3093): 	at com.android.server.appop.AppOpsService$CheckOpsDelegateDispatcher$$ExternalSyntheticLambda4.apply(qb/111684928 8a2772898477f7cc112f6ac514b611258fb1e5c3f2206b0d202f25701684a852:65)
08-01 00:47:14.264 E/AppOps  ( 3093): 	at com.android.server.policy.AppOpsPolicy.noteOperation(qb/111684928 8a2772898477f7cc112f6ac514b611258fb1e5c3f2206b0d202f25701684a852:35)
08-01 00:47:14.264 E/AppOps  ( 3093): 	at com.android.server.appop.AppOpsService$CheckOpsDelegateDispatcher.noteOperation(qb/111684928 8a2772898477f7cc112f6ac514b611258fb1e5c3f2206b0d202f25701684a852:66)
08-01 00:47:14.264 E/AppOps  ( 3093): 	at com.android.server.appop.AppOpsService.noteOperation(qb/111684928 8a2772898477f7cc112f6ac514b611258fb1e5c3f2206b0d202f25701684a852:20)
08-01 00:47:14.264 E/AppOps  ( 3093): 	at com.android.internal.app.IAppOpsService$Stub.onTransact(IAppOpsService.java:592)
08-01 00:47:14.264 E/AppOps  ( 3093): 	at android.os.Binder.execTransactInternal(Binder.java:1514)
08-01 00:47:14.264 E/AppOps  ( 3093): 	at android.os.Binder.execTransact(Binder.java:1454)
08-01 00:47:14.265 E/[CE]_CellInfoUtils(12042): checkCellInfoCondition - No cell info available
08-01 00:47:14.269 E/unknown:ReactHost(21504): Unhandled SoftException
08-01 00:47:14.269 E/unknown:ReactHost(21504): com.facebook.react.bridge.ReactNoCrashSoftException: raiseSoftException(onWindowFocusChange(hasFocus = "true")): Tried to access onWindowFocusChange while context is not ready
08-01 00:47:14.269 E/unknown:ReactHost(21504): 	at com.facebook.react.runtime.ReactHostImpl.raiseSoftException(ReactHostImpl.kt:919)
08-01 00:47:14.269 E/unknown:ReactHost(21504): 	at com.facebook.react.runtime.ReactHostImpl.raiseSoftException$default(ReactHostImpl.kt:910)
08-01 00:47:14.269 E/unknown:ReactHost(21504): 	at com.facebook.react.runtime.ReactHostImpl.onWindowFocusChange(ReactHostImpl.kt:682)
08-01 00:47:14.269 E/unknown:ReactHost(21504): 	at com.facebook.react.ReactDelegate.onWindowFocusChanged(ReactDelegate.kt:229)
08-01 00:47:14.269 E/unknown:ReactHost(21504): 	at com.facebook.react.ReactActivityDelegate.onWindowFocusChanged(ReactActivityDelegate.java:235)
08-01 00:47:14.269 E/unknown:ReactHost(21504): 	at expo.modules.ReactActivityDelegateWrapper$onWindowFocusChanged$1.invokeSuspend(ReactActivityDelegateWrapper.kt:320)
08-01 00:47:14.269 E/unknown:ReactHost(21504): 	at expo.modules.ReactActivityDelegateWrapper$onWindowFocusChanged$1.invoke(ReactActivityDelegateWrapper.kt:8)
08-01 00:47:14.269 E/unknown:ReactHost(21504): 	at expo.modules.ReactActivityDelegateWrapper$onWindowFocusChanged$1.invoke(ReactActivityDelegateWrapper.kt:4)
08-01 00:47:14.269 E/unknown:ReactHost(21504): 	at expo.modules.ReactActivityDelegateWrapper$launchLifecycleScopeWithLock$1.invokeSuspend(ReactActivityDelegateWrapper.kt:452)
08-01 00:47:14.269 E/unknown:ReactHost(21504): 	at kotlin.coroutines.jvm.internal.BaseContinuationImpl.resumeWith(ContinuationImpl.kt:34)
08-01 00:47:14.269 E/unknown:ReactHost(21504): 	at kotlinx.coroutines.internal.DispatchedContinuationKt.resumeCancellableWith(DispatchedContinuation.kt:375)
08-01 00:47:14.269 E/unknown:ReactHost(21504): 	at kotlinx.coroutines.intrinsics.CancellableKt.startCoroutineCancellable(Cancellable.kt:26)
08-01 00:47:14.269 E/unknown:ReactHost(21504): 	at kotlinx.coroutines.CoroutineStart.invoke(CoroutineStart.kt:358)
08-01 00:47:14.269 E/unknown:ReactHost(21504): 	at kotlinx.coroutines.AbstractCoroutine.start(AbstractCoroutine.kt:134)
08-01 00:47:14.269 E/unknown:ReactHost(21504): 	at kotlinx.coroutines.BuildersKt__Builders_commonKt.launch(Builders.common.kt:53)
08-01 00:47:14.269 E/unknown:ReactHost(21504): 	at kotlinx.coroutines.BuildersKt.launch(dex-id-6c95318d9cfb6b1d6005fa40566d7dcd95997320:1)
08-01 00:47:14.269 E/unknown:ReactHost(21504): 	at kotlinx.coroutines.BuildersKt__Builders_commonKt.launch$default(Builders.common.kt:44)
08-01 00:47:14.269 E/unknown:ReactHost(21504): 	at kotlinx.coroutines.BuildersKt.launch$default(dex-id-6c95318d9cfb6b1d6005fa40566d7dcd95997320:1)
08-01 00:47:14.269 E/unknown:ReactHost(21504): 	at expo.modules.ReactActivityDelegateWrapper.launchLifecycleScopeWithLock(ReactActivityDelegateWrapper.kt:450)
08-01 00:47:14.269 E/unknown:ReactHost(21504): 	at expo.modules.ReactActivityDelegateWrapper.launchLifecycleScopeWithLock$default(ReactActivityDelegateWrapper.kt:446)
08-01 00:47:14.269 E/unknown:ReactHost(21504): 	at expo.modules.ReactActivityDelegateWrapper.onWindowFocusChanged(ReactActivityDelegateWrapper.kt:318)
08-01 00:47:14.269 E/unknown:ReactHost(21504): 	at com.facebook.react.ReactActivity.onWindowFocusChanged(ReactActivity.java:161)
08-01 00:47:14.269 E/unknown:ReactHost(21504): 	at androidx.appcompat.view.WindowCallbackWrapper.onWindowFocusChanged(WindowCallbackWrapper.java:124)
08-01 00:47:14.269 E/unknown:ReactHost(21504): 	at com.android.internal.policy.DecorView.onWindowFocusChanged(DecorView.java:2827)
08-01 00:47:14.269 E/unknown:ReactHost(21504): 	at android.view.View.dispatchWindowFocusChanged(View.java:17901)
08-01 00:47:14.269 E/unknown:ReactHost(21504): 	at android.view.ViewGroup.dispatchWindowFocusChanged(ViewGroup.java:1631)
08-01 00:47:14.269 E/unknown:ReactHost(21504): 	at android.view.ViewRootImpl.dispatchFocusEvent(ViewRootImpl.java:6037)
08-01 00:47:14.269 E/unknown:ReactHost(21504): 	at android.view.ViewRootImpl.handleWindowFocusChanged(ViewRootImpl.java:5920)
08-01 00:47:14.269 E/unknown:ReactHost(21504): 	at android.view.ViewRootImpl.-$$Nest$mhandleWindowFocusChanged(ViewRootImpl.java:0)
08-01 00:47:14.269 E/unknown:ReactHost(21504): 	at android.view.ViewRootImpl$ViewRootHandler.handleMessageImpl(ViewRootImpl.java:8475)
08-01 00:47:14.269 E/unknown:ReactHost(21504): 	at android.view.ViewRootImpl$ViewRootHandler.handleMessage(ViewRootImpl.java:8383)
08-01 00:47:14.269 E/unknown:ReactHost(21504): 	at android.os.Handler.dispatchMessage(Handler.java:132)
08-01 00:47:14.269 E/unknown:ReactHost(21504): 	at android.os.Looper.dispatchMessage(Looper.java:358)
08-01 00:47:14.269 E/unknown:ReactHost(21504): 	at android.os.Looper.loopOnce(Looper.java:288)
08-01 00:47:14.269 E/unknown:ReactHost(21504): 	at android.os.Looper.loop(Looper.java:392)
08-01 00:47:14.269 E/unknown:ReactHost(21504): 	at android.app.ActivityThread.main(ActivityThread.java:10346)
08-01 00:47:14.269 E/unknown:ReactHost(21504): 	at java.lang.reflect.Method.invoke(Native Method)
08-01 00:47:14.269 E/unknown:ReactHost(21504): 	at com.android.internal.os.RuntimeInit$MethodAndArgsCaller.run(RuntimeInit.java:638)
08-01 00:47:14.269 E/unknown:ReactHost(21504): 	at com.android.internal.os.ZygoteInit.main(ZygoteInit.java:972)
08-01 00:47:14.281 E/WindowManager( 3093): win=Window{114a300 u0 NotificationShade} destroySurfaces: appStopped=true cleanupOnResume=false win.mWindowRemovalAllowed=false win.mRemoveOnExit=false win.mViewVisibility=4 caller=com.android.server.wm.WindowManagerService.tryStartExitingAnimation:128 com.android.server.wm.WindowManagerService.relayoutWindow:1121 com.android.server.wm.Session.relayout:30 android.view.IWindowSession$Stub.onTransact:840 com.android.server.wm.Session.onTransact:1 android.os.Binder.execTransactInternal:1514 android.os.Binder.execTransact:1454 
08-01 00:47:14.301 E/AbsSettings( 4266): refreshInner: refreshedSettingsDBItem key all_profiles_enabled_widget_id_list val = [5,19,20,38]
08-01 00:47:14.302 E/AbsSettings(21417): refreshInner: refreshedSettingsDBItem key profile_id val = 0
08-01 00:47:14.303 E/AbsSettings(21417): refreshInner: refreshedSettingsDBItem key lock_theme_clock_package val = 
08-01 00:47:14.323 E/AbsSettings(21417): refreshInner: refreshedSettingsDBItem key profile_id val = 0
08-01 00:47:14.323 E/AbsSettings(21417): refreshInner: refreshedSettingsDBItem key lock_theme_clock_package val = 
08-01 00:47:15.085 E/mAFPC_ABC( 3093): [READ] [TYPE : 0] saProcess : 0
08-01 00:47:19.080 E/BatteryDump( 2074): !@new_battery_dump : 3864,535,1000,3331,43,348,344,423,348,0,367,423,0,Charging,NO_CHARGING,Normal,Good,PDIC,0,Normal,0,0,9300,0x8000,0x10010000,0x0,0,0,0000,0000,00000000,0,0,0,0,539,3819,4277,980,0,
08-01 00:47:29.252 E/BatteryDump( 2074): !@new_battery_dump : 3905,1310,1425,3331,43,349,346,419,349,0,375,419,0,Charging,NO_CHARGING,Normal,Good,PDIC,0,Normal,0,0,9300,0x8000,0x10010000,0x0,0,0,0000,0000,00000000,0,0,0,0,539,3820,4284,980,0,
08-01 00:47:34.463 E/AndroidRuntime(21504): FATAL EXCEPTION: pool-4-thread-1
08-01 00:47:34.463 E/AndroidRuntime(21504): Process: com.kitaabai.app, PID: 21504
08-01 00:47:34.463 E/AndroidRuntime(21504): java.lang.UnsatisfiedLinkError: dlopen failed: cannot locate symbol "_ZNKR8facebook3jsi5Value8asObjectERNS0_7RuntimeE" referenced by "/data/app/~~CSWjVWTBrHjlcCkMJxZ9Yg==/com.kitaabai.app-5rcHYfnSVB4FEOcekHlcBg==/base.apk!/lib/arm64-v8a/libexpo-av.so"...
08-01 00:47:34.463 E/AndroidRuntime(21504): 	at java.lang.Runtime.loadLibrary0(Runtime.java:1111)
08-01 00:47:34.463 E/AndroidRuntime(21504): 	at java.lang.Runtime.loadLibrary0(Runtime.java:1033)
08-01 00:47:34.463 E/AndroidRuntime(21504): 	at java.lang.System.loadLibrary(System.java:1765)
08-01 00:47:34.463 E/AndroidRuntime(21504): 	at expo.modules.av.AVManager.<clinit>(AVManager.java:56)
08-01 00:47:34.463 E/AndroidRuntime(21504): 	at expo.modules.av.AVPackage.createInternalModules(AVPackage.java:16)
08-01 00:47:34.463 E/AndroidRuntime(21504): 	at expo.modules.adapters.react.ReactModuleRegistryProvider.get(ReactModuleRegistryProvider.java:47)
08-01 00:47:34.463 E/AndroidRuntime(21504): 	at expo.modules.adapters.react.ModuleRegistryAdapter.getOrCreateNativeModulesProxy(ModuleRegistryAdapter.java:136)
08-01 00:47:34.463 E/AndroidRuntime(21504): 	at expo.modules.adapters.react.ModuleRegistryAdapter.createNativeModules(ModuleRegistryAdapter.java:65)
08-01 00:47:34.463 E/AndroidRuntime(21504): 	at expo.modules.ExpoModulesPackage.createNativeModules(ExpoModulesPackage.kt:35)
08-01 00:47:34.463 E/AndroidRuntime(21504): 	at com.facebook.react.ReactPackageTurboModuleManagerDelegate.initialize(ReactPackageTurboModuleManagerDelegate.kt:64)
08-01 00:47:34.463 E/AndroidRuntime(21504): 	at com.facebook.react.ReactPackageTurboModuleManagerDelegate.<init>(ReactPackageTurboModuleManagerDelegate.kt:42)
08-01 00:47:34.463 E/AndroidRuntime(21504): 	at com.facebook.react.defaults.DefaultTurboModuleManagerDelegate.<init>(DefaultTurboModuleManagerDelegate.kt:35)
08-01 00:47:34.463 E/AndroidRuntime(21504): 	at com.facebook.react.defaults.DefaultTurboModuleManagerDelegate.<init>(DefaultTurboModuleManagerDelegate.kt:0)
08-01 00:47:34.463 E/AndroidRuntime(21504): 	at com.facebook.react.defaults.DefaultTurboModuleManagerDelegate$Builder.build(DefaultTurboModuleManagerDelegate.kt:63)
08-01 00:47:34.463 E/AndroidRuntime(21504): 	at com.facebook.react.defaults.DefaultTurboModuleManagerDelegate$Builder.build(DefaultTurboModuleManagerDelegate.kt:43)
08-01 00:47:34.463 E/AndroidRuntime(21504): 	at com.facebook.react.ReactPackageTurboModuleManagerDelegate$Builder.build(ReactPackageTurboModuleManagerDelegate.kt:222)
08-01 00:47:34.463 E/AndroidRuntime(21504): 	at com.facebook.react.runtime.ReactInstance.<init>(ReactInstance.kt:183)
08-01 00:47:34.463 E/AndroidRuntime(21504): 	at com.facebook.react.runtime.ReactHostImpl.getOrCreateReactInstanceTask$lambda$45$lambda$41(ReactHostImpl.kt:1052)
08-01 00:47:34.463 E/AndroidRuntime(21504): 	at com.facebook.react.runtime.ReactHostImpl.$r8$lambda$SmdYI7igN6ETqUXjl3FigYM4DHc(ReactHostImpl.kt:0)
08-01 00:47:34.463 E/AndroidRuntime(21504): 	at com.facebook.react.runtime.ReactHostImpl$$ExternalSyntheticLambda43.then(D8$$SyntheticClass:0)
08-01 00:47:34.463 E/AndroidRuntime(21504): 	at com.facebook.react.runtime.internal.bolts.Task$Companion.completeImmediately$lambda$3(Task.kt:360)
08-01 00:47:34.463 E/AndroidRuntime(21504): 	at com.facebook.react.runtime.internal.bolts.Task$Companion.$r8$lambda$b7MTC0ufkn_2TjF4BGcNqGR9qK0(Task.kt:0)
08-01 00:47:34.463 E/AndroidRuntime(21504): 	at com.facebook.react.runtime.internal.bolts.Task$Companion$$ExternalSyntheticLambda3.run(D8$$SyntheticClass:0)
08-01 00:47:34.463 E/AndroidRuntime(21504): 	at com.facebook.react.runtime.internal.bolts.Executors$ImmediateExecutor.execute(Executors.kt:41)
08-01 00:47:34.463 E/AndroidRuntime(21504): 	at com.facebook.react.runtime.internal.bolts.Task$Companion.completeImmediately(Task.kt:358)
08-01 00:47:34.463 E/AndroidRuntime(21504): 	at com.facebook.react.runtime.internal.bolts.Task$Companion.access$completeImmediately(Task.kt:254)
08-01 00:47:34.463 E/AndroidRuntime(21504): 	at com.facebook.react.runtime.internal.bolts.Task.continueWith(Task.kt:133)
08-01 00:47:34.463 E/AndroidRuntime(21504): 	at com.facebook.react.runtime.internal.bolts.Task.continueWith$default(Task.kt:117)
08-01 00:47:34.463 E/AndroidRuntime(21504): 	at com.facebook.react.runtime.internal.bolts.Task.onSuccess$lambda$12(Task.kt:176)
08-01 00:47:34.463 E/AndroidRuntime(21504): 	at com.facebook.react.runtime.internal.bolts.Task.$r8$lambda$l0wwo5AvbHxlwfI1R7CH_codxoo(Task.kt:0)
08-01 00:47:34.463 E/AndroidRuntime(21504): 	at com.facebook.react.runtime.internal.bolts.Task$$ExternalSyntheticLambda2.then(D8$$SyntheticClass:0)
08-01 00:47:34.463 E/AndroidRuntime(21504): 	at com.facebook.react.runtime.internal.bolts.Task$Companion.completeAfterTask$lambda$5(Task.kt:394)
08-01 00:47:34.463 E/AndroidRuntime(21504): 	at com.facebook.react.runtime.internal.bolts.Task$Companion.$r8$lambda$IPpysnehFwANEiW061YzapkMdoE(Task.kt:0)
08-01 00:47:34.463 E/AndroidRuntime(21504): 	at com.facebook.react.runtime.internal.bolts.Task$Companion$$ExternalSyntheticLambda4.run(D8$$SyntheticClass:0)
08-01 00:47:34.463 E/AndroidRuntime(21504): 	at java.util.concurrent.ThreadPoolExecutor.runWorker(ThreadPoolExecutor.java:1100)
08-01 00:47:34.463 E/AndroidRuntime(21504): 	at java.util.concurrent.ThreadPoolExecutor$Worker.run(ThreadPoolExecutor.java:624)
08-01 00:47:34.463 E/AndroidRuntime(21504): 	at java.lang.Thread.run(Thread.java:1572)
08-01 00:47:34.506 E/ActivityManager( 3093): Sending non-protected broadcast com.sec.android.intent.action.APP_HQM_SEND_REQ from system 5654:com.sec.android.diagmonagent/1000 pkg com.sec.android.diagmonagent
08-01 00:47:34.506 E/ActivityManager( 3093): java.lang.Throwable
08-01 00:47:34.506 E/ActivityManager( 3093): 	at com.android.server.am.BroadcastController.checkBroadcastFromSystem(qb/111684928 8a2772898477f7cc112f6ac514b611258fb1e5c3f2206b0d202f25701684a852:252)
08-01 00:47:34.506 E/ActivityManager( 3093): 	at com.android.server.am.BroadcastController.broadcastIntentLockedTraced(qb/111684928 8a2772898477f7cc112f6ac514b611258fb1e5c3f2206b0d202f25701684a852:355)
08-01 00:47:34.506 E/ActivityManager( 3093): 	at com.android.server.am.BroadcastController.broadcastIntentLocked(qb/111684928 8a2772898477f7cc112f6ac514b611258fb1e5c3f2206b0d202f25701684a852:22)
08-01 00:47:34.506 E/ActivityManager( 3093): 	at com.android.server.am.ActivityManagerService.broadcastIntentWithFeature(qb/111684928 8a2772898477f7cc112f6ac514b611258fb1e5c3f2206b0d202f25701684a852:106)
08-01 00:47:34.506 E/ActivityManager( 3093): 	at android.app.IActivityManager$Stub.onTransact$broadcastIntentWithFeature$(IActivityManager.java:12564)
08-01 00:47:34.506 E/ActivityManager( 3093): 	at android.app.IActivityManager$Stub.onTransact(IActivityManager.java:3278)
08-01 00:47:34.506 E/ActivityManager( 3093): 	at com.android.server.am.ActivityManagerService.onTransact(qb/111684928 8a2772898477f7cc112f6ac514b611258fb1e5c3f2206b0d202f25701684a852:426)
08-01 00:47:34.506 E/ActivityManager( 3093): 	at android.os.Binder.execTransactInternal(Binder.java:1509)
08-01 00:47:34.506 E/ActivityManager( 3093): 	at android.os.Binder.execTransact(Binder.java:1454)
08-01 00:47:34.548 E/HYPER-HAL( 2868): [HandlerUClamp.cpp]set_uclamp_min(): sched_setattr failed for thread 21631, err = -1
08-01 00:47:34.548 E/HYPER-HAL( 2868): [HandlerUClamp.cpp]set_uclamp_min(): sched_setattr failed for thread 21633, err = -1
08-01 00:47:34.548 E/HYPER-HAL( 2868): [HandlerUClamp.cpp]set_uclamp_min(): sched_setattr failed for thread 21504, err = -1
08-01 00:47:34.548 E/HYPER-HAL( 2868): [HandlerUClamp.cpp]set_uclamp_min(): sched_setattr failed for thread 21605, err = -1
08-01 00:47:34.549 E/ANDR-PERF-UTIL( 2062): ANDR-PERF-UTIL: change_node_val() 319: Failed to update node /proc/sys/walt/sched_low_latency with value 21605 0
08-01 00:47:34.549 E/ANDR-PERF-OPTSHANDLER( 2062): ANDR-PERF-OPTSHANDLER: sched_reset_low_latency() 3683: can't reset low latency for tid 21605
08-01 00:47:34.549 E/ANDR-PERF-RESOURCEQS( 2062): ANDR-PERF-RESOURCEQS: RemovePendingRequest() 434: Failed to reset optimization [3, 52]
08-01 00:47:34.549 E/ANDR-PERF-UTIL( 2062): ANDR-PERF-UTIL: change_node_val() 319: Failed to update node /proc/sys/walt/sched_low_latency with value 21504 0
08-01 00:47:34.549 E/ANDR-PERF-OPTSHANDLER( 2062): ANDR-PERF-OPTSHANDLER: sched_reset_low_latency() 3683: can't reset low latency for tid 21504
08-01 00:47:34.549 E/ANDR-PERF-RESOURCEQS( 2062): ANDR-PERF-RESOURCEQS: RemovePendingRequest() 434: Failed to reset optimization [3, 52]
08-01 00:47:34.549 E/ANDR-PERF-UTIL( 2062): ANDR-PERF-UTIL: change_node_val() 319: Failed to update node /proc/sys/walt/sched_low_latency with value 21633 0
08-01 00:47:34.549 E/ANDR-PERF-OPTSHANDLER( 2062): ANDR-PERF-OPTSHANDLER: sched_reset_low_latency() 3683: can't reset low latency for tid 21633
08-01 00:47:34.549 E/ANDR-PERF-RESOURCEQS( 2062): ANDR-PERF-RESOURCEQS: RemovePendingRequest() 434: Failed to reset optimization [3, 52]
08-01 00:47:34.549 E/ANDR-PERF-UTIL( 2062): ANDR-PERF-UTIL: change_node_val() 319: Failed to update node /proc/sys/walt/sched_low_latency with value 21631 0
08-01 00:47:34.549 E/ANDR-PERF-OPTSHANDLER( 2062): ANDR-PERF-OPTSHANDLER: sched_reset_low_latency() 3683: can't reset low latency for tid 21631
08-01 00:47:34.549 E/ANDR-PERF-RESOURCEQS( 2062): ANDR-PERF-RESOURCEQS: RemovePendingRequest() 434: Failed to reset optimization [3, 52]
08-01 00:47:34.552 E/HYPER-HAL( 2868): [HandlerUClamp.cpp]set_uclamp_min(): sched_setattr failed for thread 21631, err = -1
08-01 00:47:34.552 E/HYPER-HAL( 2868): [HandlerUClamp.cpp]set_uclamp_min(): sched_setattr failed for thread 21633, err = -1
08-01 00:47:34.552 E/HYPER-HAL( 2868): [HandlerUClamp.cpp]set_uclamp_min(): sched_setattr failed for thread 21504, err = -1
08-01 00:47:34.552 E/HYPER-HAL( 2868): [HandlerUClamp.cpp]set_uclamp_min(): sched_setattr failed for thread 21605, err = -1
08-01 00:47:34.552 E/ANDR-PERF-UTIL( 2062): ANDR-PERF-UTIL: change_node_val() 319: Failed to update node /proc/sys/walt/sched_low_latency with value 21605 0
08-01 00:47:34.552 E/ANDR-PERF-OPTSHANDLER( 2062): ANDR-PERF-OPTSHANDLER: sched_reset_low_latency() 3683: can't reset low latency for tid 21605
08-01 00:47:34.552 E/ANDR-PERF-RESOURCEQS( 2062): ANDR-PERF-RESOURCEQS: RemovePendingRequest() 434: Failed to reset optimization [3, 52]
08-01 00:47:34.552 E/ANDR-PERF-UTIL( 2062): ANDR-PERF-UTIL: change_node_val() 319: Failed to update node /proc/sys/walt/sched_low_latency with value 21504 0
08-01 00:47:34.552 E/ANDR-PERF-OPTSHANDLER( 2062): ANDR-PERF-OPTSHANDLER: sched_reset_low_latency() 3683: can't reset low latency for tid 21504
08-01 00:47:34.552 E/ANDR-PERF-RESOURCEQS( 2062): ANDR-PERF-RESOURCEQS: RemovePendingRequest() 434: Failed to reset optimization [3, 52]
08-01 00:47:34.552 E/ANDR-PERF-UTIL( 2062): ANDR-PERF-UTIL: change_node_val() 319: Failed to update node /proc/sys/walt/sched_low_latency with value 21633 0
08-01 00:47:34.552 E/ANDR-PERF-OPTSHANDLER( 2062): ANDR-PERF-OPTSHANDLER: sched_reset_low_latency() 3683: can't reset low latency for tid 21633
08-01 00:47:34.552 E/ANDR-PERF-RESOURCEQS( 2062): ANDR-PERF-RESOURCEQS: RemovePendingRequest() 434: Failed to reset optimization [3, 52]
08-01 00:47:34.552 E/ANDR-PERF-UTIL( 2062): ANDR-PERF-UTIL: change_node_val() 319: Failed to update node /proc/sys/walt/sched_low_latency with value 21631 0
08-01 00:47:34.552 E/ANDR-PERF-OPTSHANDLER( 2062): ANDR-PERF-OPTSHANDLER: sched_reset_low_latency() 3683: can't reset low latency for tid 21631
08-01 00:47:34.552 E/ANDR-PERF-RESOURCEQS( 2062): ANDR-PERF-RESOURCEQS: RemovePendingRequest() 434: Failed to reset optimization [3, 52]
08-01 00:47:34.552 E/HYPER-HAL( 2868): [HandlerUClamp.cpp]set_uclamp_min(): sched_setattr failed for thread 21631, err = -1
08-01 00:47:34.552 E/HYPER-HAL( 2868): [HandlerUClamp.cpp]set_uclamp_min(): sched_setattr failed for thread 21633, err = -1
08-01 00:47:34.552 E/HYPER-HAL( 2868): [HandlerUClamp.cpp]set_uclamp_min(): sched_setattr failed for thread 21504, err = -1
08-01 00:47:34.552 E/HYPER-HAL( 2868): [HandlerUClamp.cpp]set_uclamp_min(): sched_setattr failed for thread 21605, err = -1
08-01 00:47:34.552 E/HYPER-HAL( 2868): [HandlerUClamp.cpp]set_uclamp_min(): sched_setattr failed for thread 21631, err = -1
08-01 00:47:34.552 E/HYPER-HAL( 2868): [HandlerUClamp.cpp]set_uclamp_min(): sched_setattr failed for thread 21633, err = -1
08-01 00:47:34.552 E/HYPER-HAL( 2868): [HandlerUClamp.cpp]set_uclamp_min(): sched_setattr failed for thread 21504, err = -1
08-01 00:47:34.552 E/HYPER-HAL( 2868): [HandlerUClamp.cpp]set_uclamp_min(): sched_setattr failed for thread 21605, err = -1
08-01 00:47:34.617 E/NativeCustomFrequencyManager( 2198): [NativeCFMS] BpCustomFrequencyManager::acquire()
08-01 00:47:34.637 E/SurfaceFlinger( 2198): alpha changed 1.000 -> 0.000 - Surface(name=36d3d2e InputMethod#306690)/@0xba43165 - animation-leash of insets_animation#357703
08-01 00:47:34.641 E/AppOps  ( 3093): attributionTag  not declared in manifest of com.whatsapp.w4b
08-01 00:47:34.645 E/AppOps  ( 3093): attributionTag  not declared in manifest of com.whatsapp.w4b
08-01 00:47:34.668 E/AtomicFile(  951): Failed to rename /data/user_de/0/com.samsung.android.honeyboard/files/selected.json.new to /data/user_de/0/com.samsung.android.honeyboard/files/selected.json
08-01 00:47:34.699 E/ACDB    ( 2759): vendor/qcom/proprietary/args/acdb/src/acdb_command.c:AcdbCmdGetProcSubgraphCalDataPersist:8247 Error[19]: No calibration found
08-01 00:47:34.699 E/ACDB    ( 2759): vendor/qcom/proprietary/args/acdb/src/acdb_command.c:AcdbCmdGetProcSubgraphCalDataPersist:8247 Error[19]: No calibration found
08-01 00:47:34.699 E/ACDB    ( 2759): vendor/qcom/proprietary/args/acdb/src/acdb_command.c:AcdbCmdGetProcSubgraphCalDataPersist:8247 Error[19]: No calibration found
08-01 00:47:34.699 E/ACDB    ( 2759): vendor/qcom/proprietary/args/acdb/src/acdb_command.c:AcdbCmdGetProcSubgraphCalDataPersist:8247 Error[19]: No calibration found
08-01 00:47:34.700 E/ACDB    ( 2759): vendor/qcom/proprietary/args/acdb/src/acdb_command.c:AcdbCmdGetProcSubgraphCalDataPersist:8247 Error[19]: No calibration found
08-01 00:47:34.700 E/ACDB    ( 2759): vendor/qcom/proprietary/args/acdb/src/acdb_command.c:AcdbCmdGetProcSubgraphCalDataPersist:8247 Error[19]: No calibration found
08-01 00:47:34.700 E/ACDB    ( 2759): vendor/qcom/proprietary/args/acdb/src/acdb_command.c:AcdbCmdGetProcSubgraphCalDataPersist:8247 Error[19]: No calibration found
08-01 00:47:34.700 E/ACDB    ( 2759): vendor/qcom/proprietary/args/acdb/src/acdb_command.c:AcdbCmdGetProcSubgraphCalDataPersist:8247 Error[19]: No calibration found
08-01 00:47:34.701 E/AGM: graph( 2759): configure_buffer_params: 300 Unsupported buffer mode : 0, Default to Blocking
08-01 00:47:35.160 E/libbinder.IPCThreadState( 3093): Binder transaction failure. id: 397359400, cmd: BR_DEAD_REPLY (29189), error: -22 (Invalid argument)
08-01 00:47:35.179 E/BpTransactionCompletedListener( 2198): Failed to transact (-32)
08-01 00:47:37.744 E/AppOps  ( 3093): attributionTag  not declared in manifest of com.whatsapp.w4b
08-01 00:47:37.744 E/AppOps  ( 3093): attributionTag  not declared in manifest of com.whatsapp.w4b
08-01 00:47:37.787 E/AppOps  ( 3093): attributionTag  not declared in manifest of com.whatsapp.w4b
08-01 00:47:37.787 E/AppOps  ( 3093): attributionTag  not declared in manifest of com.whatsapp.w4b
08-01 00:47:37.808 E/HoneySpace.HotseatPot@157326920( 4932): Illegal access
08-01 00:47:37.815 E/PackageManager( 3093): replace res.nonLocalizedLabel(null) to newName(Cloudy) and activity.getPackageName() () UId(1000)
08-01 00:47:37.843 E/NativeCustomFrequencyManager( 2198): [NativeCFMS] BpCustomFrequencyManager::acquire()
08-01 00:47:37.849 E/SurfaceFlinger( 2198): alpha changed 1.000 -> 0.000 - Surface(name=TransientLaunchOverlayToken{270718 token=android.os.BinderProxy@c63ec46}#306649)/@0xa3efed6_transition-leash#357708
08-01 00:47:37.849 E/SurfaceFlinger( 2198): alpha changed 1.000 -> 0.000 - Surface(name=Task=1#306592)/@0xdfbe557_transition-leash#357709
08-01 00:47:37.874 E/SurfaceFlinger( 2198): alpha changed 1.000 -> 0.000 - Surface(name=62ff7c4 StatusBar#306632)/@0x33a4e39 - animation-leash of insets_animation#357712
08-01 00:47:37.882 E/SurfaceFlinger( 2198): alpha changed 0.000 -> 1.000 - Surface(name=TransientLaunchOverlayToken{270718 token=android.os.BinderProxy@c63ec46}#306649)/@0xa3efed6_transition-leash#357708
08-01 00:47:37.882 E/SurfaceFlinger( 2198): alpha changed 0.000 -> 1.000 - Surface(name=Task=1#306592)/@0xdfbe557_transition-leash#357709
08-01 00:47:37.882 E/SurfaceFlinger( 2198): alpha changed 0.000 -> 1.000 - Surface(name=62ff7c4 StatusBar#306632)/@0x33a4e39 - animation-leash of insets_animation#357712
08-01 00:47:37.987 E/TaskPersister( 3093): File error accessing recents directory (directory doesn't exist?).
08-01 00:47:37.988 E/TaskPersister( 3093): File error accessing recents directory (directory doesn't exist?).
08-01 00:47:37.988 E/TaskPersister( 3093): File error accessing recents directory (directory doesn't exist?).
08-01 00:47:37.989 E/TaskPersister( 3093): File error accessing recents directory (directory doesn't exist?).
08-01 00:47:38.090 E/SurfaceFlinger( 2198): alpha changed 0.023 -> 0.000 - Surface(name=Task=421#357608)/@0xc6b5844_transition-leash#357710
08-01 00:47:38.103 E/AppOps  ( 3093): attributionTag  not declared in manifest of com.whatsapp.w4b
08-01 00:47:38.103 E/AppOps  ( 3093): attributionTag  not declared in manifest of com.whatsapp.w4b
08-01 00:47:38.107 E/SurfaceFlinger( 2198): alpha changed 1.000 -> 0.000 - Surface(name=WindowToken{eb8a6b2 type=2019 android.os.BinderProxy@a548a67}#306624)/@0x4311483 - animation-leash of token_transform#357713
08-01 00:47:38.107 E/SurfaceFlinger( 2198): alpha changed 0.000 -> 0.000 - Surface(name=WindowToken{eb8a6b2 type=2019 android.os.BinderProxy@a548a67}#306624)/@0x4311483 - animation-leash of token_transform#357713
08-01 00:47:38.115 E/SurfaceFlinger( 2198): alpha changed 0.000 -> 0.230 - Surface(name=WindowToken{eb8a6b2 type=2019 android.os.BinderProxy@a548a67}#306624)/@0x4311483 - animation-leash of token_transform#357713
08-01 00:47:38.132 E/SurfaceFlinger( 2198): alpha changed 1.000 -> 0.000 - Surface(name=36d3d2e InputMethod#306690)/@0xba43165 - animation-leash of insets_animation#357714
08-01 00:47:38.148 E/WindowManager( 3093): win=Window{e5e1e3b u0 com.whatsapp.w4b/com.whatsapp.status.playback.StatusPlaybackActivity} destroySurfaces: appStopped=true cleanupOnResume=false win.mWindowRemovalAllowed=false win.mRemoveOnExit=false win.mViewVisibility=8 caller=com.android.server.wm.ActivityRecord.destroySurfaces:24 com.android.server.wm.ActivityRecord.activityStopped:209 com.android.server.wm.ActivityClientController.activityStopped:102 android.app.IActivityClientController$Stub.onTransact:829 com.android.server.wm.ActivityClientController.onTransact:1 android.os.Binder.execTransactInternal:1514 android.os.Binder.execTransact:1454 
08-01 00:47:38.150 E/WindowManager( 3093): win=Window{9dcf60a u0 com.whatsapp.w4b/com.whatsapp.status.playback.MyStatusesActivity} destroySurfaces: appStopped=true cleanupOnResume=false win.mWindowRemovalAllowed=false win.mRemoveOnExit=false win.mViewVisibility=8 caller=com.android.server.wm.ActivityRecord.destroySurfaces:24 com.android.server.wm.ActivityRecord.activityStopped:209 com.android.server.wm.ActivityClientController.activityStopped:102 android.app.IActivityClientController$Stub.onTransact:829 com.android.server.wm.ActivityClientController.onTransact:1 android.os.Binder.execTransactInternal:1514 android.os.Binder.execTransact:1454 
08-01 00:47:38.382 E/Watchdog( 3093): !@Sync: 1472 heap(MB): 159 / 205 FD: 1558 Threads: 581 [2026-08-01 00:47:38.382]
08-01 00:47:39.343 E/NativeCustomFrequencyManager( 2198): [NativeCFMS] BpCustomFrequencyManager::acquire()
08-01 00:47:39.413 E/BatteryDump( 2074): !@new_battery_dump : 3888,1109,1425,3331,43,349,346,421,349,0,374,421,0,Charging,NO_CHARGING,Normal,Good,PDIC,0,Normal,0,0,9300,0x8000,0x10010000,0x0,0,0,0000,0000,00000000,0,0,0,0,539,3820,4292,980,0,
08-01 00:47:40.378 E/BluetoothPowerStatsCollector( 3093): Cannot acquire BluetoothActivityEnergyInfo
08-01 00:47:40.378 E/BluetoothPowerStatsCollector( 3093): java.util.concurrent.ExecutionException: java.lang.RuntimeException: error: 9
08-01 00:47:40.378 E/BluetoothPowerStatsCollector( 3093): 	at java.util.concurrent.CompletableFuture.reportGet(CompletableFuture.java:372)
08-01 00:47:40.378 E/BluetoothPowerStatsCollector( 3093): 	at java.util.concurrent.CompletableFuture.get(CompletableFuture.java:2072)
08-01 00:47:40.378 E/BluetoothPowerStatsCollector( 3093): 	at com.android.server.power.stats.BluetoothPowerStatsCollector.collectStats(qb/111684928 8a2772898477f7cc112f6ac514b611258fb1e5c3f2206b0d202f25701684a852:209)
08-01 00:47:40.378 E/BluetoothPowerStatsCollector( 3093): 	at com.android.server.power.stats.PowerStatsCollector$$ExternalSyntheticLambda0.run(qb/111684928 8a2772898477f7cc112f6ac514b611258fb1e5c3f2206b0d202f25701684a852:12)
08-01 00:47:40.378 E/BluetoothPowerStatsCollector( 3093): 	at android.os.Handler.handleCallback(Handler.java:1070)
08-01 00:47:40.378 E/BluetoothPowerStatsCollector( 3093): 	at android.os.Handler.dispatchMessage(Handler.java:125)
08-01 00:47:40.378 E/BluetoothPowerStatsCollector( 3093): 	at android.os.Looper.dispatchMessage(Looper.java:358)
08-01 00:47:40.378 E/BluetoothPowerStatsCollector( 3093): 	at android.os.Looper.loopOnce(Looper.java:288)
08-01 00:47:40.378 E/BluetoothPowerStatsCollector( 3093): 	at android.os.Looper.loop(Looper.java:392)
08-01 00:47:40.378 E/BluetoothPowerStatsCollector( 3093): 	at android.os.HandlerThread.run(HandlerThread.java:139)
08-01 00:47:40.378 E/BluetoothPowerStatsCollector( 3093): Caused by: java.lang.RuntimeException: error: 9
08-01 00:47:40.378 E/BluetoothPowerStatsCollector( 3093): 	at com.android.server.power.stats.BluetoothPowerStatsCollector$1.onBluetoothActivityEnergyInfoError(qb/111684928 8a2772898477f7cc112f6ac514b611258fb1e5c3f2206b0d202f25701684a852:12)
08-01 00:47:40.378 E/BluetoothPowerStatsCollector( 3093): 	at android.bluetooth.BluetoothAdapter.lambda$requestControllerActivityEnergyInfo$32(BluetoothAdapter.java:3799)
08-01 00:47:40.378 E/BluetoothPowerStatsCollector( 3093): 	at android.bluetooth.BluetoothAdapter$$ExternalSyntheticLambda30.run(D8$$SyntheticClass:0)
08-01 00:47:40.378 E/BluetoothPowerStatsCollector( 3093): 	at com.android.server.SystemServerInitThreadPool$$ExternalSyntheticLambda0.execute(qb/111684928 8a2772898477f7cc112f6ac514b611258fb1e5c3f2206b0d202f25701684a852:1)
08-01 00:47:40.378 E/BluetoothPowerStatsCollector( 3093): 	at android.bluetooth.BluetoothAdapter.requestControllerActivityEnergyInfo(BluetoothAdapter.java:3797)
08-01 00:47:40.378 E/BluetoothPowerStatsCollector( 3093): 	at com.android.server.power.stats.BluetoothPowerStatsCollector.collectStats(qb/111684928 8a2772898477f7cc112f6ac514b611258fb1e5c3f2206b0d202f25701684a852:202)
08-01 00:47:40.378 E/BluetoothPowerStatsCollector( 3093): 	... 7 more
08-01 00:47:41.297 E/pageboostd( 5725): alp start : app comkitaabaiapp
08-01 00:47:41.314 E/pageboostd( 5725): comkitaabaiapp, amt 0 scnt 0 fcnt 0
08-01 00:47:41.314 E/pageboostd( 5725): comkitaabaiapp, amt 0 scnt 0 fcnt 0
08-01 00:47:41.314 E/pageboostd( 5725): alp end : app comkitaabaiapp data_amount 0
08-01 00:47:41.316 E/NativeCustomFrequencyManager( 2198): [NativeCFMS] BpCustomFrequencyManager::acquire()
08-01 00:47:41.358 E/pageboostd( 5725): Received HALT command code 2
08-01 00:47:41.363 E/HoneySpace.HotseatPot@157326920( 4932): Illegal access
08-01 00:47:41.387 E/SurfaceFlinger( 2198): alpha changed 1.000 -> 0.000 - Surface(name=Task=423#357715)/@0x5ec66bb_transition-leash#357723
08-01 00:47:41.411 E/SurfaceFlinger( 2198): alpha changed 0.000 -> 0.681 - Surface(name=Task=423#357715)/@0x5ec66bb_transition-leash#357723
08-01 00:47:41.809 E/ashmem  (22439): Pinning is deprecated since Android Q. Please use trim or other methods.
08-01 00:47:41.810 E/Adreno-AppProfiles(22439): QSPM AIDL service doesn't exist
08-01 00:47:41.932 E/WindowManager(22439): Couldn't add view: android.widget.PopupWindow$PopupDecorView{5ee48ba V.E...... R.....I. 0,0-0,0}
08-01 00:47:41.932 E/WindowManager(22439): android.view.WindowManager$BadTokenException: Unable to add window -- token null is not valid; is your activity running?
08-01 00:47:41.932 E/WindowManager(22439): 	at android.view.ViewRootImpl.setView(ViewRootImpl.java:2053)
08-01 00:47:41.932 E/WindowManager(22439): 	at android.view.WindowManagerGlobal.addView(WindowManagerGlobal.java:606)
08-01 00:47:41.932 E/WindowManager(22439): 	at android.view.WindowManagerImpl.addView(WindowManagerImpl.java:167)
08-01 00:47:41.932 E/WindowManager(22439): 	at android.widget.PopupWindow.invokePopup(PopupWindow.java:1686)
08-01 00:47:41.932 E/WindowManager(22439): 	at android.widget.PopupWindow.showAtLocation(PopupWindow.java:1412)
08-01 00:47:41.932 E/WindowManager(22439): 	at android.widget.PopupWindow.showAtLocation(PopupWindow.java:1378)
08-01 00:47:41.932 E/WindowManager(22439): 	at com.facebook.react.devsupport.DefaultDevLoadingViewImplementation.showInternal(DefaultDevLoadingViewImplementation.kt:149)
08-01 00:47:41.932 E/WindowManager(22439): 	at com.facebook.react.devsupport.DefaultDevLoadingViewImplementation.showMessage$lambda$0(DefaultDevLoadingViewImplementation.kt:50)
08-01 00:47:41.932 E/WindowManager(22439): 	at com.facebook.react.devsupport.DefaultDevLoadingViewImplementation.$r8$lambda$rdWVX5QrGUmEjCcjBrWuy86IyRY(DefaultDevLoadingViewImplementation.kt:0)
08-01 00:47:41.932 E/WindowManager(22439): 	at com.facebook.react.devsupport.DefaultDevLoadingViewImplementation$$ExternalSyntheticLambda4.run(D8$$SyntheticClass:0)
08-01 00:47:41.932 E/WindowManager(22439): 	at android.os.Handler.handleCallback(Handler.java:1070)
08-01 00:47:41.932 E/WindowManager(22439): 	at android.os.Handler.dispatchMessage(Handler.java:125)
08-01 00:47:41.932 E/WindowManager(22439): 	at android.os.Looper.dispatchMessage(Looper.java:358)
08-01 00:47:41.932 E/WindowManager(22439): 	at android.os.Looper.loopOnce(Looper.java:288)
08-01 00:47:41.932 E/WindowManager(22439): 	at android.os.Looper.loop(Looper.java:392)
08-01 00:47:41.932 E/WindowManager(22439): 	at android.app.ActivityThread.main(ActivityThread.java:10346)
08-01 00:47:41.932 E/WindowManager(22439): 	at java.lang.reflect.Method.invoke(Native Method)
08-01 00:47:41.932 E/WindowManager(22439): 	at com.android.internal.os.RuntimeInit$MethodAndArgsCaller.run(RuntimeInit.java:638)
08-01 00:47:41.932 E/WindowManager(22439): 	at com.android.internal.os.ZygoteInit.main(ZygoteInit.java:972)
08-01 00:47:41.936 E/unknown:ReactNative(22439): Unable to display loading message because react activity isn't active, message: Loading from localhost:8081…
08-01 00:47:41.941 E/WindowManager(22439): Couldn't add view: android.widget.PopupWindow$PopupDecorView{5b479f8 V.E...... R.....I. 0,0-0,0}
08-01 00:47:41.941 E/WindowManager(22439): android.view.WindowManager$BadTokenException: Unable to add window -- token null is not valid; is your activity running?
08-01 00:47:41.941 E/WindowManager(22439): 	at android.view.ViewRootImpl.setView(ViewRootImpl.java:2053)
08-01 00:47:41.941 E/WindowManager(22439): 	at android.view.WindowManagerGlobal.addView(WindowManagerGlobal.java:606)
08-01 00:47:41.941 E/WindowManager(22439): 	at android.view.WindowManagerImpl.addView(WindowManagerImpl.java:167)
08-01 00:47:41.941 E/WindowManager(22439): 	at android.widget.PopupWindow.invokePopup(PopupWindow.java:1686)
08-01 00:47:41.941 E/WindowManager(22439): 	at android.widget.PopupWindow.showAtLocation(PopupWindow.java:1412)
08-01 00:47:41.941 E/WindowManager(22439): 	at android.widget.PopupWindow.showAtLocation(PopupWindow.java:1378)
08-01 00:47:41.941 E/WindowManager(22439): 	at com.facebook.react.devsupport.DefaultDevLoadingViewImplementation.showInternal(DefaultDevLoadingViewImplementation.kt:149)
08-01 00:47:41.941 E/WindowManager(22439): 	at com.facebook.react.devsupport.DefaultDevLoadingViewImplementation.showMessage$lambda$0(DefaultDevLoadingViewImplementation.kt:50)
08-01 00:47:41.941 E/WindowManager(22439): 	at com.facebook.react.devsupport.DefaultDevLoadingViewImplementation.$r8$lambda$rdWVX5QrGUmEjCcjBrWuy86IyRY(DefaultDevLoadingViewImplementation.kt:0)
08-01 00:47:41.941 E/WindowManager(22439): 	at com.facebook.react.devsupport.DefaultDevLoadingViewImplementation$$ExternalSyntheticLambda4.run(D8$$SyntheticClass:0)
08-01 00:47:41.941 E/WindowManager(22439): 	at android.os.Handler.handleCallback(Handler.java:1070)
08-01 00:47:41.941 E/WindowManager(22439): 	at android.os.Handler.dispatchMessage(Handler.java:125)
08-01 00:47:41.941 E/WindowManager(22439): 	at android.os.Looper.dispatchMessage(Looper.java:358)
08-01 00:47:41.941 E/WindowManager(22439): 	at android.os.Looper.loopOnce(Looper.java:288)
08-01 00:47:41.941 E/WindowManager(22439): 	at android.os.Looper.loop(Looper.java:392)
08-01 00:47:41.941 E/WindowManager(22439): 	at android.app.ActivityThread.main(ActivityThread.java:10346)
08-01 00:47:41.941 E/WindowManager(22439): 	at java.lang.reflect.Method.invoke(Native Method)
08-01 00:47:41.941 E/WindowManager(22439): 	at com.android.internal.os.RuntimeInit$MethodAndArgsCaller.run(RuntimeInit.java:638)
08-01 00:47:41.941 E/WindowManager(22439): 	at com.android.internal.os.ZygoteInit.main(ZygoteInit.java:972)
08-01 00:47:41.942 E/unknown:ReactNative(22439): Unable to display loading message because react activity isn't active, message: Reloading...
08-01 00:47:41.950 E/BufferQueueProducer(22439): Unable to open libpenguin.so: dlopen failed: library "libpenguin.so" not found.
08-01 00:47:41.950 E/om.kitaabai.app(22439): Unable to open libpenguin.so: dlopen failed: library "libpenguin.so" not found.
08-01 00:47:41.963 E/pageboostd( 5725): Received HALT command code 2
08-01 00:47:41.975 E/unknown:ReactHost(22439): Unhandled SoftException
08-01 00:47:41.975 E/unknown:ReactHost(22439): com.facebook.react.bridge.ReactNoCrashSoftException: raiseSoftException(onWindowFocusChange(hasFocus = "true")): Tried to access onWindowFocusChange while context is not ready
08-01 00:47:41.975 E/unknown:ReactHost(22439): 	at com.facebook.react.runtime.ReactHostImpl.raiseSoftException(ReactHostImpl.kt:919)
08-01 00:47:41.975 E/unknown:ReactHost(22439): 	at com.facebook.react.runtime.ReactHostImpl.raiseSoftException$default(ReactHostImpl.kt:910)
08-01 00:47:41.975 E/unknown:ReactHost(22439): 	at com.facebook.react.runtime.ReactHostImpl.onWindowFocusChange(ReactHostImpl.kt:682)
08-01 00:47:41.975 E/unknown:ReactHost(22439): 	at com.facebook.react.ReactDelegate.onWindowFocusChanged(ReactDelegate.kt:229)
08-01 00:47:41.975 E/unknown:ReactHost(22439): 	at com.facebook.react.ReactActivityDelegate.onWindowFocusChanged(ReactActivityDelegate.java:235)
08-01 00:47:41.975 E/unknown:ReactHost(22439): 	at expo.modules.ReactActivityDelegateWrapper$onWindowFocusChanged$1.invokeSuspend(ReactActivityDelegateWrapper.kt:320)
08-01 00:47:41.975 E/unknown:ReactHost(22439): 	at expo.modules.ReactActivityDelegateWrapper$onWindowFocusChanged$1.invoke(ReactActivityDelegateWrapper.kt:8)
08-01 00:47:41.975 E/unknown:ReactHost(22439): 	at expo.modules.ReactActivityDelegateWrapper$onWindowFocusChanged$1.invoke(ReactActivityDelegateWrapper.kt:4)
08-01 00:47:41.975 E/unknown:ReactHost(22439): 	at expo.modules.ReactActivityDelegateWrapper$launchLifecycleScopeWithLock$1.invokeSuspend(ReactActivityDelegateWrapper.kt:452)
08-01 00:47:41.975 E/unknown:ReactHost(22439): 	at kotlin.coroutines.jvm.internal.BaseContinuationImpl.resumeWith(ContinuationImpl.kt:34)
08-01 00:47:41.975 E/unknown:ReactHost(22439): 	at kotlinx.coroutines.internal.DispatchedContinuationKt.resumeCancellableWith(DispatchedContinuation.kt:375)
08-01 00:47:41.975 E/unknown:ReactHost(22439): 	at kotlinx.coroutines.intrinsics.CancellableKt.startCoroutineCancellable(Cancellable.kt:26)
08-01 00:47:41.975 E/unknown:ReactHost(22439): 	at kotlinx.coroutines.CoroutineStart.invoke(CoroutineStart.kt:358)
08-01 00:47:41.975 E/unknown:ReactHost(22439): 	at kotlinx.coroutines.AbstractCoroutine.start(AbstractCoroutine.kt:134)
08-01 00:47:41.975 E/unknown:ReactHost(22439): 	at kotlinx.coroutines.BuildersKt__Builders_commonKt.launch(Builders.common.kt:53)
08-01 00:47:41.975 E/unknown:ReactHost(22439): 	at kotlinx.coroutines.BuildersKt.launch(dex-id-6c95318d9cfb6b1d6005fa40566d7dcd95997320:1)
08-01 00:47:41.975 E/unknown:ReactHost(22439): 	at kotlinx.coroutines.BuildersKt__Builders_commonKt.launch$default(Builders.common.kt:44)
08-01 00:47:41.975 E/unknown:ReactHost(22439): 	at kotlinx.coroutines.BuildersKt.launch$default(dex-id-6c95318d9cfb6b1d6005fa40566d7dcd95997320:1)
08-01 00:47:41.975 E/unknown:ReactHost(22439): 	at expo.modules.ReactActivityDelegateWrapper.launchLifecycleScopeWithLock(ReactActivityDelegateWrapper.kt:450)
08-01 00:47:41.975 E/unknown:ReactHost(22439): 	at expo.modules.ReactActivityDelegateWrapper.launchLifecycleScopeWithLock$default(ReactActivityDelegateWrapper.kt:446)
08-01 00:47:41.975 E/unknown:ReactHost(22439): 	at expo.modules.ReactActivityDelegateWrapper.onWindowFocusChanged(ReactActivityDelegateWrapper.kt:318)
08-01 00:47:41.975 E/unknown:ReactHost(22439): 	at com.facebook.react.ReactActivity.onWindowFocusChanged(ReactActivity.java:161)
08-01 00:47:41.975 E/unknown:ReactHost(22439): 	at androidx.appcompat.view.WindowCallbackWrapper.onWindowFocusChanged(WindowCallbackWrapper.java:124)
08-01 00:47:41.975 E/unknown:ReactHost(22439): 	at com.android.internal.policy.DecorView.onWindowFocusChanged(DecorView.java:2827)
08-01 00:47:41.975 E/unknown:ReactHost(22439): 	at android.view.View.dispatchWindowFocusChanged(View.java:17901)
08-01 00:47:41.975 E/unknown:ReactHost(22439): 	at android.view.ViewGroup.dispatchWindowFocusChanged(ViewGroup.java:1631)
08-01 00:47:41.975 E/unknown:ReactHost(22439): 	at android.view.ViewRootImpl.dispatchFocusEvent(ViewRootImpl.java:6037)
08-01 00:47:41.975 E/unknown:ReactHost(22439): 	at android.view.ViewRootImpl.handleWindowFocusChanged(ViewRootImpl.java:5920)
08-01 00:47:41.975 E/unknown:ReactHost(22439): 	at android.view.ViewRootImpl.-$$Nest$mhandleWindowFocusChanged(ViewRootImpl.java:0)
08-01 00:47:41.975 E/unknown:ReactHost(22439): 	at android.view.ViewRootImpl$ViewRootHandler.handleMessageImpl(ViewRootImpl.java:8475)
08-01 00:47:41.975 E/unknown:ReactHost(22439): 	at android.view.ViewRootImpl$ViewRootHandler.handleMessage(ViewRootImpl.java:8383)
08-01 00:47:41.975 E/unknown:ReactHost(22439): 	at android.os.Handler.dispatchMessage(Handler.java:132)
08-01 00:47:41.975 E/unknown:ReactHost(22439): 	at android.os.Looper.dispatchMessage(Looper.java:358)
08-01 00:47:41.975 E/unknown:ReactHost(22439): 	at android.os.Looper.loopOnce(Looper.java:288)
08-01 00:47:41.975 E/unknown:ReactHost(22439): 	at android.os.Looper.loop(Looper.java:392)
08-01 00:47:41.975 E/unknown:ReactHost(22439): 	at android.app.ActivityThread.main(ActivityThread.java:10346)
08-01 00:47:41.975 E/unknown:ReactHost(22439): 	at java.lang.reflect.Method.invoke(Native Method)
08-01 00:47:41.975 E/unknown:ReactHost(22439): 	at com.android.internal.os.RuntimeInit$MethodAndArgsCaller.run(RuntimeInit.java:638)
08-01 00:47:41.975 E/unknown:ReactHost(22439): 	at com.android.internal.os.ZygoteInit.main(ZygoteInit.java:972)
08-01 00:47:41.994 E/SurfaceFlinger( 2198): alpha changed 1.000 -> 0.000 - Surface(name=36d3d2e InputMethod#306690)/@0xba43165 - animation-leash of insets_animation#357731
08-01 00:47:42.070 E/WindowManager( 3093): win=Window{1e1062b u0 com.sec.android.app.launcher/com.sec.android.app.launcher.activities.LauncherActivity} destroySurfaces: appStopped=true cleanupOnResume=false win.mWindowRemovalAllowed=false win.mRemoveOnExit=false win.mViewVisibility=8 caller=com.android.server.wm.ActivityRecord.destroySurfaces:24 com.android.server.wm.ActivityRecord.activityStopped:209 com.android.server.wm.ActivityClientController.activityStopped:102 android.app.IActivityClientController$Stub.onTransact:829 com.android.server.wm.ActivityClientController.onTransact:1 android.os.Binder.execTransactInternal:1514 android.os.Binder.execTransact:1454 
08-01 00:47:42.278 E/AndroidRuntime(22439): FATAL EXCEPTION: pool-4-thread-1
08-01 00:47:42.278 E/AndroidRuntime(22439): Process: com.kitaabai.app, PID: 22439
08-01 00:47:42.278 E/AndroidRuntime(22439): java.lang.UnsatisfiedLinkError: dlopen failed: cannot locate symbol "_ZNKR8facebook3jsi5Value8asObjectERNS0_7RuntimeE" referenced by "/data/app/~~CSWjVWTBrHjlcCkMJxZ9Yg==/com.kitaabai.app-5rcHYfnSVB4FEOcekHlcBg==/base.apk!/lib/arm64-v8a/libexpo-av.so"...
08-01 00:47:42.278 E/AndroidRuntime(22439): 	at java.lang.Runtime.loadLibrary0(Runtime.java:1111)
08-01 00:47:42.278 E/AndroidRuntime(22439): 	at java.lang.Runtime.loadLibrary0(Runtime.java:1033)
08-01 00:47:42.278 E/AndroidRuntime(22439): 	at java.lang.System.loadLibrary(System.java:1765)
08-01 00:47:42.278 E/AndroidRuntime(22439): 	at expo.modules.av.AVManager.<clinit>(AVManager.java:56)
08-01 00:47:42.278 E/AndroidRuntime(22439): 	at expo.modules.av.AVPackage.createInternalModules(AVPackage.java:16)
08-01 00:47:42.278 E/AndroidRuntime(22439): 	at expo.modules.adapters.react.ReactModuleRegistryProvider.get(ReactModuleRegistryProvider.java:47)
08-01 00:47:42.278 E/AndroidRuntime(22439): 	at expo.modules.adapters.react.ModuleRegistryAdapter.getOrCreateNativeModulesProxy(ModuleRegistryAdapter.java:136)
08-01 00:47:42.278 E/AndroidRuntime(22439): 	at expo.modules.adapters.react.ModuleRegistryAdapter.createNativeModules(ModuleRegistryAdapter.java:65)
08-01 00:47:42.278 E/AndroidRuntime(22439): 	at expo.modules.ExpoModulesPackage.createNativeModules(ExpoModulesPackage.kt:35)
08-01 00:47:42.278 E/AndroidRuntime(22439): 	at com.facebook.react.ReactPackageTurboModuleManagerDelegate.initialize(ReactPackageTurboModuleManagerDelegate.kt:64)
08-01 00:47:42.278 E/AndroidRuntime(22439): 	at com.facebook.react.ReactPackageTurboModuleManagerDelegate.<init>(ReactPackageTurboModuleManagerDelegate.kt:42)
08-01 00:47:42.278 E/AndroidRuntime(22439): 	at com.facebook.react.defaults.DefaultTurboModuleManagerDelegate.<init>(DefaultTurboModuleManagerDelegate.kt:35)
08-01 00:47:42.278 E/AndroidRuntime(22439): 	at com.facebook.react.defaults.DefaultTurboModuleManagerDelegate.<init>(DefaultTurboModuleManagerDelegate.kt:0)
08-01 00:47:42.278 E/AndroidRuntime(22439): 	at com.facebook.react.defaults.DefaultTurboModuleManagerDelegate$Builder.build(DefaultTurboModuleManagerDelegate.kt:63)
08-01 00:47:42.278 E/AndroidRuntime(22439): 	at com.facebook.react.defaults.DefaultTurboModuleManagerDelegate$Builder.build(DefaultTurboModuleManagerDelegate.kt:43)
08-01 00:47:42.278 E/AndroidRuntime(22439): 	at com.facebook.react.ReactPackageTurboModuleManagerDelegate$Builder.build(ReactPackageTurboModuleManagerDelegate.kt:222)
08-01 00:47:42.278 E/AndroidRuntime(22439): 	at com.facebook.react.runtime.ReactInstance.<init>(ReactInstance.kt:183)
08-01 00:47:42.278 E/AndroidRuntime(22439): 	at com.facebook.react.runtime.ReactHostImpl.getOrCreateReactInstanceTask$lambda$45$lambda$41(ReactHostImpl.kt:1052)
08-01 00:47:42.278 E/AndroidRuntime(22439): 	at com.facebook.react.runtime.ReactHostImpl.$r8$lambda$SmdYI7igN6ETqUXjl3FigYM4DHc(ReactHostImpl.kt:0)
08-01 00:47:42.278 E/AndroidRuntime(22439): 	at com.facebook.react.runtime.ReactHostImpl$$ExternalSyntheticLambda43.then(D8$$SyntheticClass:0)
08-01 00:47:42.278 E/AndroidRuntime(22439): 	at com.facebook.react.runtime.internal.bolts.Task$Companion.completeImmediately$lambda$3(Task.kt:360)
08-01 00:47:42.278 E/AndroidRuntime(22439): 	at com.facebook.react.runtime.internal.bolts.Task$Companion.$r8$lambda$b7MTC0ufkn_2TjF4BGcNqGR9qK0(Task.kt:0)
08-01 00:47:42.278 E/AndroidRuntime(22439): 	at com.facebook.react.runtime.internal.bolts.Task$Companion$$ExternalSyntheticLambda3.run(D8$$SyntheticClass:0)
08-01 00:47:42.278 E/AndroidRuntime(22439): 	at com.facebook.react.runtime.internal.bolts.Executors$ImmediateExecutor.execute(Executors.kt:41)
08-01 00:47:42.278 E/AndroidRuntime(22439): 	at com.facebook.react.runtime.internal.bolts.Task$Companion.completeImmediately(Task.kt:358)
08-01 00:47:42.278 E/AndroidRuntime(22439): 	at com.facebook.react.runtime.internal.bolts.Task$Companion.access$completeImmediately(Task.kt:254)
08-01 00:47:42.278 E/AndroidRuntime(22439): 	at com.facebook.react.runtime.internal.bolts.Task.continueWith(Task.kt:133)
08-01 00:47:42.278 E/AndroidRuntime(22439): 	at com.facebook.react.runtime.internal.bolts.Task.continueWith$default(Task.kt:117)
08-01 00:47:42.278 E/AndroidRuntime(22439): 	at com.facebook.react.runtime.internal.bolts.Task.onSuccess$lambda$12(Task.kt:176)
08-01 00:47:42.278 E/AndroidRuntime(22439): 	at com.facebook.react.runtime.internal.bolts.Task.$r8$lambda$l0wwo5AvbHxlwfI1R7CH_codxoo(Task.kt:0)
08-01 00:47:42.278 E/AndroidRuntime(22439): 	at com.facebook.react.runtime.internal.bolts.Task$$ExternalSyntheticLambda2.then(D8$$SyntheticClass:0)
08-01 00:47:42.278 E/AndroidRuntime(22439): 	at com.facebook.react.runtime.internal.bolts.Task$Companion.completeAfterTask$lambda$5(Task.kt:394)
08-01 00:47:42.278 E/AndroidRuntime(22439): 	at com.facebook.react.runtime.internal.bolts.Task$Companion.$r8$lambda$IPpysnehFwANEiW061YzapkMdoE(Task.kt:0)
08-01 00:47:42.278 E/AndroidRuntime(22439): 	at com.facebook.react.runtime.internal.bolts.Task$Companion$$ExternalSyntheticLambda4.run(D8$$SyntheticClass:0)
08-01 00:47:42.278 E/AndroidRuntime(22439): 	at java.util.concurrent.ThreadPoolExecutor.runWorker(ThreadPoolExecutor.java:1100)
08-01 00:47:42.278 E/AndroidRuntime(22439): 	at java.util.concurrent.ThreadPoolExecutor$Worker.run(ThreadPoolExecutor.java:624)
08-01 00:47:42.278 E/AndroidRuntime(22439): 	at java.lang.Thread.run(Thread.java:1572)
08-01 00:47:42.293 E/HoneySpace.HotseatPot@157326920( 4932): Illegal access
08-01 00:47:42.315 E/PackageManager( 3093): replace res.nonLocalizedLabel(null) to newName(Cloudy) and activity.getPackageName() () UId(1000)
08-01 00:47:42.318 E/SurfaceFlinger( 2198): alpha changed 1.000 -> 0.000 - Surface(name=Task=1#306592)/@0x6ce4538_transition-leash#357736
08-01 00:47:42.321 E/ActivityManager( 3093): Sending non-protected broadcast com.sec.android.intent.action.APP_HQM_SEND_REQ from system 5654:com.sec.android.diagmonagent/1000 pkg com.sec.android.diagmonagent
08-01 00:47:42.321 E/ActivityManager( 3093): java.lang.Throwable
08-01 00:47:42.321 E/ActivityManager( 3093): 	at com.android.server.am.BroadcastController.checkBroadcastFromSystem(qb/111684928 8a2772898477f7cc112f6ac514b611258fb1e5c3f2206b0d202f25701684a852:252)
08-01 00:47:42.321 E/ActivityManager( 3093): 	at com.android.server.am.BroadcastController.broadcastIntentLockedTraced(qb/111684928 8a2772898477f7cc112f6ac514b611258fb1e5c3f2206b0d202f25701684a852:355)
08-01 00:47:42.321 E/ActivityManager( 3093): 	at com.android.server.am.BroadcastController.broadcastIntentLocked(qb/111684928 8a2772898477f7cc112f6ac514b611258fb1e5c3f2206b0d202f25701684a852:22)
08-01 00:47:42.321 E/ActivityManager( 3093): 	at com.android.server.am.ActivityManagerService.broadcastIntentWithFeature(qb/111684928 8a2772898477f7cc112f6ac514b611258fb1e5c3f2206b0d202f25701684a852:106)
08-01 00:47:42.321 E/ActivityManager( 3093): 	at android.app.IActivityManager$Stub.onTransact$broadcastIntentWithFeature$(IActivityManager.java:12564)
08-01 00:47:42.321 E/ActivityManager( 3093): 	at android.app.IActivityManager$Stub.onTransact(IActivityManager.java:3278)
08-01 00:47:42.321 E/ActivityManager( 3093): 	at com.android.server.am.ActivityManagerService.onTransact(qb/111684928 8a2772898477f7cc112f6ac514b611258fb1e5c3f2206b0d202f25701684a852:426)
08-01 00:47:42.321 E/ActivityManager( 3093): 	at android.os.Binder.execTransactInternal(Binder.java:1509)
08-01 00:47:42.321 E/ActivityManager( 3093): 	at android.os.Binder.execTransact(Binder.java:1454)
08-01 00:47:42.343 E/SurfaceFlinger( 2198): alpha changed 0.000 -> 1.000 - Surface(name=Task=1#306592)/@0x6ce4538_transition-leash#357736
08-01 00:47:42.377 E/SurfaceFlinger( 2198): alpha changed 1.000 -> 0.000 - Surface(name=36d3d2e InputMethod#306690)/@0xba43165 - animation-leash of insets_animation#357744
08-01 00:47:42.398 E/AtomicFile(  951): Failed to rename /data/user_de/0/com.samsung.android.honeyboard/files/selected.json.new to /data/user_de/0/com.samsung.android.honeyboard/files/selected.json
08-01 00:47:42.427 E/SurfaceFlinger( 2198): alpha changed 1.000 -> 0.000 - Surface(name=75e27ba Application Error: com.kitaabai.app#357740)/@0xa56eca - animation-leash of window_animation#357745
08-01 00:47:42.427 E/SurfaceFlinger( 2198): alpha changed 0.000 -> 0.000 - Surface(name=75e27ba Application Error: com.kitaabai.app#357740)/@0xa56eca - animation-leash of window_animation#357745
08-01 00:47:42.427 E/SurfaceFlinger( 2198): alpha changed 1.000 -> 0.000 - Dim Layer for - Display 0 name="Built-in Screen"#357746
08-01 00:47:42.435 E/SurfaceFlinger( 2198): alpha changed 0.000 -> 0.094 - Surface(name=75e27ba Application Error: com.kitaabai.app#357740)/@0xa56eca - animation-leash of window_animation#357745
08-01 00:47:42.443 E/SurfaceFlinger( 2198): alpha changed 0.000 -> 0.005 - Dim Layer for - Display 0 name="Built-in Screen"#357746
08-01 00:47:42.543 E/SurfaceFlinger( 2198): alpha changed 0.004 -> 0.000 - Surface(name=Task=423#357715)/@0x18a2a76_transition-leash#357737
08-01 00:47:42.821 E/NativeCustomFrequencyManager( 2198): [NativeCFMS] BpCustomFrequencyManager::acquire()
08-01 00:47:44.841 E/NativeCustomFrequencyManager( 2198): [NativeCFMS] BpCustomFrequencyManager::acquire()
08-01 00:47:44.863 E/TaskPersister( 3093): File error accessing recents directory (directory doesn't exist?).
08-01 00:47:44.863 E/TaskPersister( 3093): File error accessing recents directory (directory doesn't exist?).
08-01 00:47:44.863 E/TaskPersister( 3093): File error accessing recents directory (directory doesn't exist?).
08-01 00:47:44.863 E/TaskPersister( 3093): File error accessing recents directory (directory doesn't exist?).
08-01 00:47:45.165 E/mAFPC_ABC( 3093): [READ] [TYPE : 0] saProcess : 0
08-01 00:47:45.372 E/SurfaceFlinger( 2198): alpha changed 0.016 -> 0.000 - Surface(name=75e27ba Application Error: com.kitaabai.app#357740)/@0xa56eca - animation-leash of window_animation#357748
08-01 00:47:45.589 E/SurfaceFlinger( 2198): alpha changed 0.001 -> 0.000 - Dim Layer for - Display 0 name="Built-in Screen"#357746
08-01 00:47:46.359 E/Pageboost( 3093): StopRecording Failed
08-01 00:47:46.366 E/Pageboost( 3093): captureFinished fail
08-01 00:47:46.684 E/NativeCustomFrequencyManager( 2198): [NativeCFMS] BpCustomFrequencyManager::acquire()
08-01 00:47:46.708 E/HoneySpace.HotseatPot@157326920( 4932): Illegal access
08-01 00:47:46.710 E/pageboostd( 5725): Received HALT command code 2
08-01 00:47:46.721 E/SurfaceFlinger( 2198): alpha changed 1.000 -> 0.000 - Surface(name=Task=424#357751)/@0x41d8918_transition-leash#357756
08-01 00:47:46.745 E/SurfaceFlinger( 2198): alpha changed 0.000 -> 0.698 - Surface(name=Task=424#357751)/@0x41d8918_transition-leash#357756
08-01 00:47:47.138 E/Adreno-AppProfiles(22641): QSPM AIDL service doesn't exist
08-01 00:47:47.150 E/ashmem  (22641): Pinning is deprecated since Android Q. Please use trim or other methods.
08-01 00:47:47.241 E/WindowManager(22641): Couldn't add view: android.widget.PopupWindow$PopupDecorView{a79d36b V.E...... R.....I. 0,0-0,0}
08-01 00:47:47.241 E/WindowManager(22641): android.view.WindowManager$BadTokenException: Unable to add window -- token null is not valid; is your activity running?
08-01 00:47:47.241 E/WindowManager(22641): 	at android.view.ViewRootImpl.setView(ViewRootImpl.java:2053)
08-01 00:47:47.241 E/WindowManager(22641): 	at android.view.WindowManagerGlobal.addView(WindowManagerGlobal.java:606)
08-01 00:47:47.241 E/WindowManager(22641): 	at android.view.WindowManagerImpl.addView(WindowManagerImpl.java:167)
08-01 00:47:47.241 E/WindowManager(22641): 	at android.widget.PopupWindow.invokePopup(PopupWindow.java:1686)
08-01 00:47:47.241 E/WindowManager(22641): 	at android.widget.PopupWindow.showAtLocation(PopupWindow.java:1412)
08-01 00:47:47.241 E/WindowManager(22641): 	at android.widget.PopupWindow.showAtLocation(PopupWindow.java:1378)
08-01 00:47:47.241 E/WindowManager(22641): 	at com.facebook.react.devsupport.DefaultDevLoadingViewImplementation.showInternal(DefaultDevLoadingViewImplementation.kt:149)
08-01 00:47:47.241 E/WindowManager(22641): 	at com.facebook.react.devsupport.DefaultDevLoadingViewImplementation.showMessage$lambda$0(DefaultDevLoadingViewImplementation.kt:50)
08-01 00:47:47.241 E/WindowManager(22641): 	at com.facebook.react.devsupport.DefaultDevLoadingViewImplementation.$r8$lambda$rdWVX5QrGUmEjCcjBrWuy86IyRY(DefaultDevLoadingViewImplementation.kt:0)
08-01 00:47:47.241 E/WindowManager(22641): 	at com.facebook.react.devsupport.DefaultDevLoadingViewImplementation$$ExternalSyntheticLambda4.run(D8$$SyntheticClass:0)
08-01 00:47:47.241 E/WindowManager(22641): 	at android.os.Handler.handleCallback(Handler.java:1070)
08-01 00:47:47.241 E/WindowManager(22641): 	at android.os.Handler.dispatchMessage(Handler.java:125)
08-01 00:47:47.241 E/WindowManager(22641): 	at android.os.Looper.dispatchMessage(Looper.java:358)
08-01 00:47:47.241 E/WindowManager(22641): 	at android.os.Looper.loopOnce(Looper.java:288)
08-01 00:47:47.241 E/WindowManager(22641): 	at android.os.Looper.loop(Looper.java:392)
08-01 00:47:47.241 E/WindowManager(22641): 	at android.app.ActivityThread.main(ActivityThread.java:10346)
08-01 00:47:47.241 E/WindowManager(22641): 	at java.lang.reflect.Method.invoke(Native Method)
08-01 00:47:47.241 E/WindowManager(22641): 	at com.android.internal.os.RuntimeInit$MethodAndArgsCaller.run(RuntimeInit.java:638)
08-01 00:47:47.241 E/WindowManager(22641): 	at com.android.internal.os.ZygoteInit.main(ZygoteInit.java:972)
08-01 00:47:47.243 E/unknown:ReactNative(22641): Unable to display loading message because react activity isn't active, message: Loading from localhost:8081…
08-01 00:47:47.251 E/BufferQueueProducer(22641): Unable to open libpenguin.so: dlopen failed: library "libpenguin.so" not found.
08-01 00:47:47.251 E/om.kitaabai.app(22641): Unable to open libpenguin.so: dlopen failed: library "libpenguin.so" not found.
08-01 00:47:47.262 E/pageboostd( 5725): Received HALT command code 2
08-01 00:47:47.276 E/unknown:ReactHost(22641): Unhandled SoftException
08-01 00:47:47.276 E/unknown:ReactHost(22641): com.facebook.react.bridge.ReactNoCrashSoftException: raiseSoftException(onWindowFocusChange(hasFocus = "true")): Tried to access onWindowFocusChange while context is not ready
08-01 00:47:47.276 E/unknown:ReactHost(22641): 	at com.facebook.react.runtime.ReactHostImpl.raiseSoftException(ReactHostImpl.kt:919)
08-01 00:47:47.276 E/unknown:ReactHost(22641): 	at com.facebook.react.runtime.ReactHostImpl.raiseSoftException$default(ReactHostImpl.kt:910)
08-01 00:47:47.276 E/unknown:ReactHost(22641): 	at com.facebook.react.runtime.ReactHostImpl.onWindowFocusChange(ReactHostImpl.kt:682)
08-01 00:47:47.276 E/unknown:ReactHost(22641): 	at com.facebook.react.ReactDelegate.onWindowFocusChanged(ReactDelegate.kt:229)
08-01 00:47:47.276 E/unknown:ReactHost(22641): 	at com.facebook.react.ReactActivityDelegate.onWindowFocusChanged(ReactActivityDelegate.java:235)
08-01 00:47:47.276 E/unknown:ReactHost(22641): 	at expo.modules.ReactActivityDelegateWrapper$onWindowFocusChanged$1.invokeSuspend(ReactActivityDelegateWrapper.kt:320)
08-01 00:47:47.276 E/unknown:ReactHost(22641): 	at expo.modules.ReactActivityDelegateWrapper$onWindowFocusChanged$1.invoke(ReactActivityDelegateWrapper.kt:8)
08-01 00:47:47.276 E/unknown:ReactHost(22641): 	at expo.modules.ReactActivityDelegateWrapper$onWindowFocusChanged$1.invoke(ReactActivityDelegateWrapper.kt:4)
08-01 00:47:47.276 E/unknown:ReactHost(22641): 	at expo.modules.ReactActivityDelegateWrapper$launchLifecycleScopeWithLock$1.invokeSuspend(ReactActivityDelegateWrapper.kt:452)
08-01 00:47:47.276 E/unknown:ReactHost(22641): 	at kotlin.coroutines.jvm.internal.BaseContinuationImpl.resumeWith(ContinuationImpl.kt:34)
08-01 00:47:47.276 E/unknown:ReactHost(22641): 	at kotlinx.coroutines.internal.DispatchedContinuationKt.resumeCancellableWith(DispatchedContinuation.kt:375)
08-01 00:47:47.276 E/unknown:ReactHost(22641): 	at kotlinx.coroutines.intrinsics.CancellableKt.startCoroutineCancellable(Cancellable.kt:26)
08-01 00:47:47.276 E/unknown:ReactHost(22641): 	at kotlinx.coroutines.CoroutineStart.invoke(CoroutineStart.kt:358)
08-01 00:47:47.276 E/unknown:ReactHost(22641): 	at kotlinx.coroutines.AbstractCoroutine.start(AbstractCoroutine.kt:134)
08-01 00:47:47.276 E/unknown:ReactHost(22641): 	at kotlinx.coroutines.BuildersKt__Builders_commonKt.launch(Builders.common.kt:53)
08-01 00:47:47.276 E/unknown:ReactHost(22641): 	at kotlinx.coroutines.BuildersKt.launch(dex-id-6c95318d9cfb6b1d6005fa40566d7dcd95997320:1)
08-01 00:47:47.276 E/unknown:ReactHost(22641): 	at kotlinx.coroutines.BuildersKt__Builders_commonKt.launch$default(Builders.common.kt:44)
08-01 00:47:47.276 E/unknown:ReactHost(22641): 	at kotlinx.coroutines.BuildersKt.launch$default(dex-id-6c95318d9cfb6b1d6005fa40566d7dcd95997320:1)
08-01 00:47:47.276 E/unknown:ReactHost(22641): 	at expo.modules.ReactActivityDelegateWrapper.launchLifecycleScopeWithLock(ReactActivityDelegateWrapper.kt:450)
08-01 00:47:47.276 E/unknown:ReactHost(22641): 	at expo.modules.ReactActivityDelegateWrapper.launchLifecycleScopeWithLock$default(ReactActivityDelegateWrapper.kt:446)
08-01 00:47:47.276 E/unknown:ReactHost(22641): 	at expo.modules.ReactActivityDelegateWrapper.onWindowFocusChanged(ReactActivityDelegateWrapper.kt:318)
08-01 00:47:47.276 E/unknown:ReactHost(22641): 	at com.facebook.react.ReactActivity.onWindowFocusChanged(ReactActivity.java:161)
08-01 00:47:47.276 E/unknown:ReactHost(22641): 	at androidx.appcompat.view.WindowCallbackWrapper.onWindowFocusChanged(WindowCallbackWrapper.java:124)
08-01 00:47:47.276 E/unknown:ReactHost(22641): 	at com.android.internal.policy.DecorView.onWindowFocusChanged(DecorView.java:2827)
08-01 00:47:47.276 E/unknown:ReactHost(22641): 	at android.view.View.dispatchWindowFocusChanged(View.java:17901)
08-01 00:47:47.276 E/unknown:ReactHost(22641): 	at android.view.ViewGroup.dispatchWindowFocusChanged(ViewGroup.java:1631)
08-01 00:47:47.276 E/unknown:ReactHost(22641): 	at android.view.ViewRootImpl.dispatchFocusEvent(ViewRootImpl.java:6037)
08-01 00:47:47.276 E/unknown:ReactHost(22641): 	at android.view.ViewRootImpl.handleWindowFocusChanged(ViewRootImpl.java:5920)
08-01 00:47:47.276 E/unknown:ReactHost(22641): 	at android.view.ViewRootImpl.-$$Nest$mhandleWindowFocusChanged(ViewRootImpl.java:0)
08-01 00:47:47.276 E/unknown:ReactHost(22641): 	at android.view.ViewRootImpl$ViewRootHandler.handleMessageImpl(ViewRootImpl.java:8475)
08-01 00:47:47.276 E/unknown:ReactHost(22641): 	at android.view.ViewRootImpl$ViewRootHandler.handleMessage(ViewRootImpl.java:8383)
08-01 00:47:47.276 E/unknown:ReactHost(22641): 	at android.os.Handler.dispatchMessage(Handler.java:132)
08-01 00:47:47.276 E/unknown:ReactHost(22641): 	at android.os.Looper.dispatchMessage(Looper.java:358)
08-01 00:47:47.276 E/unknown:ReactHost(22641): 	at android.os.Looper.loopOnce(Looper.java:288)
08-01 00:47:47.276 E/unknown:ReactHost(22641): 	at android.os.Looper.loop(Looper.java:392)
08-01 00:47:47.276 E/unknown:ReactHost(22641): 	at android.app.ActivityThread.main(ActivityThread.java:10346)
08-01 00:47:47.276 E/unknown:ReactHost(22641): 	at java.lang.reflect.Method.invoke(Native Method)
08-01 00:47:47.276 E/unknown:ReactHost(22641): 	at com.android.internal.os.RuntimeInit$MethodAndArgsCaller.run(RuntimeInit.java:638)
08-01 00:47:47.276 E/unknown:ReactHost(22641): 	at com.android.internal.os.ZygoteInit.main(ZygoteInit.java:972)
08-01 00:47:47.295 E/SurfaceFlinger( 2198): alpha changed 1.000 -> 0.000 - Surface(name=36d3d2e InputMethod#306690)/@0xba43165 - animation-leash of insets_animation#357767
08-01 00:47:47.399 E/WindowManager( 3093): win=Window{1e1062b u0 com.sec.android.app.launcher/com.sec.android.app.launcher.activities.LauncherActivity} destroySurfaces: appStopped=true cleanupOnResume=false win.mWindowRemovalAllowed=false win.mRemoveOnExit=false win.mViewVisibility=8 caller=com.android.server.wm.ActivityRecord.destroySurfaces:24 com.android.server.wm.ActivityRecord.activityStopped:209 com.android.server.wm.ActivityClientController.activityStopped:102 android.app.IActivityClientController$Stub.onTransact:829 com.android.server.wm.ActivityClientController.onTransact:1 android.os.Binder.execTransactInternal:1514 android.os.Binder.execTransact:1454 
08-01 00:47:47.608 E/AndroidRuntime(22641): FATAL EXCEPTION: pool-4-thread-1
08-01 00:47:47.608 E/AndroidRuntime(22641): Process: com.kitaabai.app, PID: 22641
08-01 00:47:47.608 E/AndroidRuntime(22641): java.lang.UnsatisfiedLinkError: dlopen failed: cannot locate symbol "_ZNKR8facebook3jsi5Value8asObjectERNS0_7RuntimeE" referenced by "/data/app/~~CSWjVWTBrHjlcCkMJxZ9Yg==/com.kitaabai.app-5rcHYfnSVB4FEOcekHlcBg==/base.apk!/lib/arm64-v8a/libexpo-av.so"...
08-01 00:47:47.608 E/AndroidRuntime(22641): 	at java.lang.Runtime.loadLibrary0(Runtime.java:1111)
08-01 00:47:47.608 E/AndroidRuntime(22641): 	at java.lang.Runtime.loadLibrary0(Runtime.java:1033)
08-01 00:47:47.608 E/AndroidRuntime(22641): 	at java.lang.System.loadLibrary(System.java:1765)
08-01 00:47:47.608 E/AndroidRuntime(22641): 	at expo.modules.av.AVManager.<clinit>(AVManager.java:56)
08-01 00:47:47.608 E/AndroidRuntime(22641): 	at expo.modules.av.AVPackage.createInternalModules(AVPackage.java:16)
08-01 00:47:47.608 E/AndroidRuntime(22641): 	at expo.modules.adapters.react.ReactModuleRegistryProvider.get(ReactModuleRegistryProvider.java:47)
08-01 00:47:47.608 E/AndroidRuntime(22641): 	at expo.modules.adapters.react.ModuleRegistryAdapter.getOrCreateNativeModulesProxy(ModuleRegistryAdapter.java:136)
08-01 00:47:47.608 E/AndroidRuntime(22641): 	at expo.modules.adapters.react.ModuleRegistryAdapter.createNativeModules(ModuleRegistryAdapter.java:65)
08-01 00:47:47.608 E/AndroidRuntime(22641): 	at expo.modules.ExpoModulesPackage.createNativeModules(ExpoModulesPackage.kt:35)
08-01 00:47:47.608 E/AndroidRuntime(22641): 	at com.facebook.react.ReactPackageTurboModuleManagerDelegate.initialize(ReactPackageTurboModuleManagerDelegate.kt:64)
08-01 00:47:47.608 E/AndroidRuntime(22641): 	at com.facebook.react.ReactPackageTurboModuleManagerDelegate.<init>(ReactPackageTurboModuleManagerDelegate.kt:42)
08-01 00:47:47.608 E/AndroidRuntime(22641): 	at com.facebook.react.defaults.DefaultTurboModuleManagerDelegate.<init>(DefaultTurboModuleManagerDelegate.kt:35)
08-01 00:47:47.608 E/AndroidRuntime(22641): 	at com.facebook.react.defaults.DefaultTurboModuleManagerDelegate.<init>(DefaultTurboModuleManagerDelegate.kt:0)
08-01 00:47:47.608 E/AndroidRuntime(22641): 	at com.facebook.react.defaults.DefaultTurboModuleManagerDelegate$Builder.build(DefaultTurboModuleManagerDelegate.kt:63)
08-01 00:47:47.608 E/AndroidRuntime(22641): 	at com.facebook.react.defaults.DefaultTurboModuleManagerDelegate$Builder.build(DefaultTurboModuleManagerDelegate.kt:43)
08-01 00:47:47.608 E/AndroidRuntime(22641): 	at com.facebook.react.ReactPackageTurboModuleManagerDelegate$Builder.build(ReactPackageTurboModuleManagerDelegate.kt:222)
08-01 00:47:47.608 E/AndroidRuntime(22641): 	at com.facebook.react.runtime.ReactInstance.<init>(ReactInstance.kt:183)
08-01 00:47:47.608 E/AndroidRuntime(22641): 	at com.facebook.react.runtime.ReactHostImpl.getOrCreateReactInstanceTask$lambda$45$lambda$41(ReactHostImpl.kt:1052)
08-01 00:47:47.608 E/AndroidRuntime(22641): 	at com.facebook.react.runtime.ReactHostImpl.$r8$lambda$SmdYI7igN6ETqUXjl3FigYM4DHc(ReactHostImpl.kt:0)
08-01 00:47:47.608 E/AndroidRuntime(22641): 	at com.facebook.react.runtime.ReactHostImpl$$ExternalSyntheticLambda43.then(D8$$SyntheticClass:0)
08-01 00:47:47.608 E/AndroidRuntime(22641): 	at com.facebook.react.runtime.internal.bolts.Task$Companion.completeImmediately$lambda$3(Task.kt:360)
08-01 00:47:47.608 E/AndroidRuntime(22641): 	at com.facebook.react.runtime.internal.bolts.Task$Companion.$r8$lambda$b7MTC0ufkn_2TjF4BGcNqGR9qK0(Task.kt:0)
08-01 00:47:47.608 E/AndroidRuntime(22641): 	at com.facebook.react.runtime.internal.bolts.Task$Companion$$ExternalSyntheticLambda3.run(D8$$SyntheticClass:0)
08-01 00:47:47.608 E/AndroidRuntime(22641): 	at com.facebook.react.runtime.internal.bolts.Executors$ImmediateExecutor.execute(Executors.kt:41)
08-01 00:47:47.608 E/AndroidRuntime(22641): 	at com.facebook.react.runtime.internal.bolts.Task$Companion.completeImmediately(Task.kt:358)
08-01 00:47:47.608 E/AndroidRuntime(22641): 	at com.facebook.react.runtime.internal.bolts.Task$Companion.access$completeImmediately(Task.kt:254)
08-01 00:47:47.608 E/AndroidRuntime(22641): 	at com.facebook.react.runtime.internal.bolts.Task.continueWith(Task.kt:133)
08-01 00:47:47.608 E/AndroidRuntime(22641): 	at com.facebook.react.runtime.internal.bolts.Task.continueWith$default(Task.kt:117)
08-01 00:47:47.608 E/AndroidRuntime(22641): 	at com.facebook.react.runtime.internal.bolts.Task.onSuccess$lambda$12(Task.kt:176)
08-01 00:47:47.608 E/AndroidRuntime(22641): 	at com.facebook.react.runtime.internal.bolts.Task.$r8$lambda$l0wwo5AvbHxlwfI1R7CH_codxoo(Task.kt:0)
08-01 00:47:47.608 E/AndroidRuntime(22641): 	at com.facebook.react.runtime.internal.bolts.Task$$ExternalSyntheticLambda2.then(D8$$SyntheticClass:0)
08-01 00:47:47.608 E/AndroidRuntime(22641): 	at com.facebook.react.runtime.internal.bolts.Task$Companion.completeAfterTask$lambda$5(Task.kt:394)
08-01 00:47:47.608 E/AndroidRuntime(22641): 	at com.facebook.react.runtime.internal.bolts.Task$Companion.$r8$lambda$IPpysnehFwANEiW061YzapkMdoE(Task.kt:0)
08-01 00:47:47.608 E/AndroidRuntime(22641): 	at com.facebook.react.runtime.internal.bolts.Task$Companion$$ExternalSyntheticLambda4.run(D8$$SyntheticClass:0)
08-01 00:47:47.608 E/AndroidRuntime(22641): 	at java.util.concurrent.ThreadPoolExecutor.runWorker(ThreadPoolExecutor.java:1100)
08-01 00:47:47.608 E/AndroidRuntime(22641): 	at java.util.concurrent.ThreadPoolExecutor$Worker.run(ThreadPoolExecutor.java:624)
08-01 00:47:47.608 E/AndroidRuntime(22641): 	at java.lang.Thread.run(Thread.java:1572)
08-01 00:47:47.627 E/ActivityManager( 3093): Sending non-protected broadcast com.sec.android.intent.action.APP_HQM_SEND_REQ from system 5654:com.sec.android.diagmonagent/1000 pkg com.sec.android.diagmonagent
08-01 00:47:47.627 E/ActivityManager( 3093): java.lang.Throwable
08-01 00:47:47.627 E/ActivityManager( 3093): 	at com.android.server.am.BroadcastController.checkBroadcastFromSystem(qb/111684928 8a2772898477f7cc112f6ac514b611258fb1e5c3f2206b0d202f25701684a852:252)
08-01 00:47:47.627 E/ActivityManager( 3093): 	at com.android.server.am.BroadcastController.broadcastIntentLockedTraced(qb/111684928 8a2772898477f7cc112f6ac514b611258fb1e5c3f2206b0d202f25701684a852:355)
08-01 00:47:47.627 E/ActivityManager( 3093): 	at com.android.server.am.BroadcastController.broadcastIntentLocked(qb/111684928 8a2772898477f7cc112f6ac514b611258fb1e5c3f2206b0d202f25701684a852:22)
08-01 00:47:47.627 E/ActivityManager( 3093): 	at com.android.server.am.ActivityManagerService.broadcastIntentWithFeature(qb/111684928 8a2772898477f7cc112f6ac514b611258fb1e5c3f2206b0d202f25701684a852:106)
08-01 00:47:47.627 E/ActivityManager( 3093): 	at android.app.IActivityManager$Stub.onTransact$broadcastIntentWithFeature$(IActivityManager.java:12564)
08-01 00:47:47.627 E/ActivityManager( 3093): 	at android.app.IActivityManager$Stub.onTransact(IActivityManager.java:3278)
08-01 00:47:47.627 E/ActivityManager( 3093): 	at com.android.server.am.ActivityManagerService.onTransact(qb/111684928 8a2772898477f7cc112f6ac514b611258fb1e5c3f2206b0d202f25701684a852:426)
08-01 00:47:47.627 E/ActivityManager( 3093): 	at android.os.Binder.execTransactInternal(Binder.java:1509)
08-01 00:47:47.627 E/ActivityManager( 3093): 	at android.os.Binder.execTransact(Binder.java:1454)
08-01 00:47:47.635 E/ANDR-PERF-UTIL( 2062): ANDR-PERF-UTIL: change_node_val() 319: Failed to update node /proc/sys/walt/sched_low_latency with value 22666 0
08-01 00:47:47.635 E/ANDR-PERF-OPTSHANDLER( 2062): ANDR-PERF-OPTSHANDLER: sched_reset_low_latency() 3683: can't reset low latency for tid 22666
08-01 00:47:47.635 E/ANDR-PERF-RESOURCEQS( 2062): ANDR-PERF-RESOURCEQS: RemovePendingRequest() 434: Failed to reset optimization [3, 52]
08-01 00:47:47.635 E/ANDR-PERF-UTIL( 2062): ANDR-PERF-UTIL: change_node_val() 319: Failed to update node /proc/sys/walt/sched_low_latency with value 22641 0
08-01 00:47:47.635 E/ANDR-PERF-OPTSHANDLER( 2062): ANDR-PERF-OPTSHANDLER: sched_reset_low_latency() 3683: can't reset low latency for tid 22641
08-01 00:47:47.635 E/ANDR-PERF-RESOURCEQS( 2062): ANDR-PERF-RESOURCEQS: RemovePendingRequest() 434: Failed to reset optimization [3, 52]
08-01 00:47:47.635 E/ANDR-PERF-UTIL( 2062): ANDR-PERF-UTIL: change_node_val() 319: Failed to update node /proc/sys/walt/sched_low_latency with value 22689 0
08-01 00:47:47.635 E/ANDR-PERF-OPTSHANDLER( 2062): ANDR-PERF-OPTSHANDLER: sched_reset_low_latency() 3683: can't reset low latency for tid 22689
08-01 00:47:47.635 E/ANDR-PERF-RESOURCEQS( 2062): ANDR-PERF-RESOURCEQS: RemovePendingRequest() 434: Failed to reset optimization [3, 52]
08-01 00:47:47.635 E/HYPER-HAL( 2868): [HandlerUClamp.cpp]set_uclamp_min(): sched_setattr failed for thread 22686, err = -1
08-01 00:47:47.635 E/ANDR-PERF-UTIL( 2062): ANDR-PERF-UTIL: change_node_val() 319: Failed to update node /proc/sys/walt/sched_low_latency with value 22686 0
08-01 00:47:47.635 E/HYPER-HAL( 2868): [HandlerUClamp.cpp]set_uclamp_min(): sched_setattr failed for thread 22689, err = -1
08-01 00:47:47.635 E/ANDR-PERF-OPTSHANDLER( 2062): ANDR-PERF-OPTSHANDLER: sched_reset_low_latency() 3683: can't reset low latency for tid 22686
08-01 00:47:47.635 E/HYPER-HAL( 2868): [HandlerUClamp.cpp]set_uclamp_min(): sched_setattr failed for thread 22641, err = -1
08-01 00:47:47.635 E/ANDR-PERF-RESOURCEQS( 2062): ANDR-PERF-RESOURCEQS: RemovePendingRequest() 434: Failed to reset optimization [3, 52]
08-01 00:47:47.635 E/HYPER-HAL( 2868): [HandlerUClamp.cpp]set_uclamp_min(): sched_setattr failed for thread 22666, err = -1
08-01 00:47:47.635 E/HYPER-HAL( 2868): [HandlerUClamp.cpp]set_uclamp_min(): sched_setattr failed for thread 22686, err = -1
08-01 00:47:47.635 E/HYPER-HAL( 2868): [HandlerUClamp.cpp]set_uclamp_min(): sched_setattr failed for thread 22689, err = -1
08-01 00:47:47.635 E/HYPER-HAL( 2868): [HandlerUClamp.cpp]set_uclamp_min(): sched_setattr failed for thread 22641, err = -1
08-01 00:47:47.635 E/HYPER-HAL( 2868): [HandlerUClamp.cpp]set_uclamp_min(): sched_setattr failed for thread 22666, err = -1
08-01 00:47:47.635 E/ANDR-PERF-UTIL( 2062): ANDR-PERF-UTIL: change_node_val() 319: Failed to update node /proc/sys/walt/sched_low_latency with value 22666 0
08-01 00:47:47.635 E/ANDR-PERF-OPTSHANDLER( 2062): ANDR-PERF-OPTSHANDLER: sched_reset_low_latency() 3683: can't reset low latency for tid 22666
08-01 00:47:47.635 E/ANDR-PERF-RESOURCEQS( 2062): ANDR-PERF-RESOURCEQS: RemoveAndApply() 362: Failed to reset optimization [3, 52]
08-01 00:47:47.636 E/HYPER-HAL( 2868): [HandlerUClamp.cpp]set_uclamp_min(): sched_setattr failed for thread 22686, err = -1
08-01 00:47:47.636 E/HYPER-HAL( 2868): [HandlerUClamp.cpp]set_uclamp_min(): sched_setattr failed for thread 22689, err = -1
08-01 00:47:47.636 E/HYPER-HAL( 2868): [HandlerUClamp.cpp]set_uclamp_min(): sched_setattr failed for thread 22641, err = -1
08-01 00:47:47.636 E/HYPER-HAL( 2868): [HandlerUClamp.cpp]set_uclamp_min(): sched_setattr failed for thread 22666, err = -1
08-01 00:47:47.636 E/HYPER-HAL( 2868): [HandlerUClamp.cpp]set_uclamp_min(): sched_setattr failed for thread 22686, err = -1
08-01 00:47:47.636 E/HYPER-HAL( 2868): [HandlerUClamp.cpp]set_uclamp_min(): sched_setattr failed for thread 22689, err = -1
08-01 00:47:47.636 E/HYPER-HAL( 2868): [HandlerUClamp.cpp]set_uclamp_min(): sched_setattr failed for thread 22641, err = -1
08-01 00:47:47.636 E/HYPER-HAL( 2868): [HandlerUClamp.cpp]set_uclamp_min(): sched_setattr failed for thread 22666, err = -1
08-01 00:47:47.636 E/ANDR-PERF-UTIL( 2062): ANDR-PERF-UTIL: change_node_val() 319: Failed to update node /proc/sys/walt/sched_low_latency with value 22641 0
08-01 00:47:47.636 E/ANDR-PERF-OPTSHANDLER( 2062): ANDR-PERF-OPTSHANDLER: sched_reset_low_latency() 3683: can't reset low latency for tid 22641
08-01 00:47:47.636 E/ANDR-PERF-RESOURCEQS( 2062): ANDR-PERF-RESOURCEQS: RemoveAndApply() 362: Failed to reset optimization [3, 52]
08-01 00:47:47.636 E/ANDR-PERF-UTIL( 2062): ANDR-PERF-UTIL: change_node_val() 319: Failed to update node /proc/sys/walt/sched_low_latency with value 22689 0
08-01 00:47:47.636 E/ANDR-PERF-OPTSHANDLER( 2062): ANDR-PERF-OPTSHANDLER: sched_reset_low_latency() 3683: can't reset low latency for tid 22689
08-01 00:47:47.636 E/ANDR-PERF-RESOURCEQS( 2062): ANDR-PERF-RESOURCEQS: RemoveAndApply() 362: Failed to reset optimization [3, 52]
08-01 00:47:47.636 E/ANDR-PERF-UTIL( 2062): ANDR-PERF-UTIL: change_node_val() 319: Failed to update node /proc/sys/walt/sched_low_latency with value 22686 0
08-01 00:47:47.636 E/ANDR-PERF-OPTSHANDLER( 2062): ANDR-PERF-OPTSHANDLER: sched_reset_low_latency() 3683: can't reset low latency for tid 22686
08-01 00:47:47.636 E/ANDR-PERF-RESOURCEQS( 2062): ANDR-PERF-RESOURCEQS: RemoveAndApply() 362: Failed to reset optimization [3, 52]
08-01 00:47:47.641 E/HoneySpace.HotseatPot@157326920( 4932): Illegal access
08-01 00:47:47.656 E/PackageManager( 3093): replace res.nonLocalizedLabel(null) to newName(Cloudy) and activity.getPackageName() () UId(1000)
08-01 00:47:47.669 E/SurfaceFlinger( 2198): alpha changed 1.000 -> 0.000 - Surface(name=Task=1#306592)/@0xd6bdbdb_transition-leash#357772
08-01 00:47:47.694 E/SurfaceFlinger( 2198): alpha changed 0.000 -> 1.000 - Surface(name=Task=1#306592)/@0xd6bdbdb_transition-leash#357772
08-01 00:47:47.719 E/SurfaceFlinger( 2198): alpha changed 1.000 -> 0.000 - Surface(name=36d3d2e InputMethod#306690)/@0xba43165 - animation-leash of insets_animation#357775
08-01 00:47:47.737 E/AtomicFile(  951): Failed to rename /data/user_de/0/com.samsung.android.honeyboard/files/selected.json.new to /data/user_de/0/com.samsung.android.honeyboard/files/selected.json
08-01 00:47:47.894 E/SurfaceFlinger( 2198): alpha changed 0.004 -> 0.000 - Surface(name=Task=424#357751)/@0xdf10151_transition-leash#357773
08-01 00:47:48.134 E/libbinder.IPCThreadState( 3093): Binder transaction failure. id: 397380576, cmd: BR_DEAD_REPLY (29189), error: -22 (Invalid argument)
08-01 00:47:48.152 E/BpTransactionCompletedListener( 2198): Failed to transact (-32)
08-01 00:47:49.126 E/ANDR-PERF-UTIL( 2062): ANDR-PERF-UTIL: change_node_val() 319: Failed to update node /proc/sys/walt/sched_per_task_boost with value 22641 0
08-01 00:47:49.126 E/ANDR-PERF-OPTSHANDLER( 2062): ANDR-PERF-OPTSHANDLER: sched_reset_task_boost() 3579: can't reset task 22641
08-01 00:47:49.126 E/ANDR-PERF-RESOURCEQS( 2062): ANDR-PERF-RESOURCEQS: RemoveAndApply() 380: Failed to reset optimization [3, 32]
08-01 00:47:49.581 E/BatteryDump( 2074): !@new_battery_dump : 3907,1375,1425,3331,43,349,346,426,349,0,372,426,0,Charging,NO_CHARGING,Normal,Good,PDIC,0,Normal,0,0,9300,0x8000,0x10010000,0x0,0,0,0000,0000,00000000,0,0,0,0,539,3821,4296,980,0,
08-01 00:47:50.214 E/TaskPersister( 3093): File error accessing recents directory (directory doesn't exist?).
08-01 00:47:50.214 E/TaskPersister( 3093): File error accessing recents directory (directory doesn't exist?).
08-01 00:47:50.214 E/TaskPersister( 3093): File error accessing recents directory (directory doesn't exist?).
08-01 00:47:50.214 E/TaskPersister( 3093): File error accessing recents directory (directory doesn't exist?).
08-01 00:47:50.277 E/Pageboost( 3093): ioinfo read failed
08-01 00:47:51.705 E/Pageboost( 3093): StopRecording Failed
08-01 00:47:51.713 E/Pageboost( 3093): captureFinished fail
08-01 00:47:59.737 E/BatteryDump( 2074): !@new_battery_dump : 3900,918,1225,3331,43,349,347,408,349,0,373,408,0,Charging,NO_CHARGING,Normal,Good,PDIC,0,Normal,0,0,9300,0x8000,0x10010000,0x0,0,0,0000,0000,00000000,0,0,0,0,539,3821,4305,980,0,
08-01 00:48:00.037 E/NativeCustomFrequencyManager( 2198): [NativeCFMS] BpCustomFrequencyManager::acquire()
08-01 00:48:02.593 E/pageboostd( 5725): alp start : app comkitaabaiapp
08-01 00:48:02.594 E/pageboostd( 5725): comkitaabaiapp, amt 0 scnt 0 fcnt 0
08-01 00:48:02.594 E/pageboostd( 5725): comkitaabaiapp, amt 0 scnt 0 fcnt 0
08-01 00:48:02.595 E/pageboostd( 5725): alp end : app comkitaabaiapp data_amount 0
08-01 00:48:02.604 E/NativeCustomFrequencyManager( 2198): [NativeCFMS] BpCustomFrequencyManager::acquire()
08-01 00:48:02.650 E/HoneySpace.HotseatPot@157326920( 4932): Illegal access
08-01 00:48:02.651 E/pageboostd( 5725): Received HALT command code 2
08-01 00:48:02.659 E/SurfaceFlinger( 2198): alpha changed 1.000 -> 0.000 - Surface(name=Task=425#357777)/@0x3ae306e_transition-leash#357785
08-01 00:48:02.684 E/SurfaceFlinger( 2198): alpha changed 0.000 -> 0.681 - Surface(name=Task=425#357777)/@0x3ae306e_transition-leash#357785
08-01 00:48:03.075 E/Adreno-AppProfiles(22808): QSPM AIDL service doesn't exist
08-01 00:48:03.088 E/ashmem  (22808): Pinning is deprecated since Android Q. Please use trim or other methods.
08-01 00:48:03.180 E/WindowManager(22808): Couldn't add view: android.widget.PopupWindow$PopupDecorView{5ee48ba V.E...... R.....I. 0,0-0,0}
08-01 00:48:03.180 E/WindowManager(22808): android.view.WindowManager$BadTokenException: Unable to add window -- token null is not valid; is your activity running?
08-01 00:48:03.180 E/WindowManager(22808): 	at android.view.ViewRootImpl.setView(ViewRootImpl.java:2053)
08-01 00:48:03.180 E/WindowManager(22808): 	at android.view.WindowManagerGlobal.addView(WindowManagerGlobal.java:606)
08-01 00:48:03.180 E/WindowManager(22808): 	at android.view.WindowManagerImpl.addView(WindowManagerImpl.java:167)
08-01 00:48:03.180 E/WindowManager(22808): 	at android.widget.PopupWindow.invokePopup(PopupWindow.java:1686)
08-01 00:48:03.180 E/WindowManager(22808): 	at android.widget.PopupWindow.showAtLocation(PopupWindow.java:1412)
08-01 00:48:03.180 E/WindowManager(22808): 	at android.widget.PopupWindow.showAtLocation(PopupWindow.java:1378)
08-01 00:48:03.180 E/WindowManager(22808): 	at com.facebook.react.devsupport.DefaultDevLoadingViewImplementation.showInternal(DefaultDevLoadingViewImplementation.kt:149)
08-01 00:48:03.180 E/WindowManager(22808): 	at com.facebook.react.devsupport.DefaultDevLoadingViewImplementation.showMessage$lambda$0(DefaultDevLoadingViewImplementation.kt:50)
08-01 00:48:03.180 E/WindowManager(22808): 	at com.facebook.react.devsupport.DefaultDevLoadingViewImplementation.$r8$lambda$rdWVX5QrGUmEjCcjBrWuy86IyRY(DefaultDevLoadingViewImplementation.kt:0)
08-01 00:48:03.180 E/WindowManager(22808): 	at com.facebook.react.devsupport.DefaultDevLoadingViewImplementation$$ExternalSyntheticLambda4.run(D8$$SyntheticClass:0)
08-01 00:48:03.180 E/WindowManager(22808): 	at android.os.Handler.handleCallback(Handler.java:1070)
08-01 00:48:03.180 E/WindowManager(22808): 	at android.os.Handler.dispatchMessage(Handler.java:125)
08-01 00:48:03.180 E/WindowManager(22808): 	at android.os.Looper.dispatchMessage(Looper.java:358)
08-01 00:48:03.180 E/WindowManager(22808): 	at android.os.Looper.loopOnce(Looper.java:288)
08-01 00:48:03.180 E/WindowManager(22808): 	at android.os.Looper.loop(Looper.java:392)
08-01 00:48:03.180 E/WindowManager(22808): 	at android.app.ActivityThread.main(ActivityThread.java:10346)
08-01 00:48:03.180 E/WindowManager(22808): 	at java.lang.reflect.Method.invoke(Native Method)
08-01 00:48:03.180 E/WindowManager(22808): 	at com.android.internal.os.RuntimeInit$MethodAndArgsCaller.run(RuntimeInit.java:638)
08-01 00:48:03.180 E/WindowManager(22808): 	at com.android.internal.os.ZygoteInit.main(ZygoteInit.java:972)
08-01 00:48:03.181 E/unknown:ReactNative(22808): Unable to display loading message because react activity isn't active, message: Loading from localhost:8081…
08-01 00:48:03.188 E/BufferQueueProducer(22808): Unable to open libpenguin.so: dlopen failed: library "libpenguin.so" not found.
08-01 00:48:03.188 E/om.kitaabai.app(22808): Unable to open libpenguin.so: dlopen failed: library "libpenguin.so" not found.
08-01 00:48:03.202 E/pageboostd( 5725): Received HALT command code 2
08-01 00:48:03.214 E/unknown:ReactHost(22808): Unhandled SoftException
08-01 00:48:03.214 E/unknown:ReactHost(22808): com.facebook.react.bridge.ReactNoCrashSoftException: raiseSoftException(onWindowFocusChange(hasFocus = "true")): Tried to access onWindowFocusChange while context is not ready
08-01 00:48:03.214 E/unknown:ReactHost(22808): 	at com.facebook.react.runtime.ReactHostImpl.raiseSoftException(ReactHostImpl.kt:919)
08-01 00:48:03.214 E/unknown:ReactHost(22808): 	at com.facebook.react.runtime.ReactHostImpl.raiseSoftException$default(ReactHostImpl.kt:910)
08-01 00:48:03.214 E/unknown:ReactHost(22808): 	at com.facebook.react.runtime.ReactHostImpl.onWindowFocusChange(ReactHostImpl.kt:682)
08-01 00:48:03.214 E/unknown:ReactHost(22808): 	at com.facebook.react.ReactDelegate.onWindowFocusChanged(ReactDelegate.kt:229)
08-01 00:48:03.214 E/unknown:ReactHost(22808): 	at com.facebook.react.ReactActivityDelegate.onWindowFocusChanged(ReactActivityDelegate.java:235)
08-01 00:48:03.214 E/unknown:ReactHost(22808): 	at expo.modules.ReactActivityDelegateWrapper$onWindowFocusChanged$1.invokeSuspend(ReactActivityDelegateWrapper.kt:320)
08-01 00:48:03.214 E/unknown:ReactHost(22808): 	at expo.modules.ReactActivityDelegateWrapper$onWindowFocusChanged$1.invoke(ReactActivityDelegateWrapper.kt:8)
08-01 00:48:03.214 E/unknown:ReactHost(22808): 	at expo.modules.ReactActivityDelegateWrapper$onWindowFocusChanged$1.invoke(ReactActivityDelegateWrapper.kt:4)
08-01 00:48:03.214 E/unknown:ReactHost(22808): 	at expo.modules.ReactActivityDelegateWrapper$launchLifecycleScopeWithLock$1.invokeSuspend(ReactActivityDelegateWrapper.kt:452)
08-01 00:48:03.214 E/unknown:ReactHost(22808): 	at kotlin.coroutines.jvm.internal.BaseContinuationImpl.resumeWith(ContinuationImpl.kt:34)
08-01 00:48:03.214 E/unknown:ReactHost(22808): 	at kotlinx.coroutines.internal.DispatchedContinuationKt.resumeCancellableWith(DispatchedContinuation.kt:375)
08-01 00:48:03.214 E/unknown:ReactHost(22808): 	at kotlinx.coroutines.intrinsics.CancellableKt.startCoroutineCancellable(Cancellable.kt:26)
08-01 00:48:03.214 E/unknown:ReactHost(22808): 	at kotlinx.coroutines.CoroutineStart.invoke(CoroutineStart.kt:358)
08-01 00:48:03.214 E/unknown:ReactHost(22808): 	at kotlinx.coroutines.AbstractCoroutine.start(AbstractCoroutine.kt:134)
08-01 00:48:03.214 E/unknown:ReactHost(22808): 	at kotlinx.coroutines.BuildersKt__Builders_commonKt.launch(Builders.common.kt:53)
08-01 00:48:03.214 E/unknown:ReactHost(22808): 	at kotlinx.coroutines.BuildersKt.launch(dex-id-6c95318d9cfb6b1d6005fa40566d7dcd95997320:1)
08-01 00:48:03.214 E/unknown:ReactHost(22808): 	at kotlinx.coroutines.BuildersKt__Builders_commonKt.launch$default(Builders.common.kt:44)
08-01 00:48:03.214 E/unknown:ReactHost(22808): 	at kotlinx.coroutines.BuildersKt.launch$default(dex-id-6c95318d9cfb6b1d6005fa40566d7dcd95997320:1)
08-01 00:48:03.214 E/unknown:ReactHost(22808): 	at expo.modules.ReactActivityDelegateWrapper.launchLifecycleScopeWithLock(ReactActivityDelegateWrapper.kt:450)
08-01 00:48:03.214 E/unknown:ReactHost(22808): 	at expo.modules.ReactActivityDelegateWrapper.launchLifecycleScopeWithLock$default(ReactActivityDelegateWrapper.kt:446)
08-01 00:48:03.214 E/unknown:ReactHost(22808): 	at expo.modules.ReactActivityDelegateWrapper.onWindowFocusChanged(ReactActivityDelegateWrapper.kt:318)
08-01 00:48:03.214 E/unknown:ReactHost(22808): 	at com.facebook.react.ReactActivity.onWindowFocusChanged(ReactActivity.java:161)
08-01 00:48:03.214 E/unknown:ReactHost(22808): 	at androidx.appcompat.view.WindowCallbackWrapper.onWindowFocusChanged(WindowCallbackWrapper.java:124)
08-01 00:48:03.214 E/unknown:ReactHost(22808): 	at com.android.internal.policy.DecorView.onWindowFocusChanged(DecorView.java:2827)
08-01 00:48:03.214 E/unknown:ReactHost(22808): 	at android.view.View.dispatchWindowFocusChanged(View.java:17901)
08-01 00:48:03.214 E/unknown:ReactHost(22808): 	at android.view.ViewGroup.dispatchWindowFocusChanged(ViewGroup.java:1631)
08-01 00:48:03.214 E/unknown:ReactHost(22808): 	at android.view.ViewRootImpl.dispatchFocusEvent(ViewRootImpl.java:6037)
08-01 00:48:03.214 E/unknown:ReactHost(22808): 	at android.view.ViewRootImpl.handleWindowFocusChanged(ViewRootImpl.java:5920)
08-01 00:48:03.214 E/unknown:ReactHost(22808): 	at android.view.ViewRootImpl.-$$Nest$mhandleWindowFocusChanged(ViewRootImpl.java:0)
08-01 00:48:03.214 E/unknown:ReactHost(22808): 	at android.view.ViewRootImpl$ViewRootHandler.handleMessageImpl(ViewRootImpl.java:8475)
08-01 00:48:03.214 E/unknown:ReactHost(22808): 	at android.view.ViewRootImpl$ViewRootHandler.handleMessage(ViewRootImpl.java:8383)
08-01 00:48:03.214 E/unknown:ReactHost(22808): 	at android.os.Handler.dispatchMessage(Handler.java:132)
08-01 00:48:03.214 E/unknown:ReactHost(22808): 	at android.os.Looper.dispatchMessage(Looper.java:358)
08-01 00:48:03.214 E/unknown:ReactHost(22808): 	at android.os.Looper.loopOnce(Looper.java:288)
08-01 00:48:03.214 E/unknown:ReactHost(22808): 	at android.os.Looper.loop(Looper.java:392)
08-01 00:48:03.214 E/unknown:ReactHost(22808): 	at android.app.ActivityThread.main(ActivityThread.java:10346)
08-01 00:48:03.214 E/unknown:ReactHost(22808): 	at java.lang.reflect.Method.invoke(Native Method)
08-01 00:48:03.214 E/unknown:ReactHost(22808): 	at com.android.internal.os.RuntimeInit$MethodAndArgsCaller.run(RuntimeInit.java:638)
08-01 00:48:03.214 E/unknown:ReactHost(22808): 	at com.android.internal.os.ZygoteInit.main(ZygoteInit.java:972)
08-01 00:48:03.233 E/SurfaceFlinger( 2198): alpha changed 1.000 -> 0.000 - Surface(name=36d3d2e InputMethod#306690)/@0xba43165 - animation-leash of insets_animation#357793
08-01 00:48:03.358 E/WindowManager( 3093): win=Window{1e1062b u0 com.sec.android.app.launcher/com.sec.android.app.launcher.activities.LauncherActivity} destroySurfaces: appStopped=true cleanupOnResume=false win.mWindowRemovalAllowed=false win.mRemoveOnExit=false win.mViewVisibility=8 caller=com.android.server.wm.ActivityRecord.destroySurfaces:24 com.android.server.wm.ActivityRecord.activityStopped:209 com.android.server.wm.ActivityClientController.activityStopped:102 android.app.IActivityClientController$Stub.onTransact:829 com.android.server.wm.ActivityClientController.onTransact:1 android.os.Binder.execTransactInternal:1514 android.os.Binder.execTransact:1454 
08-01 00:48:03.378 E/ashmem  (23004): Pinning is deprecated since Android Q. Please use trim or other methods.
08-01 00:48:03.379 E/ashmem  (23005): Pinning is deprecated since Android Q. Please use trim or other methods.
08-01 00:48:03.390 E/ashmem  (23003): Pinning is deprecated since Android Q. Please use trim or other methods.
08-01 00:48:03.461 E/VectorIndex(23003): validateFiles: file not exists java.io.FileNotFoundException: /data/user/0/com.samsung.mediasearch/files/vectors/indexes/video_features/embeddings12.bin: open failed: ENOENT (No such file or directory)
08-01 00:48:03.553 E/AndroidRuntime(22808): FATAL EXCEPTION: pool-4-thread-1
08-01 00:48:03.553 E/AndroidRuntime(22808): Process: com.kitaabai.app, PID: 22808
08-01 00:48:03.553 E/AndroidRuntime(22808): java.lang.UnsatisfiedLinkError: dlopen failed: cannot locate symbol "_ZNKR8facebook3jsi5Value8asObjectERNS0_7RuntimeE" referenced by "/data/app/~~CSWjVWTBrHjlcCkMJxZ9Yg==/com.kitaabai.app-5rcHYfnSVB4FEOcekHlcBg==/base.apk!/lib/arm64-v8a/libexpo-av.so"...
08-01 00:48:03.553 E/AndroidRuntime(22808): 	at java.lang.Runtime.loadLibrary0(Runtime.java:1111)
08-01 00:48:03.553 E/AndroidRuntime(22808): 	at java.lang.Runtime.loadLibrary0(Runtime.java:1033)
08-01 00:48:03.553 E/AndroidRuntime(22808): 	at java.lang.System.loadLibrary(System.java:1765)
08-01 00:48:03.553 E/AndroidRuntime(22808): 	at expo.modules.av.AVManager.<clinit>(AVManager.java:56)
08-01 00:48:03.553 E/AndroidRuntime(22808): 	at expo.modules.av.AVPackage.createInternalModules(AVPackage.java:16)
08-01 00:48:03.553 E/AndroidRuntime(22808): 	at expo.modules.adapters.react.ReactModuleRegistryProvider.get(ReactModuleRegistryProvider.java:47)
08-01 00:48:03.553 E/AndroidRuntime(22808): 	at expo.modules.adapters.react.ModuleRegistryAdapter.getOrCreateNativeModulesProxy(ModuleRegistryAdapter.java:136)
08-01 00:48:03.553 E/AndroidRuntime(22808): 	at expo.modules.adapters.react.ModuleRegistryAdapter.createNativeModules(ModuleRegistryAdapter.java:65)
08-01 00:48:03.553 E/AndroidRuntime(22808): 	at expo.modules.ExpoModulesPackage.createNativeModules(ExpoModulesPackage.kt:35)
08-01 00:48:03.553 E/AndroidRuntime(22808): 	at com.facebook.react.ReactPackageTurboModuleManagerDelegate.initialize(ReactPackageTurboModuleManagerDelegate.kt:64)
08-01 00:48:03.553 E/AndroidRuntime(22808): 	at com.facebook.react.ReactPackageTurboModuleManagerDelegate.<init>(ReactPackageTurboModuleManagerDelegate.kt:42)
08-01 00:48:03.553 E/AndroidRuntime(22808): 	at com.facebook.react.defaults.DefaultTurboModuleManagerDelegate.<init>(DefaultTurboModuleManagerDelegate.kt:35)
08-01 00:48:03.553 E/AndroidRuntime(22808): 	at com.facebook.react.defaults.DefaultTurboModuleManagerDelegate.<init>(DefaultTurboModuleManagerDelegate.kt:0)
08-01 00:48:03.553 E/AndroidRuntime(22808): 	at com.facebook.react.defaults.DefaultTurboModuleManagerDelegate$Builder.build(DefaultTurboModuleManagerDelegate.kt:63)
08-01 00:48:03.553 E/AndroidRuntime(22808): 	at com.facebook.react.defaults.DefaultTurboModuleManagerDelegate$Builder.build(DefaultTurboModuleManagerDelegate.kt:43)
08-01 00:48:03.553 E/AndroidRuntime(22808): 	at com.facebook.react.ReactPackageTurboModuleManagerDelegate$Builder.build(ReactPackageTurboModuleManagerDelegate.kt:222)
08-01 00:48:03.553 E/AndroidRuntime(22808): 	at com.facebook.react.runtime.ReactInstance.<init>(ReactInstance.kt:183)
08-01 00:48:03.553 E/AndroidRuntime(22808): 	at com.facebook.react.runtime.ReactHostImpl.getOrCreateReactInstanceTask$lambda$45$lambda$41(ReactHostImpl.kt:1052)
08-01 00:48:03.553 E/AndroidRuntime(22808): 	at com.facebook.react.runtime.ReactHostImpl.$r8$lambda$SmdYI7igN6ETqUXjl3FigYM4DHc(ReactHostImpl.kt:0)
08-01 00:48:03.553 E/AndroidRuntime(22808): 	at com.facebook.react.runtime.ReactHostImpl$$ExternalSyntheticLambda43.then(D8$$SyntheticClass:0)
08-01 00:48:03.553 E/AndroidRuntime(22808): 	at com.facebook.react.runtime.internal.bolts.Task$Companion.completeImmediately$lambda$3(Task.kt:360)
08-01 00:48:03.553 E/AndroidRuntime(22808): 	at com.facebook.react.runtime.internal.bolts.Task$Companion.$r8$lambda$b7MTC0ufkn_2TjF4BGcNqGR9qK0(Task.kt:0)
08-01 00:48:03.553 E/AndroidRuntime(22808): 	at com.facebook.react.runtime.internal.bolts.Task$Companion$$ExternalSyntheticLambda3.run(D8$$SyntheticClass:0)
08-01 00:48:03.553 E/AndroidRuntime(22808): 	at com.facebook.react.runtime.internal.bolts.Executors$ImmediateExecutor.execute(Executors.kt:41)
08-01 00:48:03.553 E/AndroidRuntime(22808): 	at com.facebook.react.runtime.internal.bolts.Task$Companion.completeImmediately(Task.kt:358)
08-01 00:48:03.553 E/AndroidRuntime(22808): 	at com.facebook.react.runtime.internal.bolts.Task$Companion.access$completeImmediately(Task.kt:254)
08-01 00:48:03.553 E/AndroidRuntime(22808): 	at com.facebook.react.runtime.internal.bolts.Task.continueWith(Task.kt:133)
08-01 00:48:03.553 E/AndroidRuntime(22808): 	at com.facebook.react.runtime.internal.bolts.Task.continueWith$default(Task.kt:117)
08-01 00:48:03.553 E/AndroidRuntime(22808): 	at com.facebook.react.runtime.internal.bolts.Task.onSuccess$lambda$12(Task.kt:176)
08-01 00:48:03.553 E/AndroidRuntime(22808): 	at com.facebook.react.runtime.internal.bolts.Task.$r8$lambda$l0wwo5AvbHxlwfI1R7CH_codxoo(Task.kt:0)
08-01 00:48:03.553 E/AndroidRuntime(22808): 	at com.facebook.react.runtime.internal.bolts.Task$$ExternalSyntheticLambda2.then(D8$$SyntheticClass:0)
08-01 00:48:03.553 E/AndroidRuntime(22808): 	at com.facebook.react.runtime.internal.bolts.Task$Companion.completeAfterTask$lambda$5(Task.kt:394)
08-01 00:48:03.553 E/AndroidRuntime(22808): 	at com.facebook.react.runtime.internal.bolts.Task$Companion.$r8$lambda$IPpysnehFwANEiW061YzapkMdoE(Task.kt:0)
08-01 00:48:03.553 E/AndroidRuntime(22808): 	at com.facebook.react.runtime.internal.bolts.Task$Companion$$ExternalSyntheticLambda4.run(D8$$SyntheticClass:0)
08-01 00:48:03.553 E/AndroidRuntime(22808): 	at java.util.concurrent.ThreadPoolExecutor.runWorker(ThreadPoolExecutor.java:1100)
08-01 00:48:03.553 E/AndroidRuntime(22808): 	at java.util.concurrent.ThreadPoolExecutor$Worker.run(ThreadPoolExecutor.java:624)
08-01 00:48:03.553 E/AndroidRuntime(22808): 	at java.lang.Thread.run(Thread.java:1572)
08-01 00:48:03.575 E/ActivityManager( 3093): Sending non-protected broadcast com.sec.android.intent.action.APP_HQM_SEND_REQ from system 5654:com.sec.android.diagmonagent/1000 pkg com.sec.android.diagmonagent
08-01 00:48:03.575 E/ActivityManager( 3093): java.lang.Throwable
08-01 00:48:03.575 E/ActivityManager( 3093): 	at com.android.server.am.BroadcastController.checkBroadcastFromSystem(qb/111684928 8a2772898477f7cc112f6ac514b611258fb1e5c3f2206b0d202f25701684a852:252)
08-01 00:48:03.575 E/ActivityManager( 3093): 	at com.android.server.am.BroadcastController.broadcastIntentLockedTraced(qb/111684928 8a2772898477f7cc112f6ac514b611258fb1e5c3f2206b0d202f25701684a852:355)
08-01 00:48:03.575 E/ActivityManager( 3093): 	at com.android.server.am.BroadcastController.broadcastIntentLocked(qb/111684928 8a2772898477f7cc112f6ac514b611258fb1e5c3f2206b0d202f25701684a852:22)
08-01 00:48:03.575 E/ActivityManager( 3093): 	at com.android.server.am.ActivityManagerService.broadcastIntentWithFeature(qb/111684928 8a2772898477f7cc112f6ac514b611258fb1e5c3f2206b0d202f25701684a852:106)
08-01 00:48:03.575 E/ActivityManager( 3093): 	at android.app.IActivityManager$Stub.onTransact$broadcastIntentWithFeature$(IActivityManager.java:12564)
08-01 00:48:03.575 E/ActivityManager( 3093): 	at android.app.IActivityManager$Stub.onTransact(IActivityManager.java:3278)
08-01 00:48:03.575 E/ActivityManager( 3093): 	at com.android.server.am.ActivityManagerService.onTransact(qb/111684928 8a2772898477f7cc112f6ac514b611258fb1e5c3f2206b0d202f25701684a852:426)
08-01 00:48:03.575 E/ActivityManager( 3093): 	at android.os.Binder.execTransactInternal(Binder.java:1509)
08-01 00:48:03.575 E/ActivityManager( 3093): 	at android.os.Binder.execTransact(Binder.java:1454)
08-01 00:48:03.587 E/HYPER-HAL( 2868): [HandlerUClamp.cpp]set_uclamp_min(): sched_setattr failed for thread 22942, err = -1
08-01 00:48:03.587 E/HYPER-HAL( 2868): [HandlerUClamp.cpp]set_uclamp_min(): sched_setattr failed for thread 22956, err = -1
08-01 00:48:03.587 E/HYPER-HAL( 2868): [HandlerUClamp.cpp]set_uclamp_min(): sched_setattr failed for thread 22808, err = -1
08-01 00:48:03.587 E/HYPER-HAL( 2868): [HandlerUClamp.cpp]set_uclamp_min(): sched_setattr failed for thread 22847, err = -1
08-01 00:48:03.587 E/HYPER-HAL( 2868): [HandlerUClamp.cpp]set_uclamp_min(): sched_setattr failed for thread 22942, err = -1
08-01 00:48:03.587 E/HYPER-HAL( 2868): [HandlerUClamp.cpp]set_uclamp_min(): sched_setattr failed for thread 22956, err = -1
08-01 00:48:03.587 E/HYPER-HAL( 2868): [HandlerUClamp.cpp]set_uclamp_min(): sched_setattr failed for thread 22808, err = -1
08-01 00:48:03.587 E/HYPER-HAL( 2868): [HandlerUClamp.cpp]set_uclamp_min(): sched_setattr failed for thread 22847, err = -1
08-01 00:48:03.587 E/ANDR-PERF-UTIL( 2062): ANDR-PERF-UTIL: change_node_val() 319: Failed to update node /proc/sys/walt/sched_low_latency with value 22847 0
08-01 00:48:03.587 E/ANDR-PERF-OPTSHANDLER( 2062): ANDR-PERF-OPTSHANDLER: sched_reset_low_latency() 3683: can't reset low latency for tid 22847
08-01 00:48:03.587 E/ANDR-PERF-RESOURCEQS( 2062): ANDR-PERF-RESOURCEQS: RemovePendingRequest() 434: Failed to reset optimization [3, 52]
08-01 00:48:03.587 E/ANDR-PERF-UTIL( 2062): ANDR-PERF-UTIL: change_node_val() 319: Failed to update node /proc/sys/walt/sched_low_latency with value 22808 0
08-01 00:48:03.587 E/ANDR-PERF-OPTSHANDLER( 2062): ANDR-PERF-OPTSHANDLER: sched_reset_low_latency() 3683: can't reset low latency for tid 22808
08-01 00:48:03.587 E/ANDR-PERF-RESOURCEQS( 2062): ANDR-PERF-RESOURCEQS: RemovePendingRequest() 434: Failed to reset optimization [3, 52]
08-01 00:48:03.587 E/ANDR-PERF-UTIL( 2062): ANDR-PERF-UTIL: change_node_val() 319: Failed to update node /proc/sys/walt/sched_low_latency with value 22956 0
08-01 00:48:03.587 E/ANDR-PERF-OPTSHANDLER( 2062): ANDR-PERF-OPTSHANDLER: sched_reset_low_latency() 3683: can't reset low latency for tid 22956
08-01 00:48:03.587 E/ANDR-PERF-RESOURCEQS( 2062): ANDR-PERF-RESOURCEQS: RemovePendingRequest() 434: Failed to reset optimization [3, 52]
08-01 00:48:03.587 E/ANDR-PERF-UTIL( 2062): ANDR-PERF-UTIL: change_node_val() 319: Failed to update node /proc/sys/walt/sched_low_latency with value 22942 0
08-01 00:48:03.587 E/ANDR-PERF-OPTSHANDLER( 2062): ANDR-PERF-OPTSHANDLER: sched_reset_low_latency() 3683: can't reset low latency for tid 22942
08-01 00:48:03.587 E/ANDR-PERF-RESOURCEQS( 2062): ANDR-PERF-RESOURCEQS: RemovePendingRequest() 434: Failed to reset optimization [3, 52]
08-01 00:48:03.587 E/ANDR-PERF-UTIL( 2062): ANDR-PERF-UTIL: change_node_val() 319: Failed to update node /proc/sys/walt/sched_low_latency with value 22847 0
08-01 00:48:03.587 E/ANDR-PERF-OPTSHANDLER( 2062): ANDR-PERF-OPTSHANDLER: sched_reset_low_latency() 3683: can't reset low latency for tid 22847
08-01 00:48:03.587 E/ANDR-PERF-RESOURCEQS( 2062): ANDR-PERF-RESOURCEQS: RemoveAndApply() 362: Failed to reset optimization [3, 52]
08-01 00:48:03.587 E/ANDR-PERF-UTIL( 2062): ANDR-PERF-UTIL: change_node_val() 319: Failed to update node /proc/sys/walt/sched_low_latency with value 22808 0
08-01 00:48:03.587 E/ANDR-PERF-OPTSHANDLER( 2062): ANDR-PERF-OPTSHANDLER: sched_reset_low_latency() 3683: can't reset low latency for tid 22808
08-01 00:48:03.587 E/ANDR-PERF-RESOURCEQS( 2062): ANDR-PERF-RESOURCEQS: RemoveAndApply() 362: Failed to reset optimization [3, 52]
08-01 00:48:03.587 E/ANDR-PERF-UTIL( 2062): ANDR-PERF-UTIL: change_node_val() 319: Failed to update node /proc/sys/walt/sched_low_latency with value 22956 0
08-01 00:48:03.587 E/ANDR-PERF-OPTSHANDLER( 2062): ANDR-PERF-OPTSHANDLER: sched_reset_low_latency() 3683: can't reset low latency for tid 22956
08-01 00:48:03.587 E/ANDR-PERF-RESOURCEQS( 2062): ANDR-PERF-RESOURCEQS: RemoveAndApply() 362: Failed to reset optimization [3, 52]
08-01 00:48:03.587 E/ANDR-PERF-UTIL( 2062): ANDR-PERF-UTIL: change_node_val() 319: Failed to update node /proc/sys/walt/sched_low_latency with value 22942 0
08-01 00:48:03.587 E/ANDR-PERF-OPTSHANDLER( 2062): ANDR-PERF-OPTSHANDLER: sched_reset_low_latency() 3683: can't reset low latency for tid 22942
08-01 00:48:03.587 E/ANDR-PERF-RESOURCEQS( 2062): ANDR-PERF-RESOURCEQS: RemoveAndApply() 362: Failed to reset optimization [3, 52]
08-01 00:48:03.587 E/HYPER-HAL( 2868): [HandlerUClamp.cpp]set_uclamp_min(): sched_setattr failed for thread 22942, err = -1
08-01 00:48:03.587 E/HYPER-HAL( 2868): [HandlerUClamp.cpp]set_uclamp_min(): sched_setattr failed for thread 22956, err = -1
08-01 00:48:03.587 E/HYPER-HAL( 2868): [HandlerUClamp.cpp]set_uclamp_min(): sched_setattr failed for thread 22808, err = -1
08-01 00:48:03.587 E/HYPER-HAL( 2868): [HandlerUClamp.cpp]set_uclamp_min(): sched_setattr failed for thread 22847, err = -1
08-01 00:48:03.587 E/HYPER-HAL( 2868): [HandlerUClamp.cpp]set_uclamp_min(): sched_setattr failed for thread 22942, err = -1
08-01 00:48:03.587 E/HYPER-HAL( 2868): [HandlerUClamp.cpp]set_uclamp_min(): sched_setattr failed for thread 22956, err = -1
08-01 00:48:03.587 E/HYPER-HAL( 2868): [HandlerUClamp.cpp]set_uclamp_min(): sched_setattr failed for thread 22808, err = -1
08-01 00:48:03.587 E/HYPER-HAL( 2868): [HandlerUClamp.cpp]set_uclamp_min(): sched_setattr failed for thread 22847, err = -1
08-01 00:48:03.593 E/HoneySpace.HotseatPot@157326920( 4932): Illegal access
08-01 00:48:03.605 E/PackageManager( 3093): replace res.nonLocalizedLabel(null) to newName(Cloudy) and activity.getPackageName() () UId(1000)
08-01 00:48:03.624 E/SurfaceFlinger( 2198): alpha changed 1.000 -> 0.000 - Surface(name=Task=1#306592)/@0x1a04ee8_transition-leash#357798
08-01 00:48:03.649 E/SurfaceFlinger( 2198): alpha changed 0.000 -> 1.000 - Surface(name=Task=1#306592)/@0x1a04ee8_transition-leash#357798
08-01 00:48:03.674 E/SurfaceFlinger( 2198): alpha changed 1.000 -> 0.000 - Surface(name=36d3d2e InputMethod#306690)/@0xba43165 - animation-leash of insets_animation#357801
08-01 00:48:03.849 E/SurfaceFlinger( 2198): alpha changed 0.004 -> 0.000 - Surface(name=Task=425#357777)/@0x29f7194_transition-leash#357799
08-01 00:48:04.087 E/libbinder.IPCThreadState( 3093): Binder transaction failure. id: 397387766, cmd: BR_DEAD_REPLY (29189), error: -22 (Invalid argument)
08-01 00:48:04.107 E/BpTransactionCompletedListener( 2198): Failed to transact (-32)
08-01 00:48:04.110 E/NativeCustomFrequencyManager( 2198): [NativeCFMS] BpCustomFrequencyManager::acquire()
08-01 00:48:05.066 E/ANDR-PERF-UTIL( 2062): ANDR-PERF-UTIL: change_node_val() 319: Failed to update node /proc/sys/walt/sched_per_task_boost with value 22808 0
08-01 00:48:05.066 E/ANDR-PERF-OPTSHANDLER( 2062): ANDR-PERF-OPTSHANDLER: sched_reset_task_boost() 3579: can't reset task 22808
08-01 00:48:05.066 E/ANDR-PERF-RESOURCEQS( 2062): ANDR-PERF-RESOURCEQS: RemoveAndApply() 380: Failed to reset optimization [3, 32]
08-01 00:48:06.156 E/TaskPersister( 3093): File error accessing recents directory (directory doesn't exist?).
08-01 00:48:06.157 E/TaskPersister( 3093): File error accessing recents directory (directory doesn't exist?).
08-01 00:48:06.157 E/TaskPersister( 3093): File error accessing recents directory (directory doesn't exist?).
08-01 00:48:06.157 E/TaskPersister( 3093): File error accessing recents directory (directory doesn't exist?).
08-01 00:48:06.210 E/Pageboost( 3093): ioinfo read failed
08-01 00:48:07.645 E/Pageboost( 3093): StopRecording Failed
08-01 00:48:07.651 E/Pageboost( 3093): captureFinished fail
08-01 00:48:08.389 E/Watchdog( 3093): !@Sync: 1473 heap(MB): 200 / 205 FD: 1578 Threads: 581 [2026-08-01 00:48:08.389]
08-01 00:48:09.898 E/BatteryDump( 2074): !@new_battery_dump : 3901,1165,1225,3331,43,348,347,406,348,0,372,406,0,Charging,NO_CHARGING,Normal,Good,PDIC,0,Normal,0,0,9300,0x8000,0x10010000,0x0,0,0,0000,0000,00000000,0,0,0,0,539,3821,4311,980,0,
08-01 00:48:11.239 E/pageboostd( 5725): alp start : app comkitaabaiapp
08-01 00:48:11.240 E/pageboostd( 5725): comkitaabaiapp, amt 0 scnt 0 fcnt 0
08-01 00:48:11.240 E/pageboostd( 5725): comkitaabaiapp, amt 0 scnt 0 fcnt 0
08-01 00:48:11.240 E/pageboostd( 5725): alp end : app comkitaabaiapp data_amount 0
08-01 00:48:11.258 E/NativeCustomFrequencyManager( 2198): [NativeCFMS] BpCustomFrequencyManager::acquire()
08-01 00:48:11.300 E/pageboostd( 5725): Received HALT command code 2
08-01 00:48:11.304 E/HoneySpace.HotseatPot@157326920( 4932): Illegal access
08-01 00:48:11.309 E/SurfaceFlinger( 2198): alpha changed 1.000 -> 0.000 - Surface(name=Task=426#357803)/@0x1a0b06a_transition-leash#357809
08-01 00:48:11.334 E/SurfaceFlinger( 2198): alpha changed 0.000 -> 0.681 - Surface(name=Task=426#357803)/@0x1a0b06a_transition-leash#357809
08-01 00:48:11.718 E/Adreno-AppProfiles(23187): QSPM AIDL service doesn't exist
08-01 00:48:11.726 E/ashmem  (23187): Pinning is deprecated since Android Q. Please use trim or other methods.
08-01 00:48:11.822 E/WindowManager(23187): Couldn't add view: android.widget.PopupWindow$PopupDecorView{aa715e5 V.E...... R.....I. 0,0-0,0}
08-01 00:48:11.822 E/WindowManager(23187): android.view.WindowManager$BadTokenException: Unable to add window -- token null is not valid; is your activity running?
08-01 00:48:11.822 E/WindowManager(23187): 	at android.view.ViewRootImpl.setView(ViewRootImpl.java:2053)
08-01 00:48:11.822 E/WindowManager(23187): 	at android.view.WindowManagerGlobal.addView(WindowManagerGlobal.java:606)
08-01 00:48:11.822 E/WindowManager(23187): 	at android.view.WindowManagerImpl.addView(WindowManagerImpl.java:167)
08-01 00:48:11.822 E/WindowManager(23187): 	at android.widget.PopupWindow.invokePopup(PopupWindow.java:1686)
08-01 00:48:11.822 E/WindowManager(23187): 	at android.widget.PopupWindow.showAtLocation(PopupWindow.java:1412)
08-01 00:48:11.822 E/WindowManager(23187): 	at android.widget.PopupWindow.showAtLocation(PopupWindow.java:1378)
08-01 00:48:11.822 E/WindowManager(23187): 	at com.facebook.react.devsupport.DefaultDevLoadingViewImplementation.showInternal(DefaultDevLoadingViewImplementation.kt:149)
08-01 00:48:11.822 E/WindowManager(23187): 	at com.facebook.react.devsupport.DefaultDevLoadingViewImplementation.showMessage$lambda$0(DefaultDevLoadingViewImplementation.kt:50)
08-01 00:48:11.822 E/WindowManager(23187): 	at com.facebook.react.devsupport.DefaultDevLoadingViewImplementation.$r8$lambda$rdWVX5QrGUmEjCcjBrWuy86IyRY(DefaultDevLoadingViewImplementation.kt:0)
08-01 00:48:11.822 E/WindowManager(23187): 	at com.facebook.react.devsupport.DefaultDevLoadingViewImplementation$$ExternalSyntheticLambda4.run(D8$$SyntheticClass:0)
08-01 00:48:11.822 E/WindowManager(23187): 	at android.os.Handler.handleCallback(Handler.java:1070)
08-01 00:48:11.822 E/WindowManager(23187): 	at android.os.Handler.dispatchMessage(Handler.java:125)
08-01 00:48:11.822 E/WindowManager(23187): 	at android.os.Looper.dispatchMessage(Looper.java:358)
08-01 00:48:11.822 E/WindowManager(23187): 	at android.os.Looper.loopOnce(Looper.java:288)
08-01 00:48:11.822 E/WindowManager(23187): 	at android.os.Looper.loop(Looper.java:392)
08-01 00:48:11.822 E/WindowManager(23187): 	at android.app.ActivityThread.main(ActivityThread.java:10346)
08-01 00:48:11.822 E/WindowManager(23187): 	at java.lang.reflect.Method.invoke(Native Method)
08-01 00:48:11.822 E/WindowManager(23187): 	at com.android.internal.os.RuntimeInit$MethodAndArgsCaller.run(RuntimeInit.java:638)
08-01 00:48:11.822 E/WindowManager(23187): 	at com.android.internal.os.ZygoteInit.main(ZygoteInit.java:972)
08-01 00:48:11.824 E/unknown:ReactNative(23187): Unable to display loading message because react activity isn't active, message: Loading from localhost:8081…
08-01 00:48:11.828 E/WindowManager(23187): Couldn't add view: android.widget.PopupWindow$PopupDecorView{cda6d5b V.E...... R.....I. 0,0-0,0}
08-01 00:48:11.828 E/WindowManager(23187): android.view.WindowManager$BadTokenException: Unable to add window -- token null is not valid; is your activity running?
08-01 00:48:11.828 E/WindowManager(23187): 	at android.view.ViewRootImpl.setView(ViewRootImpl.java:2053)
08-01 00:48:11.828 E/WindowManager(23187): 	at android.view.WindowManagerGlobal.addView(WindowManagerGlobal.java:606)
08-01 00:48:11.828 E/WindowManager(23187): 	at android.view.WindowManagerImpl.addView(WindowManagerImpl.java:167)
08-01 00:48:11.828 E/WindowManager(23187): 	at android.widget.PopupWindow.invokePopup(PopupWindow.java:1686)
08-01 00:48:11.828 E/WindowManager(23187): 	at android.widget.PopupWindow.showAtLocation(PopupWindow.java:1412)
08-01 00:48:11.828 E/WindowManager(23187): 	at android.widget.PopupWindow.showAtLocation(PopupWindow.java:1378)
08-01 00:48:11.828 E/WindowManager(23187): 	at com.facebook.react.devsupport.DefaultDevLoadingViewImplementation.showInternal(DefaultDevLoadingViewImplementation.kt:149)
08-01 00:48:11.828 E/WindowManager(23187): 	at com.facebook.react.devsupport.DefaultDevLoadingViewImplementation.showMessage$lambda$0(DefaultDevLoadingViewImplementation.kt:50)
08-01 00:48:11.828 E/WindowManager(23187): 	at com.facebook.react.devsupport.DefaultDevLoadingViewImplementation.$r8$lambda$rdWVX5QrGUmEjCcjBrWuy86IyRY(DefaultDevLoadingViewImplementation.kt:0)
08-01 00:48:11.828 E/WindowManager(23187): 	at com.facebook.react.devsupport.DefaultDevLoadingViewImplementation$$ExternalSyntheticLambda4.run(D8$$SyntheticClass:0)
08-01 00:48:11.828 E/WindowManager(23187): 	at android.os.Handler.handleCallback(Handler.java:1070)
08-01 00:48:11.828 E/WindowManager(23187): 	at android.os.Handler.dispatchMessage(Handler.java:125)
08-01 00:48:11.828 E/WindowManager(23187): 	at android.os.Looper.dispatchMessage(Looper.java:358)
08-01 00:48:11.828 E/WindowManager(23187): 	at android.os.Looper.loopOnce(Looper.java:288)
08-01 00:48:11.828 E/WindowManager(23187): 	at android.os.Looper.loop(Looper.java:392)
08-01 00:48:11.828 E/WindowManager(23187): 	at android.app.ActivityThread.main(ActivityThread.java:10346)
08-01 00:48:11.828 E/WindowManager(23187): 	at java.lang.reflect.Method.invoke(Native Method)
08-01 00:48:11.828 E/WindowManager(23187): 	at com.android.internal.os.RuntimeInit$MethodAndArgsCaller.run(RuntimeInit.java:638)
08-01 00:48:11.828 E/WindowManager(23187): 	at com.android.internal.os.ZygoteInit.main(ZygoteInit.java:972)
08-01 00:48:11.830 E/unknown:ReactNative(23187): Unable to display loading message because react activity isn't active, message: Reloading...
08-01 00:48:11.837 E/BufferQueueProducer(23187): Unable to open libpenguin.so: dlopen failed: library "libpenguin.so" not found.
08-01 00:48:11.837 E/om.kitaabai.app(23187): Unable to open libpenguin.so: dlopen failed: library "libpenguin.so" not found.
08-01 00:48:11.848 E/pageboostd( 5725): Received HALT command code 2
08-01 00:48:11.865 E/unknown:ReactHost(23187): Unhandled SoftException
08-01 00:48:11.865 E/unknown:ReactHost(23187): com.facebook.react.bridge.ReactNoCrashSoftException: raiseSoftException(onWindowFocusChange(hasFocus = "true")): Tried to access onWindowFocusChange while context is not ready
08-01 00:48:11.865 E/unknown:ReactHost(23187): 	at com.facebook.react.runtime.ReactHostImpl.raiseSoftException(ReactHostImpl.kt:919)
08-01 00:48:11.865 E/unknown:ReactHost(23187): 	at com.facebook.react.runtime.ReactHostImpl.raiseSoftException$default(ReactHostImpl.kt:910)
08-01 00:48:11.865 E/unknown:ReactHost(23187): 	at com.facebook.react.runtime.ReactHostImpl.onWindowFocusChange(ReactHostImpl.kt:682)
08-01 00:48:11.865 E/unknown:ReactHost(23187): 	at com.facebook.react.ReactDelegate.onWindowFocusChanged(ReactDelegate.kt:229)
08-01 00:48:11.865 E/unknown:ReactHost(23187): 	at com.facebook.react.ReactActivityDelegate.onWindowFocusChanged(ReactActivityDelegate.java:235)
08-01 00:48:11.865 E/unknown:ReactHost(23187): 	at expo.modules.ReactActivityDelegateWrapper$onWindowFocusChanged$1.invokeSuspend(ReactActivityDelegateWrapper.kt:320)
08-01 00:48:11.865 E/unknown:ReactHost(23187): 	at expo.modules.ReactActivityDelegateWrapper$onWindowFocusChanged$1.invoke(ReactActivityDelegateWrapper.kt:8)
08-01 00:48:11.865 E/unknown:ReactHost(23187): 	at expo.modules.ReactActivityDelegateWrapper$onWindowFocusChanged$1.invoke(ReactActivityDelegateWrapper.kt:4)
08-01 00:48:11.865 E/unknown:ReactHost(23187): 	at expo.modules.ReactActivityDelegateWrapper$launchLifecycleScopeWithLock$1.invokeSuspend(ReactActivityDelegateWrapper.kt:452)
08-01 00:48:11.865 E/unknown:ReactHost(23187): 	at kotlin.coroutines.jvm.internal.BaseContinuationImpl.resumeWith(ContinuationImpl.kt:34)
08-01 00:48:11.865 E/unknown:ReactHost(23187): 	at kotlinx.coroutines.internal.DispatchedContinuationKt.resumeCancellableWith(DispatchedContinuation.kt:375)
08-01 00:48:11.865 E/unknown:ReactHost(23187): 	at kotlinx.coroutines.intrinsics.CancellableKt.startCoroutineCancellable(Cancellable.kt:26)
08-01 00:48:11.865 E/unknown:ReactHost(23187): 	at kotlinx.coroutines.CoroutineStart.invoke(CoroutineStart.kt:358)
08-01 00:48:11.865 E/unknown:ReactHost(23187): 	at kotlinx.coroutines.AbstractCoroutine.start(AbstractCoroutine.kt:134)
08-01 00:48:11.865 E/unknown:ReactHost(23187): 	at kotlinx.coroutines.BuildersKt__Builders_commonKt.launch(Builders.common.kt:53)
08-01 00:48:11.865 E/unknown:ReactHost(23187): 	at kotlinx.coroutines.BuildersKt.launch(dex-id-6c95318d9cfb6b1d6005fa40566d7dcd95997320:1)
08-01 00:48:11.865 E/unknown:ReactHost(23187): 	at kotlinx.coroutines.BuildersKt__Builders_commonKt.launch$default(Builders.common.kt:44)
08-01 00:48:11.865 E/unknown:ReactHost(23187): 	at kotlinx.coroutines.BuildersKt.launch$default(dex-id-6c95318d9cfb6b1d6005fa40566d7dcd95997320:1)
08-01 00:48:11.865 E/unknown:ReactHost(23187): 	at expo.modules.ReactActivityDelegateWrapper.launchLifecycleScopeWithLock(ReactActivityDelegateWrapper.kt:450)
08-01 00:48:11.865 E/unknown:ReactHost(23187): 	at expo.modules.ReactActivityDelegateWrapper.launchLifecycleScopeWithLock$default(ReactActivityDelegateWrapper.kt:446)
08-01 00:48:11.865 E/unknown:ReactHost(23187): 	at expo.modules.ReactActivityDelegateWrapper.onWindowFocusChanged(ReactActivityDelegateWrapper.kt:318)
08-01 00:48:11.865 E/unknown:ReactHost(23187): 	at com.facebook.react.ReactActivity.onWindowFocusChanged(ReactActivity.java:161)
08-01 00:48:11.865 E/unknown:ReactHost(23187): 	at androidx.appcompat.view.WindowCallbackWrapper.onWindowFocusChanged(WindowCallbackWrapper.java:124)
08-01 00:48:11.865 E/unknown:ReactHost(23187): 	at com.android.internal.policy.DecorView.onWindowFocusChanged(DecorView.java:2827)
08-01 00:48:11.865 E/unknown:ReactHost(23187): 	at android.view.View.dispatchWindowFocusChanged(View.java:17901)
08-01 00:48:11.865 E/unknown:ReactHost(23187): 	at android.view.ViewGroup.dispatchWindowFocusChanged(ViewGroup.java:1631)
08-01 00:48:11.865 E/unknown:ReactHost(23187): 	at android.view.ViewRootImpl.dispatchFocusEvent(ViewRootImpl.java:6037)
08-01 00:48:11.865 E/unknown:ReactHost(23187): 	at android.view.ViewRootImpl.handleWindowFocusChanged(ViewRootImpl.java:5920)
08-01 00:48:11.865 E/unknown:ReactHost(23187): 	at android.view.ViewRootImpl.-$$Nest$mhandleWindowFocusChanged(ViewRootImpl.java:0)
08-01 00:48:11.865 E/unknown:ReactHost(23187): 	at android.view.ViewRootImpl$ViewRootHandler.handleMessageImpl(ViewRootImpl.java:8475)
08-01 00:48:11.865 E/unknown:ReactHost(23187): 	at android.view.ViewRootImpl$ViewRootHandler.handleMessage(ViewRootImpl.java:8383)
08-01 00:48:11.865 E/unknown:ReactHost(23187): 	at android.os.Handler.dispatchMessage(Handler.java:132)
08-01 00:48:11.865 E/unknown:ReactHost(23187): 	at android.os.Looper.dispatchMessage(Looper.java:358)
08-01 00:48:11.865 E/unknown:ReactHost(23187): 	at android.os.Looper.loopOnce(Looper.java:288)
08-01 00:48:11.865 E/unknown:ReactHost(23187): 	at android.os.Looper.loop(Looper.java:392)
08-01 00:48:11.865 E/unknown:ReactHost(23187): 	at android.app.ActivityThread.main(ActivityThread.java:10346)
08-01 00:48:11.865 E/unknown:ReactHost(23187): 	at java.lang.reflect.Method.invoke(Native Method)
08-01 00:48:11.865 E/unknown:ReactHost(23187): 	at com.android.internal.os.RuntimeInit$MethodAndArgsCaller.run(RuntimeInit.java:638)
08-01 00:48:11.865 E/unknown:ReactHost(23187): 	at com.android.internal.os.ZygoteInit.main(ZygoteInit.java:972)
08-01 00:48:11.883 E/SurfaceFlinger( 2198): alpha changed 1.000 -> 0.000 - Surface(name=36d3d2e InputMethod#306690)/@0xba43165 - animation-leash of insets_animation#357819
08-01 00:48:11.994 E/WindowManager( 3093): win=Window{1e1062b u0 com.sec.android.app.launcher/com.sec.android.app.launcher.activities.LauncherActivity} destroySurfaces: appStopped=true cleanupOnResume=false win.mWindowRemovalAllowed=false win.mRemoveOnExit=false win.mViewVisibility=8 caller=com.android.server.wm.ActivityRecord.destroySurfaces:24 com.android.server.wm.ActivityRecord.activityStopped:209 com.android.server.wm.ActivityClientController.activityStopped:102 android.app.IActivityClientController$Stub.onTransact:829 com.android.server.wm.ActivityClientController.onTransact:1 android.os.Binder.execTransactInternal:1514 android.os.Binder.execTransact:1454 
08-01 00:48:12.201 E/AndroidRuntime(23187): FATAL EXCEPTION: pool-4-thread-1
08-01 00:48:12.201 E/AndroidRuntime(23187): Process: com.kitaabai.app, PID: 23187
08-01 00:48:12.201 E/AndroidRuntime(23187): java.lang.UnsatisfiedLinkError: dlopen failed: cannot locate symbol "_ZNKR8facebook3jsi5Value8asObjectERNS0_7RuntimeE" referenced by "/data/app/~~CSWjVWTBrHjlcCkMJxZ9Yg==/com.kitaabai.app-5rcHYfnSVB4FEOcekHlcBg==/base.apk!/lib/arm64-v8a/libexpo-av.so"...
08-01 00:48:12.201 E/AndroidRuntime(23187): 	at java.lang.Runtime.loadLibrary0(Runtime.java:1111)
08-01 00:48:12.201 E/AndroidRuntime(23187): 	at java.lang.Runtime.loadLibrary0(Runtime.java:1033)
08-01 00:48:12.201 E/AndroidRuntime(23187): 	at java.lang.System.loadLibrary(System.java:1765)
08-01 00:48:12.201 E/AndroidRuntime(23187): 	at expo.modules.av.AVManager.<clinit>(AVManager.java:56)
08-01 00:48:12.201 E/AndroidRuntime(23187): 	at expo.modules.av.AVPackage.createInternalModules(AVPackage.java:16)
08-01 00:48:12.201 E/AndroidRuntime(23187): 	at expo.modules.adapters.react.ReactModuleRegistryProvider.get(ReactModuleRegistryProvider.java:47)
08-01 00:48:12.201 E/AndroidRuntime(23187): 	at expo.modules.adapters.react.ModuleRegistryAdapter.getOrCreateNativeModulesProxy(ModuleRegistryAdapter.java:136)
08-01 00:48:12.201 E/AndroidRuntime(23187): 	at expo.modules.adapters.react.ModuleRegistryAdapter.createNativeModules(ModuleRegistryAdapter.java:65)
08-01 00:48:12.201 E/AndroidRuntime(23187): 	at expo.modules.ExpoModulesPackage.createNativeModules(ExpoModulesPackage.kt:35)
08-01 00:48:12.201 E/AndroidRuntime(23187): 	at com.facebook.react.ReactPackageTurboModuleManagerDelegate.initialize(ReactPackageTurboModuleManagerDelegate.kt:64)
08-01 00:48:12.201 E/AndroidRuntime(23187): 	at com.facebook.react.ReactPackageTurboModuleManagerDelegate.<init>(ReactPackageTurboModuleManagerDelegate.kt:42)
08-01 00:48:12.201 E/AndroidRuntime(23187): 	at com.facebook.react.defaults.DefaultTurboModuleManagerDelegate.<init>(DefaultTurboModuleManagerDelegate.kt:35)
08-01 00:48:12.201 E/AndroidRuntime(23187): 	at com.facebook.react.defaults.DefaultTurboModuleManagerDelegate.<init>(DefaultTurboModuleManagerDelegate.kt:0)
08-01 00:48:12.201 E/AndroidRuntime(23187): 	at com.facebook.react.defaults.DefaultTurboModuleManagerDelegate$Builder.build(DefaultTurboModuleManagerDelegate.kt:63)
08-01 00:48:12.201 E/AndroidRuntime(23187): 	at com.facebook.react.defaults.DefaultTurboModuleManagerDelegate$Builder.build(DefaultTurboModuleManagerDelegate.kt:43)
08-01 00:48:12.201 E/AndroidRuntime(23187): 	at com.facebook.react.ReactPackageTurboModuleManagerDelegate$Builder.build(ReactPackageTurboModuleManagerDelegate.kt:222)
08-01 00:48:12.201 E/AndroidRuntime(23187): 	at com.facebook.react.runtime.ReactInstance.<init>(ReactInstance.kt:183)
08-01 00:48:12.201 E/AndroidRuntime(23187): 	at com.facebook.react.runtime.ReactHostImpl.getOrCreateReactInstanceTask$lambda$45$lambda$41(ReactHostImpl.kt:1052)
08-01 00:48:12.201 E/AndroidRuntime(23187): 	at com.facebook.react.runtime.ReactHostImpl.$r8$lambda$SmdYI7igN6ETqUXjl3FigYM4DHc(ReactHostImpl.kt:0)
08-01 00:48:12.201 E/AndroidRuntime(23187): 	at com.facebook.react.runtime.ReactHostImpl$$ExternalSyntheticLambda43.then(D8$$SyntheticClass:0)
08-01 00:48:12.201 E/AndroidRuntime(23187): 	at com.facebook.react.runtime.internal.bolts.Task$Companion.completeImmediately$lambda$3(Task.kt:360)
08-01 00:48:12.201 E/AndroidRuntime(23187): 	at com.facebook.react.runtime.internal.bolts.Task$Companion.$r8$lambda$b7MTC0ufkn_2TjF4BGcNqGR9qK0(Task.kt:0)
08-01 00:48:12.201 E/AndroidRuntime(23187): 	at com.facebook.react.runtime.internal.bolts.Task$Companion$$ExternalSyntheticLambda3.run(D8$$SyntheticClass:0)
08-01 00:48:12.201 E/AndroidRuntime(23187): 	at com.facebook.react.runtime.internal.bolts.Executors$ImmediateExecutor.execute(Executors.kt:41)
08-01 00:48:12.201 E/AndroidRuntime(23187): 	at com.facebook.react.runtime.internal.bolts.Task$Companion.completeImmediately(Task.kt:358)
08-01 00:48:12.201 E/AndroidRuntime(23187): 	at com.facebook.react.runtime.internal.bolts.Task$Companion.access$completeImmediately(Task.kt:254)
08-01 00:48:12.201 E/AndroidRuntime(23187): 	at com.facebook.react.runtime.internal.bolts.Task.continueWith(Task.kt:133)
08-01 00:48:12.201 E/AndroidRuntime(23187): 	at com.facebook.react.runtime.internal.bolts.Task.continueWith$default(Task.kt:117)
08-01 00:48:12.201 E/AndroidRuntime(23187): 	at com.facebook.react.runtime.internal.bolts.Task.onSuccess$lambda$12(Task.kt:176)
08-01 00:48:12.201 E/AndroidRuntime(23187): 	at com.facebook.react.runtime.internal.bolts.Task.$r8$lambda$l0wwo5AvbHxlwfI1R7CH_codxoo(Task.kt:0)
08-01 00:48:12.201 E/AndroidRuntime(23187): 	at com.facebook.react.runtime.internal.bolts.Task$$ExternalSyntheticLambda2.then(D8$$SyntheticClass:0)
08-01 00:48:12.201 E/AndroidRuntime(23187): 	at com.facebook.react.runtime.internal.bolts.Task$Companion.completeAfterTask$lambda$5(Task.kt:394)
08-01 00:48:12.201 E/AndroidRuntime(23187): 	at com.facebook.react.runtime.internal.bolts.Task$Companion.$r8$lambda$IPpysnehFwANEiW061YzapkMdoE(Task.kt:0)
08-01 00:48:12.201 E/AndroidRuntime(23187): 	at com.facebook.react.runtime.internal.bolts.Task$Companion$$ExternalSyntheticLambda4.run(D8$$SyntheticClass:0)
08-01 00:48:12.201 E/AndroidRuntime(23187): 	at java.util.concurrent.ThreadPoolExecutor.runWorker(ThreadPoolExecutor.java:1100)
08-01 00:48:12.201 E/AndroidRuntime(23187): 	at java.util.concurrent.ThreadPoolExecutor$Worker.run(ThreadPoolExecutor.java:624)
08-01 00:48:12.201 E/AndroidRuntime(23187): 	at java.lang.Thread.run(Thread.java:1572)
08-01 00:48:12.222 E/ActivityManager( 3093): Sending non-protected broadcast com.sec.android.intent.action.APP_HQM_SEND_REQ from system 5654:com.sec.android.diagmonagent/1000 pkg com.sec.android.diagmonagent
08-01 00:48:12.222 E/ActivityManager( 3093): java.lang.Throwable
08-01 00:48:12.222 E/ActivityManager( 3093): 	at com.android.server.am.BroadcastController.checkBroadcastFromSystem(qb/111684928 8a2772898477f7cc112f6ac514b611258fb1e5c3f2206b0d202f25701684a852:252)
08-01 00:48:12.222 E/ActivityManager( 3093): 	at com.android.server.am.BroadcastController.broadcastIntentLockedTraced(qb/111684928 8a2772898477f7cc112f6ac514b611258fb1e5c3f2206b0d202f25701684a852:355)
08-01 00:48:12.222 E/ActivityManager( 3093): 	at com.android.server.am.BroadcastController.broadcastIntentLocked(qb/111684928 8a2772898477f7cc112f6ac514b611258fb1e5c3f2206b0d202f25701684a852:22)
08-01 00:48:12.222 E/ActivityManager( 3093): 	at com.android.server.am.ActivityManagerService.broadcastIntentWithFeature(qb/111684928 8a2772898477f7cc112f6ac514b611258fb1e5c3f2206b0d202f25701684a852:106)
08-01 00:48:12.222 E/ActivityManager( 3093): 	at android.app.IActivityManager$Stub.onTransact$broadcastIntentWithFeature$(IActivityManager.java:12564)
08-01 00:48:12.222 E/ActivityManager( 3093): 	at android.app.IActivityManager$Stub.onTransact(IActivityManager.java:3278)
08-01 00:48:12.222 E/ActivityManager( 3093): 	at com.android.server.am.ActivityManagerService.onTransact(qb/111684928 8a2772898477f7cc112f6ac514b611258fb1e5c3f2206b0d202f25701684a852:426)
08-01 00:48:12.222 E/ActivityManager( 3093): 	at android.os.Binder.execTransactInternal(Binder.java:1509)
08-01 00:48:12.222 E/ActivityManager( 3093): 	at android.os.Binder.execTransact(Binder.java:1454)
08-01 00:48:12.232 E/ANDR-PERF-UTIL( 2062): ANDR-PERF-UTIL: change_node_val() 319: Failed to update node /proc/sys/walt/sched_low_latency with value 23219 0
08-01 00:48:12.232 E/HYPER-HAL( 2868): [HandlerUClamp.cpp]set_uclamp_min(): sched_setattr failed for thread 23243, err = -1
08-01 00:48:12.232 E/HYPER-HAL( 2868): [HandlerUClamp.cpp]set_uclamp_min(): sched_setattr failed for thread 23244, err = -1
08-01 00:48:12.232 E/ANDR-PERF-OPTSHANDLER( 2062): ANDR-PERF-OPTSHANDLER: sched_reset_low_latency() 3683: can't reset low latency for tid 23219
08-01 00:48:12.232 E/HYPER-HAL( 2868): [HandlerUClamp.cpp]set_uclamp_min(): sched_setattr failed for thread 23187, err = -1
08-01 00:48:12.232 E/HYPER-HAL( 2868): [HandlerUClamp.cpp]set_uclamp_min(): sched_setattr failed for thread 23219, err = -1
08-01 00:48:12.232 E/ANDR-PERF-RESOURCEQS( 2062): ANDR-PERF-RESOURCEQS: RemovePendingRequest() 434: Failed to reset optimization [3, 52]
08-01 00:48:12.232 E/ANDR-PERF-UTIL( 2062): ANDR-PERF-UTIL: change_node_val() 319: Failed to update node /proc/sys/walt/sched_low_latency with value 23187 0
08-01 00:48:12.232 E/ANDR-PERF-OPTSHANDLER( 2062): ANDR-PERF-OPTSHANDLER: sched_reset_low_latency() 3683: can't reset low latency for tid 23187
08-01 00:48:12.232 E/ANDR-PERF-RESOURCEQS( 2062): ANDR-PERF-RESOURCEQS: RemovePendingRequest() 434: Failed to reset optimization [3, 52]
08-01 00:48:12.232 E/HYPER-HAL( 2868): [HandlerUClamp.cpp]set_uclamp_min(): sched_setattr failed for thread 23243, err = -1
08-01 00:48:12.232 E/HYPER-HAL( 2868): [HandlerUClamp.cpp]set_uclamp_min(): sched_setattr failed for thread 23244, err = -1
08-01 00:48:12.232 E/HYPER-HAL( 2868): [HandlerUClamp.cpp]set_uclamp_min(): sched_setattr failed for thread 23187, err = -1
08-01 00:48:12.232 E/ANDR-PERF-UTIL( 2062): ANDR-PERF-UTIL: change_node_val() 319: Failed to update node /proc/sys/walt/sched_low_latency with value 23244 0
08-01 00:48:12.232 E/HYPER-HAL( 2868): [HandlerUClamp.cpp]set_uclamp_min(): sched_setattr failed for thread 23219, err = -1
08-01 00:48:12.232 E/ANDR-PERF-OPTSHANDLER( 2062): ANDR-PERF-OPTSHANDLER: sched_reset_low_latency() 3683: can't reset low latency for tid 23244
08-01 00:48:12.232 E/ANDR-PERF-RESOURCEQS( 2062): ANDR-PERF-RESOURCEQS: RemovePendingRequest() 434: Failed to reset optimization [3, 52]
08-01 00:48:12.232 E/ANDR-PERF-UTIL( 2062): ANDR-PERF-UTIL: change_node_val() 319: Failed to update node /proc/sys/walt/sched_low_latency with value 23243 0
08-01 00:48:12.232 E/ANDR-PERF-OPTSHANDLER( 2062): ANDR-PERF-OPTSHANDLER: sched_reset_low_latency() 3683: can't reset low latency for tid 23243
08-01 00:48:12.232 E/ANDR-PERF-RESOURCEQS( 2062): ANDR-PERF-RESOURCEQS: RemovePendingRequest() 434: Failed to reset optimization [3, 52]
08-01 00:48:12.233 E/ANDR-PERF-UTIL( 2062): ANDR-PERF-UTIL: change_node_val() 319: Failed to update node /proc/sys/walt/sched_low_latency with value 23219 0
08-01 00:48:12.233 E/ANDR-PERF-OPTSHANDLER( 2062): ANDR-PERF-OPTSHANDLER: sched_reset_low_latency() 3683: can't reset low latency for tid 23219
08-01 00:48:12.233 E/ANDR-PERF-RESOURCEQS( 2062): ANDR-PERF-RESOURCEQS: RemovePendingRequest() 434: Failed to reset optimization [3, 52]
08-01 00:48:12.233 E/ANDR-PERF-UTIL( 2062): ANDR-PERF-UTIL: change_node_val() 319: Failed to update node /proc/sys/walt/sched_low_latency with value 23187 0
08-01 00:48:12.233 E/ANDR-PERF-OPTSHANDLER( 2062): ANDR-PERF-OPTSHANDLER: sched_reset_low_latency() 3683: can't reset low latency for tid 23187
08-01 00:48:12.233 E/ANDR-PERF-RESOURCEQS( 2062): ANDR-PERF-RESOURCEQS: RemovePendingRequest() 434: Failed to reset optimization [3, 52]
08-01 00:48:12.233 E/ANDR-PERF-UTIL( 2062): ANDR-PERF-UTIL: change_node_val() 319: Failed to update node /proc/sys/walt/sched_low_latency with value 23244 0
08-01 00:48:12.233 E/ANDR-PERF-OPTSHANDLER( 2062): ANDR-PERF-OPTSHANDLER: sched_reset_low_latency() 3683: can't reset low latency for tid 23244
08-01 00:48:12.233 E/ANDR-PERF-RESOURCEQS( 2062): ANDR-PERF-RESOURCEQS: RemovePendingRequest() 434: Failed to reset optimization [3, 52]
08-01 00:48:12.233 E/ANDR-PERF-UTIL( 2062): ANDR-PERF-UTIL: change_node_val() 319: Failed to update node /proc/sys/walt/sched_low_latency with value 23243 0
08-01 00:48:12.233 E/ANDR-PERF-OPTSHANDLER( 2062): ANDR-PERF-OPTSHANDLER: sched_reset_low_latency() 3683: can't reset low latency for tid 23243
08-01 00:48:12.233 E/ANDR-PERF-RESOURCEQS( 2062): ANDR-PERF-RESOURCEQS: RemovePendingRequest() 434: Failed to reset optimization [3, 52]
08-01 00:48:12.233 E/HYPER-HAL( 2868): [HandlerUClamp.cpp]set_uclamp_min(): sched_setattr failed for thread 23243, err = -1
08-01 00:48:12.233 E/HYPER-HAL( 2868): [HandlerUClamp.cpp]set_uclamp_min(): sched_setattr failed for thread 23244, err = -1
08-01 00:48:12.233 E/HYPER-HAL( 2868): [HandlerUClamp.cpp]set_uclamp_min(): sched_setattr failed for thread 23187, err = -1
08-01 00:48:12.233 E/HYPER-HAL( 2868): [HandlerUClamp.cpp]set_uclamp_min(): sched_setattr failed for thread 23219, err = -1
08-01 00:48:12.233 E/HYPER-HAL( 2868): [HandlerUClamp.cpp]set_uclamp_min(): sched_setattr failed for thread 23243, err = -1
08-01 00:48:12.233 E/HYPER-HAL( 2868): [HandlerUClamp.cpp]set_uclamp_min(): sched_setattr failed for thread 23244, err = -1
08-01 00:48:12.233 E/HYPER-HAL( 2868): [HandlerUClamp.cpp]set_uclamp_min(): sched_setattr failed for thread 23187, err = -1
08-01 00:48:12.233 E/HYPER-HAL( 2868): [HandlerUClamp.cpp]set_uclamp_min(): sched_setattr failed for thread 23219, err = -1
08-01 00:48:12.233 E/HYPER-HAL( 2868): [HandlerUClamp.cpp]set_uclamp_min(): sched_setattr failed for thread 23243, err = -1
08-01 00:48:12.233 E/HYPER-HAL( 2868): [HandlerUClamp.cpp]set_uclamp_min(): sched_setattr failed for thread 23244, err = -1
08-01 00:48:12.233 E/HYPER-HAL( 2868): [HandlerUClamp.cpp]set_uclamp_min(): sched_setattr failed for thread 23187, err = -1
08-01 00:48:12.233 E/HYPER-HAL( 2868): [HandlerUClamp.cpp]set_uclamp_min(): sched_setattr failed for thread 23219, err = -1
08-01 00:48:12.233 E/HYPER-HAL( 2868): [HandlerUClamp.cpp]set_uclamp_min(): sched_setattr failed for thread 23243, err = -1
08-01 00:48:12.233 E/HYPER-HAL( 2868): [HandlerUClamp.cpp]set_uclamp_min(): sched_setattr failed for thread 23244, err = -1
08-01 00:48:12.233 E/HYPER-HAL( 2868): [HandlerUClamp.cpp]set_uclamp_min(): sched_setattr failed for thread 23187, err = -1
08-01 00:48:12.233 E/HYPER-HAL( 2868): [HandlerUClamp.cpp]set_uclamp_min(): sched_setattr failed for thread 23219, err = -1
08-01 00:48:12.234 E/ANDR-PERF-UTIL( 2062): ANDR-PERF-UTIL: change_node_val() 319: Failed to update node /proc/sys/walt/sched_low_latency with value 23219 0
08-01 00:48:12.234 E/ANDR-PERF-OPTSHANDLER( 2062): ANDR-PERF-OPTSHANDLER: sched_reset_low_latency() 3683: can't reset low latency for tid 23219
08-01 00:48:12.234 E/ANDR-PERF-RESOURCEQS( 2062): ANDR-PERF-RESOURCEQS: RemoveAndApply() 362: Failed to reset optimization [3, 52]
08-01 00:48:12.234 E/ANDR-PERF-UTIL( 2062): ANDR-PERF-UTIL: change_node_val() 319: Failed to update node /proc/sys/walt/sched_low_latency with value 23187 0
08-01 00:48:12.234 E/ANDR-PERF-OPTSHANDLER( 2062): ANDR-PERF-OPTSHANDLER: sched_reset_low_latency() 3683: can't reset low latency for tid 23187
08-01 00:48:12.234 E/ANDR-PERF-RESOURCEQS( 2062): ANDR-PERF-RESOURCEQS: RemoveAndApply() 362: Failed to reset optimization [3, 52]
08-01 00:48:12.234 E/ANDR-PERF-UTIL( 2062): ANDR-PERF-UTIL: change_node_val() 319: Failed to update node /proc/sys/walt/sched_low_latency with value 23244 0
08-01 00:48:12.234 E/ANDR-PERF-OPTSHANDLER( 2062): ANDR-PERF-OPTSHANDLER: sched_reset_low_latency() 3683: can't reset low latency for tid 23244
08-01 00:48:12.234 E/ANDR-PERF-RESOURCEQS( 2062): ANDR-PERF-RESOURCEQS: RemoveAndApply() 362: Failed to reset optimization [3, 52]
08-01 00:48:12.234 E/ANDR-PERF-UTIL( 2062): ANDR-PERF-UTIL: change_node_val() 319: Failed to update node /proc/sys/walt/sched_low_latency with value 23243 0
08-01 00:48:12.234 E/ANDR-PERF-OPTSHANDLER( 2062): ANDR-PERF-OPTSHANDLER: sched_reset_low_latency() 3683: can't reset low latency for tid 23243
08-01 00:48:12.234 E/ANDR-PERF-RESOURCEQS( 2062): ANDR-PERF-RESOURCEQS: RemoveAndApply() 362: Failed to reset optimization [3, 52]
08-01 00:48:12.237 E/HoneySpace.HotseatPot@157326920( 4932): Illegal access
08-01 00:48:12.247 E/PackageManager( 3093): replace res.nonLocalizedLabel(null) to newName(Cloudy) and activity.getPackageName() () UId(1000)
08-01 00:48:12.266 E/SurfaceFlinger( 2198): alpha changed 1.000 -> 0.000 - Surface(name=Task=1#306592)/@0x272e03b_transition-leash#357824
08-01 00:48:12.291 E/SurfaceFlinger( 2198): alpha changed 0.000 -> 1.000 - Surface(name=Task=1#306592)/@0x272e03b_transition-leash#357824
08-01 00:48:12.316 E/SurfaceFlinger( 2198): alpha changed 1.000 -> 0.000 - Surface(name=36d3d2e InputMethod#306690)/@0xba43165 - animation-leash of insets_animation#357827
08-01 00:48:12.491 E/SurfaceFlinger( 2198): alpha changed 0.006 -> 0.000 - Surface(name=Task=426#357803)/@0xb338cb1_transition-leash#357825
08-01 00:48:12.729 E/libbinder.IPCThreadState( 3093): Binder transaction failure. id: 397393907, cmd: BR_DEAD_REPLY (29189), error: -22 (Invalid argument)
08-01 00:48:12.749 E/BpTransactionCompletedListener( 2198): Failed to transact (-32)
08-01 00:48:13.706 E/ANDR-PERF-UTIL( 2062): ANDR-PERF-UTIL: change_node_val() 319: Failed to update node /proc/sys/walt/sched_per_task_boost with value 23187 0
08-01 00:48:13.706 E/ANDR-PERF-OPTSHANDLER( 2062): ANDR-PERF-OPTSHANDLER: sched_reset_task_boost() 3579: can't reset task 23187
08-01 00:48:13.706 E/ANDR-PERF-RESOURCEQS( 2062): ANDR-PERF-RESOURCEQS: RemoveAndApply() 380: Failed to reset optimization [3, 32]
08-01 00:48:14.855 E/Pageboost( 3093): ioinfo read failed
08-01 00:48:15.265 E/mAFPC_ABC( 3093): [READ] [TYPE : 0] saProcess : 0
08-01 00:48:15.313 E/TaskPersister( 3093): File error accessing recents directory (directory doesn't exist?).
08-01 00:48:15.313 E/TaskPersister( 3093): File error accessing recents directory (directory doesn't exist?).
08-01 00:48:15.313 E/TaskPersister( 3093): File error accessing recents directory (directory doesn't exist?).
08-01 00:48:15.313 E/TaskPersister( 3093): File error accessing recents directory (directory doesn't exist?).
08-01 00:48:16.298 E/Pageboost( 3093): StopRecording Failed
08-01 00:48:16.306 E/Pageboost( 3093): captureFinished fail
08-01 00:48:20.062 E/BatteryDump( 2074): !@new_battery_dump : 3897,1175,1225,3331,43,348,347,404,348,0,371,404,0,Charging,NO_CHARGING,Normal,Good,PDIC,0,Normal,0,0,9300,0x8000,0x10010000,0x0,0,0,0000,0000,00000000,0,0,0,0,539,3822,4318,980,0,
08-01 00:48:22.951 E/pageboostd( 5725): alp start : app comkitaabaiapp
08-01 00:48:22.952 E/pageboostd( 5725): comkitaabaiapp, amt 0 scnt 0 fcnt 0
08-01 00:48:22.952 E/pageboostd( 5725): comkitaabaiapp, amt 0 scnt 0 fcnt 0
08-01 00:48:22.952 E/pageboostd( 5725): alp end : app comkitaabaiapp data_amount 0
08-01 00:48:22.968 E/NativeCustomFrequencyManager( 2198): [NativeCFMS] BpCustomFrequencyManager::acquire()
08-01 00:48:23.004 E/pageboostd( 5725): Received HALT command code 2
08-01 00:48:23.005 E/HoneySpace.HotseatPot@157326920( 4932): Illegal access
08-01 00:48:23.014 E/SurfaceFlinger( 2198): alpha changed 1.000 -> 0.000 - Surface(name=Task=427#357829)/@0x804579b_transition-leash#357834
08-01 00:48:23.039 E/SurfaceFlinger( 2198): alpha changed 0.000 -> 0.698 - Surface(name=Task=427#357829)/@0x804579b_transition-leash#357834
08-01 00:48:23.453 E/Adreno-AppProfiles(23332): QSPM AIDL service doesn't exist
08-01 00:48:23.462 E/ashmem  (23332): Pinning is deprecated since Android Q. Please use trim or other methods.
08-01 00:48:23.556 E/WindowManager(23332): Couldn't add view: android.widget.PopupWindow$PopupDecorView{5ee48ba V.E...... R.....I. 0,0-0,0}
08-01 00:48:23.556 E/WindowManager(23332): android.view.WindowManager$BadTokenException: Unable to add window -- token null is not valid; is your activity running?
08-01 00:48:23.556 E/WindowManager(23332): 	at android.view.ViewRootImpl.setView(ViewRootImpl.java:2053)
08-01 00:48:23.556 E/WindowManager(23332): 	at android.view.WindowManagerGlobal.addView(WindowManagerGlobal.java:606)
08-01 00:48:23.556 E/WindowManager(23332): 	at android.view.WindowManagerImpl.addView(WindowManagerImpl.java:167)
08-01 00:48:23.556 E/WindowManager(23332): 	at android.widget.PopupWindow.invokePopup(PopupWindow.java:1686)
08-01 00:48:23.556 E/WindowManager(23332): 	at android.widget.PopupWindow.showAtLocation(PopupWindow.java:1412)
08-01 00:48:23.556 E/WindowManager(23332): 	at android.widget.PopupWindow.showAtLocation(PopupWindow.java:1378)
08-01 00:48:23.556 E/WindowManager(23332): 	at com.facebook.react.devsupport.DefaultDevLoadingViewImplementation.showInternal(DefaultDevLoadingViewImplementation.kt:149)
08-01 00:48:23.556 E/WindowManager(23332): 	at com.facebook.react.devsupport.DefaultDevLoadingViewImplementation.showMessage$lambda$0(DefaultDevLoadingViewImplementation.kt:50)
08-01 00:48:23.556 E/WindowManager(23332): 	at com.facebook.react.devsupport.DefaultDevLoadingViewImplementation.$r8$lambda$rdWVX5QrGUmEjCcjBrWuy86IyRY(DefaultDevLoadingViewImplementation.kt:0)
08-01 00:48:23.556 E/WindowManager(23332): 	at com.facebook.react.devsupport.DefaultDevLoadingViewImplementation$$ExternalSyntheticLambda4.run(D8$$SyntheticClass:0)
08-01 00:48:23.556 E/WindowManager(23332): 	at android.os.Handler.handleCallback(Handler.java:1070)
08-01 00:48:23.556 E/WindowManager(23332): 	at android.os.Handler.dispatchMessage(Handler.java:125)
08-01 00:48:23.556 E/WindowManager(23332): 	at android.os.Looper.dispatchMessage(Looper.java:358)
08-01 00:48:23.556 E/WindowManager(23332): 	at android.os.Looper.loopOnce(Looper.java:288)
08-01 00:48:23.556 E/WindowManager(23332): 	at android.os.Looper.loop(Looper.java:392)
08-01 00:48:23.556 E/WindowManager(23332): 	at android.app.ActivityThread.main(ActivityThread.java:10346)
08-01 00:48:23.556 E/WindowManager(23332): 	at java.lang.reflect.Method.invoke(Native Method)
08-01 00:48:23.556 E/WindowManager(23332): 	at com.android.internal.os.RuntimeInit$MethodAndArgsCaller.run(RuntimeInit.java:638)
08-01 00:48:23.556 E/WindowManager(23332): 	at com.android.internal.os.ZygoteInit.main(ZygoteInit.java:972)
08-01 00:48:23.559 E/unknown:ReactNative(23332): Unable to display loading message because react activity isn't active, message: Loading from localhost:8081…
08-01 00:48:23.566 E/BufferQueueProducer(23332): Unable to open libpenguin.so: dlopen failed: library "libpenguin.so" not found.
08-01 00:48:23.566 E/om.kitaabai.app(23332): Unable to open libpenguin.so: dlopen failed: library "libpenguin.so" not found.
08-01 00:48:23.577 E/pageboostd( 5725): Received HALT command code 2
08-01 00:48:23.595 E/unknown:ReactHost(23332): Unhandled SoftException
08-01 00:48:23.595 E/unknown:ReactHost(23332): com.facebook.react.bridge.ReactNoCrashSoftException: raiseSoftException(onWindowFocusChange(hasFocus = "true")): Tried to access onWindowFocusChange while context is not ready
08-01 00:48:23.595 E/unknown:ReactHost(23332): 	at com.facebook.react.runtime.ReactHostImpl.raiseSoftException(ReactHostImpl.kt:919)
08-01 00:48:23.595 E/unknown:ReactHost(23332): 	at com.facebook.react.runtime.ReactHostImpl.raiseSoftException$default(ReactHostImpl.kt:910)
08-01 00:48:23.595 E/unknown:ReactHost(23332): 	at com.facebook.react.runtime.ReactHostImpl.onWindowFocusChange(ReactHostImpl.kt:682)
08-01 00:48:23.595 E/unknown:ReactHost(23332): 	at com.facebook.react.ReactDelegate.onWindowFocusChanged(ReactDelegate.kt:229)
08-01 00:48:23.595 E/unknown:ReactHost(23332): 	at com.facebook.react.ReactActivityDelegate.onWindowFocusChanged(ReactActivityDelegate.java:235)
08-01 00:48:23.595 E/unknown:ReactHost(23332): 	at expo.modules.ReactActivityDelegateWrapper$onWindowFocusChanged$1.invokeSuspend(ReactActivityDelegateWrapper.kt:320)
08-01 00:48:23.595 E/unknown:ReactHost(23332): 	at expo.modules.ReactActivityDelegateWrapper$onWindowFocusChanged$1.invoke(ReactActivityDelegateWrapper.kt:8)
08-01 00:48:23.595 E/unknown:ReactHost(23332): 	at expo.modules.ReactActivityDelegateWrapper$onWindowFocusChanged$1.invoke(ReactActivityDelegateWrapper.kt:4)
08-01 00:48:23.595 E/unknown:ReactHost(23332): 	at expo.modules.ReactActivityDelegateWrapper$launchLifecycleScopeWithLock$1.invokeSuspend(ReactActivityDelegateWrapper.kt:452)
08-01 00:48:23.595 E/unknown:ReactHost(23332): 	at kotlin.coroutines.jvm.internal.BaseContinuationImpl.resumeWith(ContinuationImpl.kt:34)
08-01 00:48:23.595 E/unknown:ReactHost(23332): 	at kotlinx.coroutines.internal.DispatchedContinuationKt.resumeCancellableWith(DispatchedContinuation.kt:375)
08-01 00:48:23.595 E/unknown:ReactHost(23332): 	at kotlinx.coroutines.intrinsics.CancellableKt.startCoroutineCancellable(Cancellable.kt:26)
08-01 00:48:23.595 E/unknown:ReactHost(23332): 	at kotlinx.coroutines.CoroutineStart.invoke(CoroutineStart.kt:358)
08-01 00:48:23.595 E/unknown:ReactHost(23332): 	at kotlinx.coroutines.AbstractCoroutine.start(AbstractCoroutine.kt:134)
08-01 00:48:23.595 E/unknown:ReactHost(23332): 	at kotlinx.coroutines.BuildersKt__Builders_commonKt.launch(Builders.common.kt:53)
08-01 00:48:23.595 E/unknown:ReactHost(23332): 	at kotlinx.coroutines.BuildersKt.launch(dex-id-6c95318d9cfb6b1d6005fa40566d7dcd95997320:1)
08-01 00:48:23.595 E/unknown:ReactHost(23332): 	at kotlinx.coroutines.BuildersKt__Builders_commonKt.launch$default(Builders.common.kt:44)
08-01 00:48:23.595 E/unknown:ReactHost(23332): 	at kotlinx.coroutines.BuildersKt.launch$default(dex-id-6c95318d9cfb6b1d6005fa40566d7dcd95997320:1)
08-01 00:48:23.595 E/unknown:ReactHost(23332): 	at expo.modules.ReactActivityDelegateWrapper.launchLifecycleScopeWithLock(ReactActivityDelegateWrapper.kt:450)
08-01 00:48:23.595 E/unknown:ReactHost(23332): 	at expo.modules.ReactActivityDelegateWrapper.launchLifecycleScopeWithLock$default(ReactActivityDelegateWrapper.kt:446)
08-01 00:48:23.595 E/unknown:ReactHost(23332): 	at expo.modules.ReactActivityDelegateWrapper.onWindowFocusChanged(ReactActivityDelegateWrapper.kt:318)
08-01 00:48:23.595 E/unknown:ReactHost(23332): 	at com.facebook.react.ReactActivity.onWindowFocusChanged(ReactActivity.java:161)
08-01 00:48:23.595 E/unknown:ReactHost(23332): 	at androidx.appcompat.view.WindowCallbackWrapper.onWindowFocusChanged(WindowCallbackWrapper.java:124)
08-01 00:48:23.595 E/unknown:ReactHost(23332): 	at com.android.internal.policy.DecorView.onWindowFocusChanged(DecorView.java:2827)
08-01 00:48:23.595 E/unknown:ReactHost(23332): 	at android.view.View.dispatchWindowFocusChanged(View.java:17901)
08-01 00:48:23.595 E/unknown:ReactHost(23332): 	at android.view.ViewGroup.dispatchWindowFocusChanged(ViewGroup.java:1631)
08-01 00:48:23.595 E/unknown:ReactHost(23332): 	at android.view.ViewRootImpl.dispatchFocusEvent(ViewRootImpl.java:6037)
08-01 00:48:23.595 E/unknown:ReactHost(23332): 	at android.view.ViewRootImpl.handleWindowFocusChanged(ViewRootImpl.java:5920)
08-01 00:48:23.595 E/unknown:ReactHost(23332): 	at android.view.ViewRootImpl.-$$Nest$mhandleWindowFocusChanged(ViewRootImpl.java:0)
08-01 00:48:23.595 E/unknown:ReactHost(23332): 	at android.view.ViewRootImpl$ViewRootHandler.handleMessageImpl(ViewRootImpl.java:8475)
08-01 00:48:23.595 E/unknown:ReactHost(23332): 	at android.view.ViewRootImpl$ViewRootHandler.handleMessage(ViewRootImpl.java:8383)
08-01 00:48:23.595 E/unknown:ReactHost(23332): 	at android.os.Handler.dispatchMessage(Handler.java:132)
08-01 00:48:23.595 E/unknown:ReactHost(23332): 	at android.os.Looper.dispatchMessage(Looper.java:358)
08-01 00:48:23.595 E/unknown:ReactHost(23332): 	at android.os.Looper.loopOnce(Looper.java:288)
08-01 00:48:23.595 E/unknown:ReactHost(23332): 	at android.os.Looper.loop(Looper.java:392)
08-01 00:48:23.595 E/unknown:ReactHost(23332): 	at android.app.ActivityThread.main(ActivityThread.java:10346)
08-01 00:48:23.595 E/unknown:ReactHost(23332): 	at java.lang.reflect.Method.invoke(Native Method)
08-01 00:48:23.595 E/unknown:ReactHost(23332): 	at com.android.internal.os.RuntimeInit$MethodAndArgsCaller.run(RuntimeInit.java:638)
08-01 00:48:23.595 E/unknown:ReactHost(23332): 	at com.android.internal.os.ZygoteInit.main(ZygoteInit.java:972)
08-01 00:48:23.613 E/SurfaceFlinger( 2198): alpha changed 1.000 -> 0.000 - Surface(name=36d3d2e InputMethod#306690)/@0xba43165 - animation-leash of insets_animation#357845
08-01 00:48:23.692 E/WindowManager( 3093): win=Window{1e1062b u0 com.sec.android.app.launcher/com.sec.android.app.launcher.activities.LauncherActivity} destroySurfaces: appStopped=true cleanupOnResume=false win.mWindowRemovalAllowed=false win.mRemoveOnExit=false win.mViewVisibility=8 caller=com.android.server.wm.ActivityRecord.destroySurfaces:24 com.android.server.wm.ActivityRecord.activityStopped:209 com.android.server.wm.ActivityClientController.activityStopped:102 android.app.IActivityClientController$Stub.onTransact:829 com.android.server.wm.ActivityClientController.onTransact:1 android.os.Binder.execTransactInternal:1514 android.os.Binder.execTransact:1454 
08-01 00:48:23.920 E/AndroidRuntime(23332): FATAL EXCEPTION: pool-4-thread-1
08-01 00:48:23.920 E/AndroidRuntime(23332): Process: com.kitaabai.app, PID: 23332
08-01 00:48:23.920 E/AndroidRuntime(23332): java.lang.UnsatisfiedLinkError: dlopen failed: cannot locate symbol "_ZNKR8facebook3jsi5Value8asObjectERNS0_7RuntimeE" referenced by "/data/app/~~CSWjVWTBrHjlcCkMJxZ9Yg==/com.kitaabai.app-5rcHYfnSVB4FEOcekHlcBg==/base.apk!/lib/arm64-v8a/libexpo-av.so"...
08-01 00:48:23.920 E/AndroidRuntime(23332): 	at java.lang.Runtime.loadLibrary0(Runtime.java:1111)
08-01 00:48:23.920 E/AndroidRuntime(23332): 	at java.lang.Runtime.loadLibrary0(Runtime.java:1033)
08-01 00:48:23.920 E/AndroidRuntime(23332): 	at java.lang.System.loadLibrary(System.java:1765)
08-01 00:48:23.920 E/AndroidRuntime(23332): 	at expo.modules.av.AVManager.<clinit>(AVManager.java:56)
08-01 00:48:23.920 E/AndroidRuntime(23332): 	at expo.modules.av.AVPackage.createInternalModules(AVPackage.java:16)
08-01 00:48:23.920 E/AndroidRuntime(23332): 	at expo.modules.adapters.react.ReactModuleRegistryProvider.get(ReactModuleRegistryProvider.java:47)
08-01 00:48:23.920 E/AndroidRuntime(23332): 	at expo.modules.adapters.react.ModuleRegistryAdapter.getOrCreateNativeModulesProxy(ModuleRegistryAdapter.java:136)
08-01 00:48:23.920 E/AndroidRuntime(23332): 	at expo.modules.adapters.react.ModuleRegistryAdapter.createNativeModules(ModuleRegistryAdapter.java:65)
08-01 00:48:23.920 E/AndroidRuntime(23332): 	at expo.modules.ExpoModulesPackage.createNativeModules(ExpoModulesPackage.kt:35)
08-01 00:48:23.920 E/AndroidRuntime(23332): 	at com.facebook.react.ReactPackageTurboModuleManagerDelegate.initialize(ReactPackageTurboModuleManagerDelegate.kt:64)
08-01 00:48:23.920 E/AndroidRuntime(23332): 	at com.facebook.react.ReactPackageTurboModuleManagerDelegate.<init>(ReactPackageTurboModuleManagerDelegate.kt:42)
08-01 00:48:23.920 E/AndroidRuntime(23332): 	at com.facebook.react.defaults.DefaultTurboModuleManagerDelegate.<init>(DefaultTurboModuleManagerDelegate.kt:35)
08-01 00:48:23.920 E/AndroidRuntime(23332): 	at com.facebook.react.defaults.DefaultTurboModuleManagerDelegate.<init>(DefaultTurboModuleManagerDelegate.kt:0)
08-01 00:48:23.920 E/AndroidRuntime(23332): 	at com.facebook.react.defaults.DefaultTurboModuleManagerDelegate$Builder.build(DefaultTurboModuleManagerDelegate.kt:63)
08-01 00:48:23.920 E/AndroidRuntime(23332): 	at com.facebook.react.defaults.DefaultTurboModuleManagerDelegate$Builder.build(DefaultTurboModuleManagerDelegate.kt:43)
08-01 00:48:23.920 E/AndroidRuntime(23332): 	at com.facebook.react.ReactPackageTurboModuleManagerDelegate$Builder.build(ReactPackageTurboModuleManagerDelegate.kt:222)
08-01 00:48:23.920 E/AndroidRuntime(23332): 	at com.facebook.react.runtime.ReactInstance.<init>(ReactInstance.kt:183)
08-01 00:48:23.920 E/AndroidRuntime(23332): 	at com.facebook.react.runtime.ReactHostImpl.getOrCreateReactInstanceTask$lambda$45$lambda$41(ReactHostImpl.kt:1052)
08-01 00:48:23.920 E/AndroidRuntime(23332): 	at com.facebook.react.runtime.ReactHostImpl.$r8$lambda$SmdYI7igN6ETqUXjl3FigYM4DHc(ReactHostImpl.kt:0)
08-01 00:48:23.920 E/AndroidRuntime(23332): 	at com.facebook.react.runtime.ReactHostImpl$$ExternalSyntheticLambda43.then(D8$$SyntheticClass:0)
08-01 00:48:23.920 E/AndroidRuntime(23332): 	at com.facebook.react.runtime.internal.bolts.Task$Companion.completeImmediately$lambda$3(Task.kt:360)
08-01 00:48:23.920 E/AndroidRuntime(23332): 	at com.facebook.react.runtime.internal.bolts.Task$Companion.$r8$lambda$b7MTC0ufkn_2TjF4BGcNqGR9qK0(Task.kt:0)
08-01 00:48:23.920 E/AndroidRuntime(23332): 	at com.facebook.react.runtime.internal.bolts.Task$Companion$$ExternalSyntheticLambda3.run(D8$$SyntheticClass:0)
08-01 00:48:23.920 E/AndroidRuntime(23332): 	at com.facebook.react.runtime.internal.bolts.Executors$ImmediateExecutor.execute(Executors.kt:41)
08-01 00:48:23.920 E/AndroidRuntime(23332): 	at com.facebook.react.runtime.internal.bolts.Task$Companion.completeImmediately(Task.kt:358)
08-01 00:48:23.920 E/AndroidRuntime(23332): 	at com.facebook.react.runtime.internal.bolts.Task$Companion.access$completeImmediately(Task.kt:254)
08-01 00:48:23.920 E/AndroidRuntime(23332): 	at com.facebook.react.runtime.internal.bolts.Task.continueWith(Task.kt:133)
08-01 00:48:23.920 E/AndroidRuntime(23332): 	at com.facebook.react.runtime.internal.bolts.Task.continueWith$default(Task.kt:117)
08-01 00:48:23.920 E/AndroidRuntime(23332): 	at com.facebook.react.runtime.internal.bolts.Task.onSuccess$lambda$12(Task.kt:176)
08-01 00:48:23.920 E/AndroidRuntime(23332): 	at com.facebook.react.runtime.internal.bolts.Task.$r8$lambda$l0wwo5AvbHxlwfI1R7CH_codxoo(Task.kt:0)
08-01 00:48:23.920 E/AndroidRuntime(23332): 	at com.facebook.react.runtime.internal.bolts.Task$$ExternalSyntheticLambda2.then(D8$$SyntheticClass:0)
08-01 00:48:23.920 E/AndroidRuntime(23332): 	at com.facebook.react.runtime.internal.bolts.Task$Companion.completeAfterTask$lambda$5(Task.kt:394)
08-01 00:48:23.920 E/AndroidRuntime(23332): 	at com.facebook.react.runtime.internal.bolts.Task$Companion.$r8$lambda$IPpysnehFwANEiW061YzapkMdoE(Task.kt:0)
08-01 00:48:23.920 E/AndroidRuntime(23332): 	at com.facebook.react.runtime.internal.bolts.Task$Companion$$ExternalSyntheticLambda4.run(D8$$SyntheticClass:0)
08-01 00:48:23.920 E/AndroidRuntime(23332): 	at java.util.concurrent.ThreadPoolExecutor.runWorker(ThreadPoolExecutor.java:1100)
08-01 00:48:23.920 E/AndroidRuntime(23332): 	at java.util.concurrent.ThreadPoolExecutor$Worker.run(ThreadPoolExecutor.java:624)
08-01 00:48:23.920 E/AndroidRuntime(23332): 	at java.lang.Thread.run(Thread.java:1572)
08-01 00:48:23.946 E/ActivityManager( 3093): Sending non-protected broadcast com.sec.android.intent.action.APP_HQM_SEND_REQ from system 5654:com.sec.android.diagmonagent/1000 pkg com.sec.android.diagmonagent
08-01 00:48:23.946 E/ActivityManager( 3093): java.lang.Throwable
08-01 00:48:23.946 E/ActivityManager( 3093): 	at com.android.server.am.BroadcastController.checkBroadcastFromSystem(qb/111684928 8a2772898477f7cc112f6ac514b611258fb1e5c3f2206b0d202f25701684a852:252)
08-01 00:48:23.946 E/ActivityManager( 3093): 	at com.android.server.am.BroadcastController.broadcastIntentLockedTraced(qb/111684928 8a2772898477f7cc112f6ac514b611258fb1e5c3f2206b0d202f25701684a852:355)
08-01 00:48:23.946 E/ActivityManager( 3093): 	at com.android.server.am.BroadcastController.broadcastIntentLocked(qb/111684928 8a2772898477f7cc112f6ac514b611258fb1e5c3f2206b0d202f25701684a852:22)
08-01 00:48:23.946 E/ActivityManager( 3093): 	at com.android.server.am.ActivityManagerService.broadcastIntentWithFeature(qb/111684928 8a2772898477f7cc112f6ac514b611258fb1e5c3f2206b0d202f25701684a852:106)
08-01 00:48:23.946 E/ActivityManager( 3093): 	at android.app.IActivityManager$Stub.onTransact$broadcastIntentWithFeature$(IActivityManager.java:12564)
08-01 00:48:23.946 E/ActivityManager( 3093): 	at android.app.IActivityManager$Stub.onTransact(IActivityManager.java:3278)
08-01 00:48:23.946 E/ActivityManager( 3093): 	at com.android.server.am.ActivityManagerService.onTransact(qb/111684928 8a2772898477f7cc112f6ac514b611258fb1e5c3f2206b0d202f25701684a852:426)
08-01 00:48:23.946 E/ActivityManager( 3093): 	at android.os.Binder.execTransactInternal(Binder.java:1509)
08-01 00:48:23.946 E/ActivityManager( 3093): 	at android.os.Binder.execTransact(Binder.java:1454)
08-01 00:48:23.956 E/HYPER-HAL( 2868): [HandlerUClamp.cpp]set_uclamp_min(): sched_setattr failed for thread 23396, err = -1
08-01 00:48:23.956 E/HYPER-HAL( 2868): [HandlerUClamp.cpp]set_uclamp_min(): sched_setattr failed for thread 23397, err = -1
08-01 00:48:23.956 E/HYPER-HAL( 2868): [HandlerUClamp.cpp]set_uclamp_min(): sched_setattr failed for thread 23332, err = -1
08-01 00:48:23.956 E/HYPER-HAL( 2868): [HandlerUClamp.cpp]set_uclamp_min(): sched_setattr failed for thread 23370, err = -1
08-01 00:48:23.956 E/HYPER-HAL( 2868): [HandlerUClamp.cpp]set_uclamp_min(): sched_setattr failed for thread 23396, err = -1
08-01 00:48:23.956 E/HYPER-HAL( 2868): [HandlerUClamp.cpp]set_uclamp_min(): sched_setattr failed for thread 23397, err = -1
08-01 00:48:23.956 E/HYPER-HAL( 2868): [HandlerUClamp.cpp]set_uclamp_min(): sched_setattr failed for thread 23332, err = -1
08-01 00:48:23.956 E/HYPER-HAL( 2868): [HandlerUClamp.cpp]set_uclamp_min(): sched_setattr failed for thread 23370, err = -1
08-01 00:48:23.957 E/HYPER-HAL( 2868): [HandlerUClamp.cpp]set_uclamp_min(): sched_setattr failed for thread 23396, err = -1
08-01 00:48:23.957 E/HYPER-HAL( 2868): [HandlerUClamp.cpp]set_uclamp_min(): sched_setattr failed for thread 23397, err = -1
08-01 00:48:23.957 E/HYPER-HAL( 2868): [HandlerUClamp.cpp]set_uclamp_min(): sched_setattr failed for thread 23332, err = -1
08-01 00:48:23.957 E/HYPER-HAL( 2868): [HandlerUClamp.cpp]set_uclamp_min(): sched_setattr failed for thread 23370, err = -1
08-01 00:48:23.957 E/HYPER-HAL( 2868): [HandlerUClamp.cpp]set_uclamp_min(): sched_setattr failed for thread 23396, err = -1
08-01 00:48:23.957 E/HYPER-HAL( 2868): [HandlerUClamp.cpp]set_uclamp_min(): sched_setattr failed for thread 23397, err = -1
08-01 00:48:23.957 E/HYPER-HAL( 2868): [HandlerUClamp.cpp]set_uclamp_min(): sched_setattr failed for thread 23332, err = -1
08-01 00:48:23.957 E/HYPER-HAL( 2868): [HandlerUClamp.cpp]set_uclamp_min(): sched_setattr failed for thread 23370, err = -1
08-01 00:48:23.956 E/ANDR-PERF-UTIL( 2062): ANDR-PERF-UTIL: change_node_val() 319: Failed to update node /proc/sys/walt/sched_low_latency with value 23370 0
08-01 00:48:23.957 E/ANDR-PERF-OPTSHANDLER( 2062): ANDR-PERF-OPTSHANDLER: sched_reset_low_latency() 3683: can't reset low latency for tid 23370
08-01 00:48:23.957 E/ANDR-PERF-RESOURCEQS( 2062): ANDR-PERF-RESOURCEQS: RemovePendingRequest() 434: Failed to reset optimization [3, 52]
08-01 00:48:23.957 E/ANDR-PERF-UTIL( 2062): ANDR-PERF-UTIL: change_node_val() 319: Failed to update node /proc/sys/walt/sched_low_latency with value 23332 0
08-01 00:48:23.957 E/ANDR-PERF-OPTSHANDLER( 2062): ANDR-PERF-OPTSHANDLER: sched_reset_low_latency() 3683: can't reset low latency for tid 23332
08-01 00:48:23.957 E/ANDR-PERF-RESOURCEQS( 2062): ANDR-PERF-RESOURCEQS: RemovePendingRequest() 434: Failed to reset optimization [3, 52]
08-01 00:48:23.957 E/ANDR-PERF-UTIL( 2062): ANDR-PERF-UTIL: change_node_val() 319: Failed to update node /proc/sys/walt/sched_low_latency with value 23397 0
08-01 00:48:23.957 E/ANDR-PERF-OPTSHANDLER( 2062): ANDR-PERF-OPTSHANDLER: sched_reset_low_latency() 3683: can't reset low latency for tid 23397
08-01 00:48:23.957 E/ANDR-PERF-RESOURCEQS( 2062): ANDR-PERF-RESOURCEQS: RemovePendingRequest() 434: Failed to reset optimization [3, 52]
08-01 00:48:23.957 E/ANDR-PERF-UTIL( 2062): ANDR-PERF-UTIL: change_node_val() 319: Failed to update node /proc/sys/walt/sched_low_latency with value 23396 0
08-01 00:48:23.957 E/ANDR-PERF-OPTSHANDLER( 2062): ANDR-PERF-OPTSHANDLER: sched_reset_low_latency() 3683: can't reset low latency for tid 23396
08-01 00:48:23.957 E/ANDR-PERF-RESOURCEQS( 2062): ANDR-PERF-RESOURCEQS: RemovePendingRequest() 434: Failed to reset optimization [3, 52]
08-01 00:48:23.957 E/ANDR-PERF-UTIL( 2062): ANDR-PERF-UTIL: change_node_val() 319: Failed to update node /proc/sys/walt/sched_low_latency with value 23370 0
08-01 00:48:23.957 E/ANDR-PERF-OPTSHANDLER( 2062): ANDR-PERF-OPTSHANDLER: sched_reset_low_latency() 3683: can't reset low latency for tid 23370
08-01 00:48:23.957 E/ANDR-PERF-RESOURCEQS( 2062): ANDR-PERF-RESOURCEQS: RemoveAndApply() 362: Failed to reset optimization [3, 52]
08-01 00:48:23.957 E/ANDR-PERF-UTIL( 2062): ANDR-PERF-UTIL: change_node_val() 319: Failed to update node /proc/sys/walt/sched_low_latency with value 23332 0
08-01 00:48:23.957 E/ANDR-PERF-OPTSHANDLER( 2062): ANDR-PERF-OPTSHANDLER: sched_reset_low_latency() 3683: can't reset low latency for tid 23332
08-01 00:48:23.957 E/ANDR-PERF-RESOURCEQS( 2062): ANDR-PERF-RESOURCEQS: RemoveAndApply() 362: Failed to reset optimization [3, 52]
08-01 00:48:23.957 E/ANDR-PERF-UTIL( 2062): ANDR-PERF-UTIL: change_node_val() 319: Failed to update node /proc/sys/walt/sched_low_latency with value 23397 0
08-01 00:48:23.957 E/ANDR-PERF-OPTSHANDLER( 2062): ANDR-PERF-OPTSHANDLER: sched_reset_low_latency() 3683: can't reset low latency for tid 23397
08-01 00:48:23.957 E/ANDR-PERF-RESOURCEQS( 2062): ANDR-PERF-RESOURCEQS: RemoveAndApply() 362: Failed to reset optimization [3, 52]
08-01 00:48:23.957 E/ANDR-PERF-UTIL( 2062): ANDR-PERF-UTIL: change_node_val() 319: Failed to update node /proc/sys/walt/sched_low_latency with value 23396 0
08-01 00:48:23.957 E/ANDR-PERF-OPTSHANDLER( 2062): ANDR-PERF-OPTSHANDLER: sched_reset_low_latency() 3683: can't reset low latency for tid 23396
08-01 00:48:23.957 E/ANDR-PERF-RESOURCEQS( 2062): ANDR-PERF-RESOURCEQS: RemoveAndApply() 362: Failed to reset optimization [3, 52]
08-01 00:48:23.962 E/HoneySpace.HotseatPot@157326920( 4932): Illegal access
08-01 00:48:23.971 E/PackageManager( 3093): replace res.nonLocalizedLabel(null) to newName(Cloudy) and activity.getPackageName() () UId(1000)
08-01 00:48:23.988 E/SurfaceFlinger( 2198): alpha changed 1.000 -> 0.000 - Surface(name=Task=1#306592)/@0x7dcb60a_transition-leash#357850
08-01 00:48:24.013 E/SurfaceFlinger( 2198): alpha changed 0.000 -> 1.000 - Surface(name=Task=1#306592)/@0x7dcb60a_transition-leash#357850
08-01 00:48:24.038 E/SurfaceFlinger( 2198): alpha changed 1.000 -> 0.000 - Surface(name=36d3d2e InputMethod#306690)/@0xba43165 - animation-leash of insets_animation#357853
08-01 00:48:24.067 E/msys    (20716): E[N WA]_WAJMNSStreamImplOnMNSFailure(292)=>[LogLevel:I] WAJMNSStream/impl/callback/onMNSFailure/p=0xb400007a61155d80 (error=MNSTCPSocketReceive(): Received EOF)
08-01 00:48:24.067 E/msys    (20716): E[N WA]_WAJMNSStreamImplCreateConnectionReport(199)=>[LogLevel:I] WAJMNSStream/impl/report port=443, connectedIPVersion=4, resolvedIPAddressCount=1, dnsResolutionStartTimeMS=389466031, dnsResolutionEndTimeMS=389466031, dnsCacheHit=Yes, connectStartTimeMS=389466031, connectEndTimeMS=389466332, proxyConnectStartTimeMS=0, proxyConnectEndTimeMS=0
08-01 00:48:24.067 E/msys    (20716): E[N WA]_WAJMNSStreamImplUpdateStreamState(235)=>[LogLevel:I] WAJMNSStream/impl/state-changed/p=0xb400007a61155d80 (connected=>disconnected)
08-01 00:48:24.072 E/msys    (20716): E[N WA]WAJMNSStreamImplDisconnectSync(548)=>[LogLevel:W] WAJMNSStream/impl/disconnect/p=0xb400007a61155d80 (bytesSent=8992)(bytesRecv=4015)
08-01 00:48:24.213 E/SurfaceFlinger( 2198): alpha changed 0.006 -> 0.000 - Surface(name=Task=427#357829)/@0x938c498_transition-leash#357851
08-01 00:48:24.452 E/libbinder.IPCThreadState( 3093): Binder transaction failure. id: 397400037, cmd: BR_DEAD_REPLY (29189), error: -22 (Invalid argument)
08-01 00:48:24.471 E/BpTransactionCompletedListener( 2198): Failed to transact (-32)
08-01 00:48:24.474 E/NativeCustomFrequencyManager( 2198): [NativeCFMS] BpCustomFrequencyManager::acquire()
08-01 00:48:25.138 E/pageboostd( 5725): alp start : app comkitaabaiapp
08-01 00:48:25.139 E/pageboostd( 5725): comkitaabaiapp, amt 0 scnt 0 fcnt 0
08-01 00:48:25.139 E/pageboostd( 5725): comkitaabaiapp, amt 0 scnt 0 fcnt 0
08-01 00:48:25.139 E/pageboostd( 5725): alp end : app comkitaabaiapp data_amount 0
08-01 00:48:25.210 E/Pageboost( 3093): record is ongoing. Abort for 23471
08-01 00:48:25.221 E/pageboostd( 5725): Received HALT command code 2
08-01 00:48:25.224 E/HoneySpace.HotseatPot@157326920( 4932): Illegal access
08-01 00:48:25.228 E/SurfaceFlinger( 2198): alpha changed 1.000 -> 0.000 - Surface(name=Task=428#357855)/@0x37f878_transition-leash#357860
08-01 00:48:25.261 E/SurfaceFlinger( 2198): alpha changed 0.000 -> 0.681 - Surface(name=Task=428#357855)/@0x37f878_transition-leash#357860
08-01 00:48:25.442 E/ANDR-PERF-UTIL( 2062): ANDR-PERF-UTIL: change_node_val() 319: Failed to update node /proc/sys/walt/sched_per_task_boost with value 23332 0
08-01 00:48:25.442 E/ANDR-PERF-OPTSHANDLER( 2062): ANDR-PERF-OPTSHANDLER: sched_reset_task_boost() 3579: can't reset task 23332
08-01 00:48:25.442 E/ANDR-PERF-RESOURCEQS( 2062): ANDR-PERF-RESOURCEQS: RemovePendingRequest() 434: Failed to reset optimization [3, 32]
08-01 00:48:25.642 E/Adreno-AppProfiles(23471): QSPM AIDL service doesn't exist
08-01 00:48:25.653 E/ashmem  (23471): Pinning is deprecated since Android Q. Please use trim or other methods.
08-01 00:48:25.746 E/WindowManager(23471): Couldn't add view: android.widget.PopupWindow$PopupDecorView{5ee48ba V.E...... R.....I. 0,0-0,0}
08-01 00:48:25.746 E/WindowManager(23471): android.view.WindowManager$BadTokenException: Unable to add window -- token null is not valid; is your activity running?
08-01 00:48:25.746 E/WindowManager(23471): 	at android.view.ViewRootImpl.setView(ViewRootImpl.java:2053)
08-01 00:48:25.746 E/WindowManager(23471): 	at android.view.WindowManagerGlobal.addView(WindowManagerGlobal.java:606)
08-01 00:48:25.746 E/WindowManager(23471): 	at android.view.WindowManagerImpl.addView(WindowManagerImpl.java:167)
08-01 00:48:25.746 E/WindowManager(23471): 	at android.widget.PopupWindow.invokePopup(PopupWindow.java:1686)
08-01 00:48:25.746 E/WindowManager(23471): 	at android.widget.PopupWindow.showAtLocation(PopupWindow.java:1412)
08-01 00:48:25.746 E/WindowManager(23471): 	at android.widget.PopupWindow.showAtLocation(PopupWindow.java:1378)
08-01 00:48:25.746 E/WindowManager(23471): 	at com.facebook.react.devsupport.DefaultDevLoadingViewImplementation.showInternal(DefaultDevLoadingViewImplementation.kt:149)
08-01 00:48:25.746 E/WindowManager(23471): 	at com.facebook.react.devsupport.DefaultDevLoadingViewImplementation.showMessage$lambda$0(DefaultDevLoadingViewImplementation.kt:50)
08-01 00:48:25.746 E/WindowManager(23471): 	at com.facebook.react.devsupport.DefaultDevLoadingViewImplementation.$r8$lambda$rdWVX5QrGUmEjCcjBrWuy86IyRY(DefaultDevLoadingViewImplementation.kt:0)
08-01 00:48:25.746 E/WindowManager(23471): 	at com.facebook.react.devsupport.DefaultDevLoadingViewImplementation$$ExternalSyntheticLambda4.run(D8$$SyntheticClass:0)
08-01 00:48:25.746 E/WindowManager(23471): 	at android.os.Handler.handleCallback(Handler.java:1070)
08-01 00:48:25.746 E/WindowManager(23471): 	at android.os.Handler.dispatchMessage(Handler.java:125)
08-01 00:48:25.746 E/WindowManager(23471): 	at android.os.Looper.dispatchMessage(Looper.java:358)
08-01 00:48:25.746 E/WindowManager(23471): 	at android.os.Looper.loopOnce(Looper.java:288)
08-01 00:48:25.746 E/WindowManager(23471): 	at android.os.Looper.loop(Looper.java:392)
08-01 00:48:25.746 E/WindowManager(23471): 	at android.app.ActivityThread.main(ActivityThread.java:10346)
08-01 00:48:25.746 E/WindowManager(23471): 	at java.lang.reflect.Method.invoke(Native Method)
08-01 00:48:25.746 E/WindowManager(23471): 	at com.android.internal.os.RuntimeInit$MethodAndArgsCaller.run(RuntimeInit.java:638)
08-01 00:48:25.746 E/WindowManager(23471): 	at com.android.internal.os.ZygoteInit.main(ZygoteInit.java:972)
08-01 00:48:25.750 E/unknown:ReactNative(23471): Unable to display loading message because react activity isn't active, message: Loading from localhost:8081…
08-01 00:48:25.755 E/WindowManager(23471): Couldn't add view: android.widget.PopupWindow$PopupDecorView{5b479f8 V.E...... R.....I. 0,0-0,0}
08-01 00:48:25.755 E/WindowManager(23471): android.view.WindowManager$BadTokenException: Unable to add window -- token null is not valid; is your activity running?
08-01 00:48:25.755 E/WindowManager(23471): 	at android.view.ViewRootImpl.setView(ViewRootImpl.java:2053)
08-01 00:48:25.755 E/WindowManager(23471): 	at android.view.WindowManagerGlobal.addView(WindowManagerGlobal.java:606)
08-01 00:48:25.755 E/WindowManager(23471): 	at android.view.WindowManagerImpl.addView(WindowManagerImpl.java:167)
08-01 00:48:25.755 E/WindowManager(23471): 	at android.widget.PopupWindow.invokePopup(PopupWindow.java:1686)
08-01 00:48:25.755 E/WindowManager(23471): 	at android.widget.PopupWindow.showAtLocation(PopupWindow.java:1412)
08-01 00:48:25.755 E/WindowManager(23471): 	at android.widget.PopupWindow.showAtLocation(PopupWindow.java:1378)
08-01 00:48:25.755 E/WindowManager(23471): 	at com.facebook.react.devsupport.DefaultDevLoadingViewImplementation.showInternal(DefaultDevLoadingViewImplementation.kt:149)
08-01 00:48:25.755 E/WindowManager(23471): 	at com.facebook.react.devsupport.DefaultDevLoadingViewImplementation.showMessage$lambda$0(DefaultDevLoadingViewImplementation.kt:50)
08-01 00:48:25.755 E/WindowManager(23471): 	at com.facebook.react.devsupport.DefaultDevLoadingViewImplementation.$r8$lambda$rdWVX5QrGUmEjCcjBrWuy86IyRY(DefaultDevLoadingViewImplementation.kt:0)
08-01 00:48:25.755 E/WindowManager(23471): 	at com.facebook.react.devsupport.DefaultDevLoadingViewImplementation$$ExternalSyntheticLambda4.run(D8$$SyntheticClass:0)
08-01 00:48:25.755 E/WindowManager(23471): 	at android.os.Handler.handleCallback(Handler.java:1070)
08-01 00:48:25.755 E/WindowManager(23471): 	at android.os.Handler.dispatchMessage(Handler.java:125)
08-01 00:48:25.755 E/WindowManager(23471): 	at android.os.Looper.dispatchMessage(Looper.java:358)
08-01 00:48:25.755 E/WindowManager(23471): 	at android.os.Looper.loopOnce(Looper.java:288)
08-01 00:48:25.755 E/WindowManager(23471): 	at android.os.Looper.loop(Looper.java:392)
08-01 00:48:25.755 E/WindowManager(23471): 	at android.app.ActivityThread.main(ActivityThread.java:10346)
08-01 00:48:25.755 E/WindowManager(23471): 	at java.lang.reflect.Method.invoke(Native Method)
08-01 00:48:25.755 E/WindowManager(23471): 	at com.android.internal.os.RuntimeInit$MethodAndArgsCaller.run(RuntimeInit.java:638)
08-01 00:48:25.755 E/WindowManager(23471): 	at com.android.internal.os.ZygoteInit.main(ZygoteInit.java:972)
08-01 00:48:25.757 E/unknown:ReactNative(23471): Unable to display loading message because react activity isn't active, message: Reloading...
08-01 00:48:25.765 E/BufferQueueProducer(23471): Unable to open libpenguin.so: dlopen failed: library "libpenguin.so" not found.
08-01 00:48:25.765 E/om.kitaabai.app(23471): Unable to open libpenguin.so: dlopen failed: library "libpenguin.so" not found.
08-01 00:48:25.777 E/pageboostd( 5725): Received HALT command code 2
08-01 00:48:25.791 E/unknown:ReactHost(23471): Unhandled SoftException
08-01 00:48:25.791 E/unknown:ReactHost(23471): com.facebook.react.bridge.ReactNoCrashSoftException: raiseSoftException(onWindowFocusChange(hasFocus = "true")): Tried to access onWindowFocusChange while context is not ready
08-01 00:48:25.791 E/unknown:ReactHost(23471): 	at com.facebook.react.runtime.ReactHostImpl.raiseSoftException(ReactHostImpl.kt:919)
08-01 00:48:25.791 E/unknown:ReactHost(23471): 	at com.facebook.react.runtime.ReactHostImpl.raiseSoftException$default(ReactHostImpl.kt:910)
08-01 00:48:25.791 E/unknown:ReactHost(23471): 	at com.facebook.react.runtime.ReactHostImpl.onWindowFocusChange(ReactHostImpl.kt:682)
08-01 00:48:25.791 E/unknown:ReactHost(23471): 	at com.facebook.react.ReactDelegate.onWindowFocusChanged(ReactDelegate.kt:229)
08-01 00:48:25.791 E/unknown:ReactHost(23471): 	at com.facebook.react.ReactActivityDelegate.onWindowFocusChanged(ReactActivityDelegate.java:235)
08-01 00:48:25.791 E/unknown:ReactHost(23471): 	at expo.modules.ReactActivityDelegateWrapper$onWindowFocusChanged$1.invokeSuspend(ReactActivityDelegateWrapper.kt:320)
08-01 00:48:25.791 E/unknown:ReactHost(23471): 	at expo.modules.ReactActivityDelegateWrapper$onWindowFocusChanged$1.invoke(ReactActivityDelegateWrapper.kt:8)
08-01 00:48:25.791 E/unknown:ReactHost(23471): 	at expo.modules.ReactActivityDelegateWrapper$onWindowFocusChanged$1.invoke(ReactActivityDelegateWrapper.kt:4)
08-01 00:48:25.791 E/unknown:ReactHost(23471): 	at expo.modules.ReactActivityDelegateWrapper$launchLifecycleScopeWithLock$1.invokeSuspend(ReactActivityDelegateWrapper.kt:452)
08-01 00:48:25.791 E/unknown:ReactHost(23471): 	at kotlin.coroutines.jvm.internal.BaseContinuationImpl.resumeWith(ContinuationImpl.kt:34)
08-01 00:48:25.791 E/unknown:ReactHost(23471): 	at kotlinx.coroutines.internal.DispatchedContinuationKt.resumeCancellableWith(DispatchedContinuation.kt:375)
08-01 00:48:25.791 E/unknown:ReactHost(23471): 	at kotlinx.coroutines.intrinsics.CancellableKt.startCoroutineCancellable(Cancellable.kt:26)
08-01 00:48:25.791 E/unknown:ReactHost(23471): 	at kotlinx.coroutines.CoroutineStart.invoke(CoroutineStart.kt:358)
08-01 00:48:25.791 E/unknown:ReactHost(23471): 	at kotlinx.coroutines.AbstractCoroutine.start(AbstractCoroutine.kt:134)
08-01 00:48:25.791 E/unknown:ReactHost(23471): 	at kotlinx.coroutines.BuildersKt__Builders_commonKt.launch(Builders.common.kt:53)
08-01 00:48:25.791 E/unknown:ReactHost(23471): 	at kotlinx.coroutines.BuildersKt.launch(dex-id-6c95318d9cfb6b1d6005fa40566d7dcd95997320:1)
08-01 00:48:25.791 E/unknown:ReactHost(23471): 	at kotlinx.coroutines.BuildersKt__Builders_commonKt.launch$default(Builders.common.kt:44)
08-01 00:48:25.791 E/unknown:ReactHost(23471): 	at kotlinx.coroutines.BuildersKt.launch$default(dex-id-6c95318d9cfb6b1d6005fa40566d7dcd95997320:1)
08-01 00:48:25.791 E/unknown:ReactHost(23471): 	at expo.modules.ReactActivityDelegateWrapper.launchLifecycleScopeWithLock(ReactActivityDelegateWrapper.kt:450)
08-01 00:48:25.791 E/unknown:ReactHost(23471): 	at expo.modules.ReactActivityDelegateWrapper.launchLifecycleScopeWithLock$default(ReactActivityDelegateWrapper.kt:446)
08-01 00:48:25.791 E/unknown:ReactHost(23471): 	at expo.modules.ReactActivityDelegateWrapper.onWindowFocusChanged(ReactActivityDelegateWrapper.kt:318)
08-01 00:48:25.791 E/unknown:ReactHost(23471): 	at com.facebook.react.ReactActivity.onWindowFocusChanged(ReactActivity.java:161)
08-01 00:48:25.791 E/unknown:ReactHost(23471): 	at androidx.appcompat.view.WindowCallbackWrapper.onWindowFocusChanged(WindowCallbackWrapper.java:124)
08-01 00:48:25.791 E/unknown:ReactHost(23471): 	at com.android.internal.policy.DecorView.onWindowFocusChanged(DecorView.java:2827)
08-01 00:48:25.791 E/unknown:ReactHost(23471): 	at android.view.View.dispatchWindowFocusChanged(View.java:17901)
08-01 00:48:25.791 E/unknown:ReactHost(23471): 	at android.view.ViewGroup.dispatchWindowFocusChanged(ViewGroup.java:1631)
08-01 00:48:25.791 E/unknown:ReactHost(23471): 	at android.view.ViewRootImpl.dispatchFocusEvent(ViewRootImpl.java:6037)
08-01 00:48:25.791 E/unknown:ReactHost(23471): 	at android.view.ViewRootImpl.handleWindowFocusChanged(ViewRootImpl.java:5920)
08-01 00:48:25.791 E/unknown:ReactHost(23471): 	at android.view.ViewRootImpl.-$$Nest$mhandleWindowFocusChanged(ViewRootImpl.java:0)
08-01 00:48:25.791 E/unknown:ReactHost(23471): 	at android.view.ViewRootImpl$ViewRootHandler.handleMessageImpl(ViewRootImpl.java:8475)
08-01 00:48:25.791 E/unknown:ReactHost(23471): 	at android.view.ViewRootImpl$ViewRootHandler.handleMessage(ViewRootImpl.java:8383)
08-01 00:48:25.791 E/unknown:ReactHost(23471): 	at android.os.Handler.dispatchMessage(Handler.java:132)
08-01 00:48:25.791 E/unknown:ReactHost(23471): 	at android.os.Looper.dispatchMessage(Looper.java:358)
08-01 00:48:25.791 E/unknown:ReactHost(23471): 	at android.os.Looper.loopOnce(Looper.java:288)
08-01 00:48:25.791 E/unknown:ReactHost(23471): 	at android.os.Looper.loop(Looper.java:392)
08-01 00:48:25.791 E/unknown:ReactHost(23471): 	at android.app.ActivityThread.main(ActivityThread.java:10346)
08-01 00:48:25.791 E/unknown:ReactHost(23471): 	at java.lang.reflect.Method.invoke(Native Method)
08-01 00:48:25.791 E/unknown:ReactHost(23471): 	at com.android.internal.os.RuntimeInit$MethodAndArgsCaller.run(RuntimeInit.java:638)
08-01 00:48:25.791 E/unknown:ReactHost(23471): 	at com.android.internal.os.ZygoteInit.main(ZygoteInit.java:972)
08-01 00:48:25.810 E/SurfaceFlinger( 2198): alpha changed 1.000 -> 0.000 - Surface(name=36d3d2e InputMethod#306690)/@0xba43165 - animation-leash of insets_animation#357871
08-01 00:48:25.913 E/WindowManager( 3093): win=Window{1e1062b u0 com.sec.android.app.launcher/com.sec.android.app.launcher.activities.LauncherActivity} destroySurfaces: appStopped=true cleanupOnResume=false win.mWindowRemovalAllowed=false win.mRemoveOnExit=false win.mViewVisibility=8 caller=com.android.server.wm.ActivityRecord.destroySurfaces:24 com.android.server.wm.ActivityRecord.activityStopped:209 com.android.server.wm.ActivityClientController.activityStopped:102 android.app.IActivityClientController$Stub.onTransact:829 com.android.server.wm.ActivityClientController.onTransact:1 android.os.Binder.execTransactInternal:1514 android.os.Binder.execTransact:1454 
08-01 00:48:26.119 E/AndroidRuntime(23471): FATAL EXCEPTION: pool-4-thread-1
08-01 00:48:26.119 E/AndroidRuntime(23471): Process: com.kitaabai.app, PID: 23471
08-01 00:48:26.119 E/AndroidRuntime(23471): java.lang.UnsatisfiedLinkError: dlopen failed: cannot locate symbol "_ZNKR8facebook3jsi5Value8asObjectERNS0_7RuntimeE" referenced by "/data/app/~~CSWjVWTBrHjlcCkMJxZ9Yg==/com.kitaabai.app-5rcHYfnSVB4FEOcekHlcBg==/base.apk!/lib/arm64-v8a/libexpo-av.so"...
08-01 00:48:26.119 E/AndroidRuntime(23471): 	at java.lang.Runtime.loadLibrary0(Runtime.java:1111)
08-01 00:48:26.119 E/AndroidRuntime(23471): 	at java.lang.Runtime.loadLibrary0(Runtime.java:1033)
08-01 00:48:26.119 E/AndroidRuntime(23471): 	at java.lang.System.loadLibrary(System.java:1765)
08-01 00:48:26.119 E/AndroidRuntime(23471): 	at expo.modules.av.AVManager.<clinit>(AVManager.java:56)
08-01 00:48:26.119 E/AndroidRuntime(23471): 	at expo.modules.av.AVPackage.createInternalModules(AVPackage.java:16)
08-01 00:48:26.119 E/AndroidRuntime(23471): 	at expo.modules.adapters.react.ReactModuleRegistryProvider.get(ReactModuleRegistryProvider.java:47)
08-01 00:48:26.119 E/AndroidRuntime(23471): 	at expo.modules.adapters.react.ModuleRegistryAdapter.getOrCreateNativeModulesProxy(ModuleRegistryAdapter.java:136)
08-01 00:48:26.119 E/AndroidRuntime(23471): 	at expo.modules.adapters.react.ModuleRegistryAdapter.createNativeModules(ModuleRegistryAdapter.java:65)
08-01 00:48:26.119 E/AndroidRuntime(23471): 	at expo.modules.ExpoModulesPackage.createNativeModules(ExpoModulesPackage.kt:35)
08-01 00:48:26.119 E/AndroidRuntime(23471): 	at com.facebook.react.ReactPackageTurboModuleManagerDelegate.initialize(ReactPackageTurboModuleManagerDelegate.kt:64)
08-01 00:48:26.119 E/AndroidRuntime(23471): 	at com.facebook.react.ReactPackageTurboModuleManagerDelegate.<init>(ReactPackageTurboModuleManagerDelegate.kt:42)
08-01 00:48:26.119 E/AndroidRuntime(23471): 	at com.facebook.react.defaults.DefaultTurboModuleManagerDelegate.<init>(DefaultTurboModuleManagerDelegate.kt:35)
08-01 00:48:26.119 E/AndroidRuntime(23471): 	at com.facebook.react.defaults.DefaultTurboModuleManagerDelegate.<init>(DefaultTurboModuleManagerDelegate.kt:0)
08-01 00:48:26.119 E/AndroidRuntime(23471): 	at com.facebook.react.defaults.DefaultTurboModuleManagerDelegate$Builder.build(DefaultTurboModuleManagerDelegate.kt:63)
08-01 00:48:26.119 E/AndroidRuntime(23471): 	at com.facebook.react.defaults.DefaultTurboModuleManagerDelegate$Builder.build(DefaultTurboModuleManagerDelegate.kt:43)
08-01 00:48:26.119 E/AndroidRuntime(23471): 	at com.facebook.react.ReactPackageTurboModuleManagerDelegate$Builder.build(ReactPackageTurboModuleManagerDelegate.kt:222)
08-01 00:48:26.119 E/AndroidRuntime(23471): 	at com.facebook.react.runtime.ReactInstance.<init>(ReactInstance.kt:183)
08-01 00:48:26.119 E/AndroidRuntime(23471): 	at com.facebook.react.runtime.ReactHostImpl.getOrCreateReactInstanceTask$lambda$45$lambda$41(ReactHostImpl.kt:1052)
08-01 00:48:26.119 E/AndroidRuntime(23471): 	at com.facebook.react.runtime.ReactHostImpl.$r8$lambda$SmdYI7igN6ETqUXjl3FigYM4DHc(ReactHostImpl.kt:0)
08-01 00:48:26.119 E/AndroidRuntime(23471): 	at com.facebook.react.runtime.ReactHostImpl$$ExternalSyntheticLambda43.then(D8$$SyntheticClass:0)
08-01 00:48:26.119 E/AndroidRuntime(23471): 	at com.facebook.react.runtime.internal.bolts.Task$Companion.completeImmediately$lambda$3(Task.kt:360)
08-01 00:48:26.119 E/AndroidRuntime(23471): 	at com.facebook.react.runtime.internal.bolts.Task$Companion.$r8$lambda$b7MTC0ufkn_2TjF4BGcNqGR9qK0(Task.kt:0)
08-01 00:48:26.119 E/AndroidRuntime(23471): 	at com.facebook.react.runtime.internal.bolts.Task$Companion$$ExternalSyntheticLambda3.run(D8$$SyntheticClass:0)
08-01 00:48:26.119 E/AndroidRuntime(23471): 	at com.facebook.react.runtime.internal.bolts.Executors$ImmediateExecutor.execute(Executors.kt:41)
08-01 00:48:26.119 E/AndroidRuntime(23471): 	at com.facebook.react.runtime.internal.bolts.Task$Companion.completeImmediately(Task.kt:358)
08-01 00:48:26.119 E/AndroidRuntime(23471): 	at com.facebook.react.runtime.internal.bolts.Task$Companion.access$completeImmediately(Task.kt:254)
08-01 00:48:26.119 E/AndroidRuntime(23471): 	at com.facebook.react.runtime.internal.bolts.Task.continueWith(Task.kt:133)
08-01 00:48:26.119 E/AndroidRuntime(23471): 	at com.facebook.react.runtime.internal.bolts.Task.continueWith$default(Task.kt:117)
08-01 00:48:26.119 E/AndroidRuntime(23471): 	at com.facebook.react.runtime.internal.bolts.Task.onSuccess$lambda$12(Task.kt:176)
08-01 00:48:26.119 E/AndroidRuntime(23471): 	at com.facebook.react.runtime.internal.bolts.Task.$r8$lambda$l0wwo5AvbHxlwfI1R7CH_codxoo(Task.kt:0)
08-01 00:48:26.119 E/AndroidRuntime(23471): 	at com.facebook.react.runtime.internal.bolts.Task$$ExternalSyntheticLambda2.then(D8$$SyntheticClass:0)
08-01 00:48:26.119 E/AndroidRuntime(23471): 	at com.facebook.react.runtime.internal.bolts.Task$Companion.completeAfterTask$lambda$5(Task.kt:394)
08-01 00:48:26.119 E/AndroidRuntime(23471): 	at com.facebook.react.runtime.internal.bolts.Task$Companion.$r8$lambda$IPpysnehFwANEiW061YzapkMdoE(Task.kt:0)
08-01 00:48:26.119 E/AndroidRuntime(23471): 	at com.facebook.react.runtime.internal.bolts.Task$Companion$$ExternalSyntheticLambda4.run(D8$$SyntheticClass:0)
08-01 00:48:26.119 E/AndroidRuntime(23471): 	at java.util.concurrent.ThreadPoolExecutor.runWorker(ThreadPoolExecutor.java:1100)
08-01 00:48:26.119 E/AndroidRuntime(23471): 	at java.util.concurrent.ThreadPoolExecutor$Worker.run(ThreadPoolExecutor.java:624)
08-01 00:48:26.119 E/AndroidRuntime(23471): 	at java.lang.Thread.run(Thread.java:1572)
08-01 00:48:26.152 E/HYPER-HAL( 2868): [HandlerUClamp.cpp]set_uclamp_min(): sched_setattr failed for thread 23522, err = -1
08-01 00:48:26.152 E/HYPER-HAL( 2868): [HandlerUClamp.cpp]set_uclamp_min(): sched_setattr failed for thread 23523, err = -1
08-01 00:48:26.152 E/HYPER-HAL( 2868): [HandlerUClamp.cpp]set_uclamp_min(): sched_setattr failed for thread 23471, err = -1
08-01 00:48:26.152 E/HYPER-HAL( 2868): [HandlerUClamp.cpp]set_uclamp_min(): sched_setattr failed for thread 23498, err = -1
08-01 00:48:26.152 E/HYPER-HAL( 2868): [HandlerUClamp.cpp]set_uclamp_min(): sched_setattr failed for thread 23522, err = -1
08-01 00:48:26.152 E/HYPER-HAL( 2868): [HandlerUClamp.cpp]set_uclamp_min(): sched_setattr failed for thread 23523, err = -1
08-01 00:48:26.152 E/HYPER-HAL( 2868): [HandlerUClamp.cpp]set_uclamp_min(): sched_setattr failed for thread 23471, err = -1
08-01 00:48:26.152 E/HYPER-HAL( 2868): [HandlerUClamp.cpp]set_uclamp_min(): sched_setattr failed for thread 23498, err = -1
08-01 00:48:26.152 E/ANDR-PERF-UTIL( 2062): ANDR-PERF-UTIL: change_node_val() 319: Failed to update node /proc/sys/walt/sched_low_latency with value 23498 0
08-01 00:48:26.152 E/ANDR-PERF-OPTSHANDLER( 2062): ANDR-PERF-OPTSHANDLER: sched_reset_low_latency() 3683: can't reset low latency for tid 23498
08-01 00:48:26.152 E/ANDR-PERF-RESOURCEQS( 2062): ANDR-PERF-RESOURCEQS: RemovePendingRequest() 434: Failed to reset optimization [3, 52]
08-01 00:48:26.152 E/ANDR-PERF-UTIL( 2062): ANDR-PERF-UTIL: change_node_val() 319: Failed to update node /proc/sys/walt/sched_low_latency with value 23471 0
08-01 00:48:26.152 E/ANDR-PERF-OPTSHANDLER( 2062): ANDR-PERF-OPTSHANDLER: sched_reset_low_latency() 3683: can't reset low latency for tid 23471
08-01 00:48:26.152 E/ANDR-PERF-RESOURCEQS( 2062): ANDR-PERF-RESOURCEQS: RemovePendingRequest() 434: Failed to reset optimization [3, 52]
08-01 00:48:26.152 E/ANDR-PERF-UTIL( 2062): ANDR-PERF-UTIL: change_node_val() 319: Failed to update node /proc/sys/walt/sched_low_latency with value 23523 0
08-01 00:48:26.152 E/ANDR-PERF-OPTSHANDLER( 2062): ANDR-PERF-OPTSHANDLER: sched_reset_low_latency() 3683: can't reset low latency for tid 23523
08-01 00:48:26.152 E/ANDR-PERF-RESOURCEQS( 2062): ANDR-PERF-RESOURCEQS: RemovePendingRequest() 434: Failed to reset optimization [3, 52]
08-01 00:48:26.152 E/ANDR-PERF-UTIL( 2062): ANDR-PERF-UTIL: change_node_val() 319: Failed to update node /proc/sys/walt/sched_low_latency with value 23522 0
08-01 00:48:26.152 E/ANDR-PERF-OPTSHANDLER( 2062): ANDR-PERF-OPTSHANDLER: sched_reset_low_latency() 3683: can't reset low latency for tid 23522
08-01 00:48:26.152 E/ANDR-PERF-RESOURCEQS( 2062): ANDR-PERF-RESOURCEQS: RemovePendingRequest() 434: Failed to reset optimization [3, 52]
08-01 00:48:26.152 E/ANDR-PERF-UTIL( 2062): ANDR-PERF-UTIL: change_node_val() 319: Failed to update node /proc/sys/walt/sched_low_latency with value 23498 0
08-01 00:48:26.152 E/HYPER-HAL( 2868): [HandlerUClamp.cpp]set_uclamp_min(): sched_setattr failed for thread 23522, err = -1
08-01 00:48:26.152 E/ANDR-PERF-OPTSHANDLER( 2062): ANDR-PERF-OPTSHANDLER: sched_reset_low_latency() 3683: can't reset low latency for tid 23498
08-01 00:48:26.152 E/HYPER-HAL( 2868): [HandlerUClamp.cpp]set_uclamp_min(): sched_setattr failed for thread 23523, err = -1
08-01 00:48:26.152 E/ANDR-PERF-RESOURCEQS( 2062): ANDR-PERF-RESOURCEQS: RemovePendingRequest() 434: Failed to reset optimization [3, 52]
08-01 00:48:26.152 E/HYPER-HAL( 2868): [HandlerUClamp.cpp]set_uclamp_min(): sched_setattr failed for thread 23471, err = -1
08-01 00:48:26.152 E/HYPER-HAL( 2868): [HandlerUClamp.cpp]set_uclamp_min(): sched_setattr failed for thread 23498, err = -1
08-01 00:48:26.152 E/ANDR-PERF-UTIL( 2062): ANDR-PERF-UTIL: change_node_val() 319: Failed to update node /proc/sys/walt/sched_low_latency with value 23471 0
08-01 00:48:26.152 E/HYPER-HAL( 2868): [HandlerUClamp.cpp]set_uclamp_min(): sched_setattr failed for thread 23522, err = -1
08-01 00:48:26.152 E/ANDR-PERF-OPTSHANDLER( 2062): ANDR-PERF-OPTSHANDLER: sched_reset_low_latency() 3683: can't reset low latency for tid 23471
08-01 00:48:26.152 E/HYPER-HAL( 2868): [HandlerUClamp.cpp]set_uclamp_min(): sched_setattr failed for thread 23523, err = -1
08-01 00:48:26.152 E/ANDR-PERF-RESOURCEQS( 2062): ANDR-PERF-RESOURCEQS: RemovePendingRequest() 434: Failed to reset optimization [3, 52]
08-01 00:48:26.152 E/HYPER-HAL( 2868): [HandlerUClamp.cpp]set_uclamp_min(): sched_setattr failed for thread 23471, err = -1
08-01 00:48:26.152 E/HYPER-HAL( 2868): [HandlerUClamp.cpp]set_uclamp_min(): sched_setattr failed for thread 23498, err = -1
08-01 00:48:26.152 E/ANDR-PERF-UTIL( 2062): ANDR-PERF-UTIL: change_node_val() 319: Failed to update node /proc/sys/walt/sched_low_latency with value 23523 0
08-01 00:48:26.152 E/ANDR-PERF-OPTSHANDLER( 2062): ANDR-PERF-OPTSHANDLER: sched_reset_low_latency() 3683: can't reset low latency for tid 23523
08-01 00:48:26.152 E/ANDR-PERF-RESOURCEQS( 2062): ANDR-PERF-RESOURCEQS: RemovePendingRequest() 434: Failed to reset optimization [3, 52]
08-01 00:48:26.152 E/ANDR-PERF-UTIL( 2062): ANDR-PERF-UTIL: change_node_val() 319: Failed to update node /proc/sys/walt/sched_low_latency with value 23522 0
08-01 00:48:26.152 E/ANDR-PERF-OPTSHANDLER( 2062): ANDR-PERF-OPTSHANDLER: sched_reset_low_latency() 3683: can't reset low latency for tid 23522
08-01 00:48:26.152 E/ANDR-PERF-RESOURCEQS( 2062): ANDR-PERF-RESOURCEQS: RemovePendingRequest() 434: Failed to reset optimization [3, 52]
08-01 00:48:26.153 E/ANDR-PERF-UTIL( 2062): ANDR-PERF-UTIL: change_node_val() 319: Failed to update node /proc/sys/walt/sched_low_latency with value 23498 0
08-01 00:48:26.153 E/ANDR-PERF-OPTSHANDLER( 2062): ANDR-PERF-OPTSHANDLER: sched_reset_low_latency() 3683: can't reset low latency for tid 23498
08-01 00:48:26.153 E/ANDR-PERF-RESOURCEQS( 2062): ANDR-PERF-RESOURCEQS: RemoveAndApply() 362: Failed to reset optimization [3, 52]
08-01 00:48:26.153 E/HYPER-HAL( 2868): [HandlerUClamp.cpp]set_uclamp_min(): sched_setattr failed for thread 23522, err = -1
08-01 00:48:26.153 E/HYPER-HAL( 2868): [HandlerUClamp.cpp]set_uclamp_min(): sched_setattr failed for thread 23523, err = -1
08-01 00:48:26.153 E/HYPER-HAL( 2868): [HandlerUClamp.cpp]set_uclamp_min(): sched_setattr failed for thread 23471, err = -1
08-01 00:48:26.153 E/ANDR-PERF-UTIL( 2062): ANDR-PERF-UTIL: change_node_val() 319: Failed to update node /proc/sys/walt/sched_low_latency with value 23471 0
08-01 00:48:26.153 E/HYPER-HAL( 2868): [HandlerUClamp.cpp]set_uclamp_min(): sched_setattr failed for thread 23498, err = -1
08-01 00:48:26.153 E/ANDR-PERF-OPTSHANDLER( 2062): ANDR-PERF-OPTSHANDLER: sched_reset_low_latency() 3683: can't reset low latency for tid 23471
08-01 00:48:26.153 E/ANDR-PERF-RESOURCEQS( 2062): ANDR-PERF-RESOURCEQS: RemoveAndApply() 362: Failed to reset optimization [3, 52]
08-01 00:48:26.153 E/ANDR-PERF-UTIL( 2062): ANDR-PERF-UTIL: change_node_val() 319: Failed to update node /proc/sys/walt/sched_low_latency with value 23523 0
08-01 00:48:26.153 E/ANDR-PERF-OPTSHANDLER( 2062): ANDR-PERF-OPTSHANDLER: sched_reset_low_latency() 3683: can't reset low latency for tid 23523
08-01 00:48:26.153 E/HYPER-HAL( 2868): [HandlerUClamp.cpp]set_uclamp_min(): sched_setattr failed for thread 23522, err = -1
08-01 00:48:26.153 E/ANDR-PERF-RESOURCEQS( 2062): ANDR-PERF-RESOURCEQS: RemoveAndApply() 362: Failed to reset optimization [3, 52]
08-01 00:48:26.153 E/HYPER-HAL( 2868): [HandlerUClamp.cpp]set_uclamp_min(): sched_setattr failed for thread 23523, err = -1
08-01 00:48:26.153 E/HYPER-HAL( 2868): [HandlerUClamp.cpp]set_uclamp_min(): sched_setattr failed for thread 23471, err = -1
08-01 00:48:26.153 E/HYPER-HAL( 2868): [HandlerUClamp.cpp]set_uclamp_min(): sched_setattr failed for thread 23498, err = -1
08-01 00:48:26.153 E/ANDR-PERF-UTIL( 2062): ANDR-PERF-UTIL: change_node_val() 319: Failed to update node /proc/sys/walt/sched_low_latency with value 23522 0
08-01 00:48:26.153 E/ANDR-PERF-OPTSHANDLER( 2062): ANDR-PERF-OPTSHANDLER: sched_reset_low_latency() 3683: can't reset low latency for tid 23522
08-01 00:48:26.153 E/ANDR-PERF-RESOURCEQS( 2062): ANDR-PERF-RESOURCEQS: RemoveAndApply() 362: Failed to reset optimization [3, 52]
08-01 00:48:26.157 E/HoneySpace.HotseatPot@157326920( 4932): Illegal access
08-01 00:48:26.173 E/PackageManager( 3093): replace res.nonLocalizedLabel(null) to newName(Cloudy) and activity.getPackageName() () UId(1000)
08-01 00:48:26.177 E/NativeCustomFrequencyManager( 2198): [NativeCFMS] BpCustomFrequencyManager::acquire()
08-01 00:48:26.185 E/SurfaceFlinger( 2198): alpha changed 1.000 -> 0.000 - Surface(name=Task=1#306592)/@0xe405cbb_transition-leash#357876
08-01 00:48:26.210 E/SurfaceFlinger( 2198): alpha changed 0.000 -> 1.000 - Surface(name=Task=1#306592)/@0xe405cbb_transition-leash#357876
08-01 00:48:26.235 E/SurfaceFlinger( 2198): alpha changed 1.000 -> 0.000 - Surface(name=36d3d2e InputMethod#306690)/@0xba43165 - animation-leash of insets_animation#357879
08-01 00:48:26.410 E/SurfaceFlinger( 2198): alpha changed 0.006 -> 0.000 - Surface(name=Task=428#357855)/@0x8609d31_transition-leash#357877
08-01 00:48:26.580 E/Pageboost( 3093): ioinfo read failed
08-01 00:48:26.651 E/libbinder.IPCThreadState( 3093): Binder transaction failure. id: 397405174, cmd: BR_DEAD_REPLY (29189), error: -22 (Invalid argument)
08-01 00:48:26.676 E/BpTransactionCompletedListener( 2198): Failed to transact (-32)
08-01 00:48:27.515 E/TaskPersister( 3093): File error accessing recents directory (directory doesn't exist?).
08-01 00:48:27.515 E/TaskPersister( 3093): File error accessing recents directory (directory doesn't exist?).
08-01 00:48:27.515 E/TaskPersister( 3093): File error accessing recents directory (directory doesn't exist?).
08-01 00:48:27.515 E/TaskPersister( 3093): File error accessing recents directory (directory doesn't exist?).
08-01 00:48:27.632 E/ANDR-PERF-UTIL( 2062): ANDR-PERF-UTIL: change_node_val() 319: Failed to update node /proc/sys/walt/sched_per_task_boost with value 23471 0
08-01 00:48:27.632 E/ANDR-PERF-OPTSHANDLER( 2062): ANDR-PERF-OPTSHANDLER: sched_reset_task_boost() 3579: can't reset task 23471
08-01 00:48:27.632 E/ANDR-PERF-RESOURCEQS( 2062): ANDR-PERF-RESOURCEQS: RemoveAndApply() 380: Failed to reset optimization [3, 32]
08-01 00:48:27.686 E/NativeCustomFrequencyManager( 2198): [NativeCFMS] BpCustomFrequencyManager::acquire()
08-01 00:48:28.002 E/Pageboost( 3093): StopRecording Failed
08-01 00:48:28.016 E/Pageboost( 3093): captureFinished fail
08-01 00:48:28.778 E/Pageboost( 3093): ioinfo read failed
08-01 00:48:30.217 E/BatteryDump( 2074): !@new_battery_dump : 3899,1125,1225,3331,44,348,347,412,348,0,370,412,0,Charging,NO_CHARGING,Normal,Good,PDIC,0,Normal,0,0,9300,0x8000,0x10010000,0x0,0,0,0000,0000,00000000,0,0,0,0,539,3822,4324,980,0,
08-01 00:48:30.278 E/NativeCustomFrequencyManager( 2198): [NativeCFMS] BpCustomFrequencyManager::acquire()
08-01 00:48:30.553 E/DeviceIconManager(17670): getSvgIcon() fail : /data/user/0/com.android.settings.intelligence/files/bticon/01_00.svg is null 
08-01 00:48:38.396 E/Watchdog( 3093): !@Sync: 1474 heap(MB): 202 / 205 FD: 1565 Threads: 581 [2026-08-01 00:48:38.396]
08-01 00:48:40.390 E/BatteryDump( 2074): !@new_battery_dump : 3903,1184,1225,3331,44,348,346,402,348,0,370,402,0,Charging,NO_CHARGING,Normal,Good,PDIC,0,Normal,0,0,9300,0x8000,0x10010000,0x0,0,0,0000,0000,00000000,0,0,0,0,539,3822,4332,980,0,
08-01 00:48:44.049 E/pageboostd( 5725): alp start : app comkitaabaiapp
08-01 00:48:44.050 E/pageboostd( 5725): comkitaabaiapp, amt 0 scnt 0 fcnt 0
08-01 00:48:44.050 E/pageboostd( 5725): comkitaabaiapp, amt 0 scnt 0 fcnt 0
08-01 00:48:44.050 E/pageboostd( 5725): alp end : app comkitaabaiapp data_amount 0
08-01 00:48:44.062 E/NativeCustomFrequencyManager( 2198): [NativeCFMS] BpCustomFrequencyManager::acquire()
08-01 00:48:44.105 E/pageboostd( 5725): Received HALT command code 2
08-01 00:48:44.109 E/HoneySpace.HotseatPot@157326920( 4932): Illegal access
08-01 00:48:44.117 E/SurfaceFlinger( 2198): alpha changed 1.000 -> 0.000 - Surface(name=Task=429#357881)/@0x45a9139_transition-leash#357887
08-01 00:48:44.143 E/SurfaceFlinger( 2198): alpha changed 0.000 -> 0.698 - Surface(name=Task=429#357881)/@0x45a9139_transition-leash#357887
08-01 00:48:44.557 E/Adreno-AppProfiles(23598): QSPM AIDL service doesn't exist
08-01 00:48:44.566 E/ashmem  (23598): Pinning is deprecated since Android Q. Please use trim or other methods.
08-01 00:48:44.660 E/WindowManager(23598): Couldn't add view: android.widget.PopupWindow$PopupDecorView{5ee48ba V.E...... R.....I. 0,0-0,0}
08-01 00:48:44.660 E/WindowManager(23598): android.view.WindowManager$BadTokenException: Unable to add window -- token null is not valid; is your activity running?
08-01 00:48:44.660 E/WindowManager(23598): 	at android.view.ViewRootImpl.setView(ViewRootImpl.java:2053)
08-01 00:48:44.660 E/WindowManager(23598): 	at android.view.WindowManagerGlobal.addView(WindowManagerGlobal.java:606)
08-01 00:48:44.660 E/WindowManager(23598): 	at android.view.WindowManagerImpl.addView(WindowManagerImpl.java:167)
08-01 00:48:44.660 E/WindowManager(23598): 	at android.widget.PopupWindow.invokePopup(PopupWindow.java:1686)
08-01 00:48:44.660 E/WindowManager(23598): 	at android.widget.PopupWindow.showAtLocation(PopupWindow.java:1412)
08-01 00:48:44.660 E/WindowManager(23598): 	at android.widget.PopupWindow.showAtLocation(PopupWindow.java:1378)
08-01 00:48:44.660 E/WindowManager(23598): 	at com.facebook.react.devsupport.DefaultDevLoadingViewImplementation.showInternal(DefaultDevLoadingViewImplementation.kt:149)
08-01 00:48:44.660 E/WindowManager(23598): 	at com.facebook.react.devsupport.DefaultDevLoadingViewImplementation.showMessage$lambda$0(DefaultDevLoadingViewImplementation.kt:50)
08-01 00:48:44.660 E/WindowManager(23598): 	at com.facebook.react.devsupport.DefaultDevLoadingViewImplementation.$r8$lambda$rdWVX5QrGUmEjCcjBrWuy86IyRY(DefaultDevLoadingViewImplementation.kt:0)
08-01 00:48:44.660 E/WindowManager(23598): 	at com.facebook.react.devsupport.DefaultDevLoadingViewImplementation$$ExternalSyntheticLambda4.run(D8$$SyntheticClass:0)
08-01 00:48:44.660 E/WindowManager(23598): 	at android.os.Handler.handleCallback(Handler.java:1070)
08-01 00:48:44.660 E/WindowManager(23598): 	at android.os.Handler.dispatchMessage(Handler.java:125)
08-01 00:48:44.660 E/WindowManager(23598): 	at android.os.Looper.dispatchMessage(Looper.java:358)
08-01 00:48:44.660 E/WindowManager(23598): 	at android.os.Looper.loopOnce(Looper.java:288)
08-01 00:48:44.660 E/WindowManager(23598): 	at android.os.Looper.loop(Looper.java:392)
08-01 00:48:44.660 E/WindowManager(23598): 	at android.app.ActivityThread.main(ActivityThread.java:10346)
08-01 00:48:44.660 E/WindowManager(23598): 	at java.lang.reflect.Method.invoke(Native Method)
08-01 00:48:44.660 E/WindowManager(23598): 	at com.android.internal.os.RuntimeInit$MethodAndArgsCaller.run(RuntimeInit.java:638)
08-01 00:48:44.660 E/WindowManager(23598): 	at com.android.internal.os.ZygoteInit.main(ZygoteInit.java:972)
08-01 00:48:44.666 E/unknown:ReactNative(23598): Unable to display loading message because react activity isn't active, message: Loading from localhost:8081…
08-01 00:48:44.673 E/BufferQueueProducer(23598): Unable to open libpenguin.so: dlopen failed: library "libpenguin.so" not found.
08-01 00:48:44.673 E/om.kitaabai.app(23598): Unable to open libpenguin.so: dlopen failed: library "libpenguin.so" not found.
08-01 00:48:44.688 E/pageboostd( 5725): Received HALT command code 2
08-01 00:48:44.706 E/unknown:ReactHost(23598): Unhandled SoftException
08-01 00:48:44.706 E/unknown:ReactHost(23598): com.facebook.react.bridge.ReactNoCrashSoftException: raiseSoftException(onWindowFocusChange(hasFocus = "true")): Tried to access onWindowFocusChange while context is not ready
08-01 00:48:44.706 E/unknown:ReactHost(23598): 	at com.facebook.react.runtime.ReactHostImpl.raiseSoftException(ReactHostImpl.kt:919)
08-01 00:48:44.706 E/unknown:ReactHost(23598): 	at com.facebook.react.runtime.ReactHostImpl.raiseSoftException$default(ReactHostImpl.kt:910)
08-01 00:48:44.706 E/unknown:ReactHost(23598): 	at com.facebook.react.runtime.ReactHostImpl.onWindowFocusChange(ReactHostImpl.kt:682)
08-01 00:48:44.706 E/unknown:ReactHost(23598): 	at com.facebook.react.ReactDelegate.onWindowFocusChanged(ReactDelegate.kt:229)
08-01 00:48:44.706 E/unknown:ReactHost(23598): 	at com.facebook.react.ReactActivityDelegate.onWindowFocusChanged(ReactActivityDelegate.java:235)
08-01 00:48:44.706 E/unknown:ReactHost(23598): 	at expo.modules.ReactActivityDelegateWrapper$onWindowFocusChanged$1.invokeSuspend(ReactActivityDelegateWrapper.kt:320)
08-01 00:48:44.706 E/unknown:ReactHost(23598): 	at expo.modules.ReactActivityDelegateWrapper$onWindowFocusChanged$1.invoke(ReactActivityDelegateWrapper.kt:8)
08-01 00:48:44.706 E/unknown:ReactHost(23598): 	at expo.modules.ReactActivityDelegateWrapper$onWindowFocusChanged$1.invoke(ReactActivityDelegateWrapper.kt:4)
08-01 00:48:44.706 E/unknown:ReactHost(23598): 	at expo.modules.ReactActivityDelegateWrapper$launchLifecycleScopeWithLock$1.invokeSuspend(ReactActivityDelegateWrapper.kt:452)
08-01 00:48:44.706 E/unknown:ReactHost(23598): 	at kotlin.coroutines.jvm.internal.BaseContinuationImpl.resumeWith(ContinuationImpl.kt:34)
08-01 00:48:44.706 E/unknown:ReactHost(23598): 	at kotlinx.coroutines.internal.DispatchedContinuationKt.resumeCancellableWith(DispatchedContinuation.kt:375)
08-01 00:48:44.706 E/unknown:ReactHost(23598): 	at kotlinx.coroutines.intrinsics.CancellableKt.startCoroutineCancellable(Cancellable.kt:26)
08-01 00:48:44.706 E/unknown:ReactHost(23598): 	at kotlinx.coroutines.CoroutineStart.invoke(CoroutineStart.kt:358)
08-01 00:48:44.706 E/unknown:ReactHost(23598): 	at kotlinx.coroutines.AbstractCoroutine.start(AbstractCoroutine.kt:134)
08-01 00:48:44.706 E/unknown:ReactHost(23598): 	at kotlinx.coroutines.BuildersKt__Builders_commonKt.launch(Builders.common.kt:53)
08-01 00:48:44.706 E/unknown:ReactHost(23598): 	at kotlinx.coroutines.BuildersKt.launch(dex-id-6c95318d9cfb6b1d6005fa40566d7dcd95997320:1)
08-01 00:48:44.706 E/unknown:ReactHost(23598): 	at kotlinx.coroutines.BuildersKt__Builders_commonKt.launch$default(Builders.common.kt:44)
08-01 00:48:44.706 E/unknown:ReactHost(23598): 	at kotlinx.coroutines.BuildersKt.launch$default(dex-id-6c95318d9cfb6b1d6005fa40566d7dcd95997320:1)
08-01 00:48:44.706 E/unknown:ReactHost(23598): 	at expo.modules.ReactActivityDelegateWrapper.launchLifecycleScopeWithLock(ReactActivityDelegateWrapper.kt:450)
08-01 00:48:44.706 E/unknown:ReactHost(23598): 	at expo.modules.ReactActivityDelegateWrapper.launchLifecycleScopeWithLock$default(ReactActivityDelegateWrapper.kt:446)
08-01 00:48:44.706 E/unknown:ReactHost(23598): 	at expo.modules.ReactActivityDelegateWrapper.onWindowFocusChanged(ReactActivityDelegateWrapper.kt:318)
08-01 00:48:44.706 E/unknown:ReactHost(23598): 	at com.facebook.react.ReactActivity.onWindowFocusChanged(ReactActivity.java:161)
08-01 00:48:44.706 E/unknown:ReactHost(23598): 	at androidx.appcompat.view.WindowCallbackWrapper.onWindowFocusChanged(WindowCallbackWrapper.java:124)
08-01 00:48:44.706 E/unknown:ReactHost(23598): 	at com.android.internal.policy.DecorView.onWindowFocusChanged(DecorView.java:2827)
08-01 00:48:44.706 E/unknown:ReactHost(23598): 	at android.view.View.dispatchWindowFocusChanged(View.java:17901)
08-01 00:48:44.706 E/unknown:ReactHost(23598): 	at android.view.ViewGroup.dispatchWindowFocusChanged(ViewGroup.java:1631)
08-01 00:48:44.706 E/unknown:ReactHost(23598): 	at android.view.ViewRootImpl.dispatchFocusEvent(ViewRootImpl.java:6037)
08-01 00:48:44.706 E/unknown:ReactHost(23598): 	at android.view.ViewRootImpl.handleWindowFocusChanged(ViewRootImpl.java:5920)
08-01 00:48:44.706 E/unknown:ReactHost(23598): 	at android.view.ViewRootImpl.-$$Nest$mhandleWindowFocusChanged(ViewRootImpl.java:0)
08-01 00:48:44.706 E/unknown:ReactHost(23598): 	at android.view.ViewRootImpl$ViewRootHandler.handleMessageImpl(ViewRootImpl.java:8475)
08-01 00:48:44.706 E/unknown:ReactHost(23598): 	at android.view.ViewRootImpl$ViewRootHandler.handleMessage(ViewRootImpl.java:8383)
08-01 00:48:44.706 E/unknown:ReactHost(23598): 	at android.os.Handler.dispatchMessage(Handler.java:132)
08-01 00:48:44.706 E/unknown:ReactHost(23598): 	at android.os.Looper.dispatchMessage(Looper.java:358)
08-01 00:48:44.706 E/unknown:ReactHost(23598): 	at android.os.Looper.loopOnce(Looper.java:288)
08-01 00:48:44.706 E/unknown:ReactHost(23598): 	at android.os.Looper.loop(Looper.java:392)
08-01 00:48:44.706 E/unknown:ReactHost(23598): 	at android.app.ActivityThread.main(ActivityThread.java:10346)
08-01 00:48:44.706 E/unknown:ReactHost(23598): 	at java.lang.reflect.Method.invoke(Native Method)
08-01 00:48:44.706 E/unknown:ReactHost(23598): 	at com.android.internal.os.RuntimeInit$MethodAndArgsCaller.run(RuntimeInit.java:638)
08-01 00:48:44.706 E/unknown:ReactHost(23598): 	at com.android.internal.os.ZygoteInit.main(ZygoteInit.java:972)
08-01 00:48:44.725 E/SurfaceFlinger( 2198): alpha changed 1.000 -> 0.000 - Surface(name=36d3d2e InputMethod#306690)/@0xba43165 - animation-leash of insets_animation#357897
08-01 00:48:44.797 E/WindowManager( 3093): win=Window{1e1062b u0 com.sec.android.app.launcher/com.sec.android.app.launcher.activities.LauncherActivity} destroySurfaces: appStopped=true cleanupOnResume=false win.mWindowRemovalAllowed=false win.mRemoveOnExit=false win.mViewVisibility=8 caller=com.android.server.wm.ActivityRecord.destroySurfaces:24 com.android.server.wm.ActivityRecord.activityStopped:209 com.android.server.wm.ActivityClientController.activityStopped:102 android.app.IActivityClientController$Stub.onTransact:829 com.android.server.wm.ActivityClientController.onTransact:1 android.os.Binder.execTransactInternal:1514 android.os.Binder.execTransact:1454 
08-01 00:48:45.032 E/AndroidRuntime(23598): FATAL EXCEPTION: pool-4-thread-1
08-01 00:48:45.032 E/AndroidRuntime(23598): Process: com.kitaabai.app, PID: 23598
08-01 00:48:45.032 E/AndroidRuntime(23598): java.lang.UnsatisfiedLinkError: dlopen failed: cannot locate symbol "_ZNKR8facebook3jsi5Value8asObjectERNS0_7RuntimeE" referenced by "/data/app/~~CSWjVWTBrHjlcCkMJxZ9Yg==/com.kitaabai.app-5rcHYfnSVB4FEOcekHlcBg==/base.apk!/lib/arm64-v8a/libexpo-av.so"...
08-01 00:48:45.032 E/AndroidRuntime(23598): 	at java.lang.Runtime.loadLibrary0(Runtime.java:1111)
08-01 00:48:45.032 E/AndroidRuntime(23598): 	at java.lang.Runtime.loadLibrary0(Runtime.java:1033)
08-01 00:48:45.032 E/AndroidRuntime(23598): 	at java.lang.System.loadLibrary(System.java:1765)
08-01 00:48:45.032 E/AndroidRuntime(23598): 	at expo.modules.av.AVManager.<clinit>(AVManager.java:56)
08-01 00:48:45.032 E/AndroidRuntime(23598): 	at expo.modules.av.AVPackage.createInternalModules(AVPackage.java:16)
08-01 00:48:45.032 E/AndroidRuntime(23598): 	at expo.modules.adapters.react.ReactModuleRegistryProvider.get(ReactModuleRegistryProvider.java:47)
08-01 00:48:45.032 E/AndroidRuntime(23598): 	at expo.modules.adapters.react.ModuleRegistryAdapter.getOrCreateNativeModulesProxy(ModuleRegistryAdapter.java:136)
08-01 00:48:45.032 E/AndroidRuntime(23598): 	at expo.modules.adapters.react.ModuleRegistryAdapter.createNativeModules(ModuleRegistryAdapter.java:65)
08-01 00:48:45.032 E/AndroidRuntime(23598): 	at expo.modules.ExpoModulesPackage.createNativeModules(ExpoModulesPackage.kt:35)
08-01 00:48:45.032 E/AndroidRuntime(23598): 	at com.facebook.react.ReactPackageTurboModuleManagerDelegate.initialize(ReactPackageTurboModuleManagerDelegate.kt:64)
08-01 00:48:45.032 E/AndroidRuntime(23598): 	at com.facebook.react.ReactPackageTurboModuleManagerDelegate.<init>(ReactPackageTurboModuleManagerDelegate.kt:42)
08-01 00:48:45.032 E/AndroidRuntime(23598): 	at com.facebook.react.defaults.DefaultTurboModuleManagerDelegate.<init>(DefaultTurboModuleManagerDelegate.kt:35)
08-01 00:48:45.032 E/AndroidRuntime(23598): 	at com.facebook.react.defaults.DefaultTurboModuleManagerDelegate.<init>(DefaultTurboModuleManagerDelegate.kt:0)
08-01 00:48:45.032 E/AndroidRuntime(23598): 	at com.facebook.react.defaults.DefaultTurboModuleManagerDelegate$Builder.build(DefaultTurboModuleManagerDelegate.kt:63)
08-01 00:48:45.032 E/AndroidRuntime(23598): 	at com.facebook.react.defaults.DefaultTurboModuleManagerDelegate$Builder.build(DefaultTurboModuleManagerDelegate.kt:43)
08-01 00:48:45.032 E/AndroidRuntime(23598): 	at com.facebook.react.ReactPackageTurboModuleManagerDelegate$Builder.build(ReactPackageTurboModuleManagerDelegate.kt:222)
08-01 00:48:45.032 E/AndroidRuntime(23598): 	at com.facebook.react.runtime.ReactInstance.<init>(ReactInstance.kt:183)
08-01 00:48:45.032 E/AndroidRuntime(23598): 	at com.facebook.react.runtime.ReactHostImpl.getOrCreateReactInstanceTask$lambda$45$lambda$41(ReactHostImpl.kt:1052)
08-01 00:48:45.032 E/AndroidRuntime(23598): 	at com.facebook.react.runtime.ReactHostImpl.$r8$lambda$SmdYI7igN6ETqUXjl3FigYM4DHc(ReactHostImpl.kt:0)
08-01 00:48:45.032 E/AndroidRuntime(23598): 	at com.facebook.react.runtime.ReactHostImpl$$ExternalSyntheticLambda43.then(D8$$SyntheticClass:0)
08-01 00:48:45.032 E/AndroidRuntime(23598): 	at com.facebook.react.runtime.internal.bolts.Task$Companion.completeImmediately$lambda$3(Task.kt:360)
08-01 00:48:45.032 E/AndroidRuntime(23598): 	at com.facebook.react.runtime.internal.bolts.Task$Companion.$r8$lambda$b7MTC0ufkn_2TjF4BGcNqGR9qK0(Task.kt:0)
08-01 00:48:45.032 E/AndroidRuntime(23598): 	at com.facebook.react.runtime.internal.bolts.Task$Companion$$ExternalSyntheticLambda3.run(D8$$SyntheticClass:0)
08-01 00:48:45.032 E/AndroidRuntime(23598): 	at com.facebook.react.runtime.internal.bolts.Executors$ImmediateExecutor.execute(Executors.kt:41)
08-01 00:48:45.032 E/AndroidRuntime(23598): 	at com.facebook.react.runtime.internal.bolts.Task$Companion.completeImmediately(Task.kt:358)
08-01 00:48:45.032 E/AndroidRuntime(23598): 	at com.facebook.react.runtime.internal.bolts.Task$Companion.access$completeImmediately(Task.kt:254)
08-01 00:48:45.032 E/AndroidRuntime(23598): 	at com.facebook.react.runtime.internal.bolts.Task.continueWith(Task.kt:133)
08-01 00:48:45.032 E/AndroidRuntime(23598): 	at com.facebook.react.runtime.internal.bolts.Task.continueWith$default(Task.kt:117)
08-01 00:48:45.032 E/AndroidRuntime(23598): 	at com.facebook.react.runtime.internal.bolts.Task.onSuccess$lambda$12(Task.kt:176)
08-01 00:48:45.032 E/AndroidRuntime(23598): 	at com.facebook.react.runtime.internal.bolts.Task.$r8$lambda$l0wwo5AvbHxlwfI1R7CH_codxoo(Task.kt:0)
08-01 00:48:45.032 E/AndroidRuntime(23598): 	at com.facebook.react.runtime.internal.bolts.Task$$ExternalSyntheticLambda2.then(D8$$SyntheticClass:0)
08-01 00:48:45.032 E/AndroidRuntime(23598): 	at com.facebook.react.runtime.internal.bolts.Task$Companion.completeAfterTask$lambda$5(Task.kt:394)
08-01 00:48:45.032 E/AndroidRuntime(23598): 	at com.facebook.react.runtime.internal.bolts.Task$Companion.$r8$lambda$IPpysnehFwANEiW061YzapkMdoE(Task.kt:0)
08-01 00:48:45.032 E/AndroidRuntime(23598): 	at com.facebook.react.runtime.internal.bolts.Task$Companion$$ExternalSyntheticLambda4.run(D8$$SyntheticClass:0)
08-01 00:48:45.032 E/AndroidRuntime(23598): 	at java.util.concurrent.ThreadPoolExecutor.runWorker(ThreadPoolExecutor.java:1100)
08-01 00:48:45.032 E/AndroidRuntime(23598): 	at java.util.concurrent.ThreadPoolExecutor$Worker.run(ThreadPoolExecutor.java:624)
08-01 00:48:45.032 E/AndroidRuntime(23598): 	at java.lang.Thread.run(Thread.java:1572)
08-01 00:48:45.068 E/ANDR-PERF-UTIL( 2062): ANDR-PERF-UTIL: change_node_val() 319: Failed to update node /proc/sys/walt/sched_low_latency with value 23625 0
08-01 00:48:45.068 E/ANDR-PERF-OPTSHANDLER( 2062): ANDR-PERF-OPTSHANDLER: sched_reset_low_latency() 3683: can't reset low latency for tid 23625
08-01 00:48:45.068 E/ANDR-PERF-RESOURCEQS( 2062): ANDR-PERF-RESOURCEQS: RemovePendingRequest() 434: Failed to reset optimization [3, 52]
08-01 00:48:45.068 E/ANDR-PERF-UTIL( 2062): ANDR-PERF-UTIL: change_node_val() 319: Failed to update node /proc/sys/walt/sched_low_latency with value 23598 0
08-01 00:48:45.068 E/ANDR-PERF-OPTSHANDLER( 2062): ANDR-PERF-OPTSHANDLER: sched_reset_low_latency() 3683: can't reset low latency for tid 23598
08-01 00:48:45.068 E/ANDR-PERF-RESOURCEQS( 2062): ANDR-PERF-RESOURCEQS: RemovePendingRequest() 434: Failed to reset optimization [3, 52]
08-01 00:48:45.069 E/ANDR-PERF-UTIL( 2062): ANDR-PERF-UTIL: change_node_val() 319: Failed to update node /proc/sys/walt/sched_low_latency with value 23657 0
08-01 00:48:45.069 E/ANDR-PERF-OPTSHANDLER( 2062): ANDR-PERF-OPTSHANDLER: sched_reset_low_latency() 3683: can't reset low latency for tid 23657
08-01 00:48:45.069 E/ANDR-PERF-RESOURCEQS( 2062): ANDR-PERF-RESOURCEQS: RemovePendingRequest() 434: Failed to reset optimization [3, 52]
08-01 00:48:45.069 E/ANDR-PERF-UTIL( 2062): ANDR-PERF-UTIL: change_node_val() 319: Failed to update node /proc/sys/walt/sched_low_latency with value 23656 0
08-01 00:48:45.069 E/ANDR-PERF-OPTSHANDLER( 2062): ANDR-PERF-OPTSHANDLER: sched_reset_low_latency() 3683: can't reset low latency for tid 23656
08-01 00:48:45.069 E/ANDR-PERF-RESOURCEQS( 2062): ANDR-PERF-RESOURCEQS: RemovePendingRequest() 434: Failed to reset optimization [3, 52]
08-01 00:48:45.072 E/HoneySpace.HotseatPot@157326920( 4932): Illegal access
08-01 00:48:45.076 E/HYPER-HAL( 2868): [HandlerUClamp.cpp]set_uclamp_min(): sched_setattr failed for thread 23656, err = -1
08-01 00:48:45.076 E/HYPER-HAL( 2868): [HandlerUClamp.cpp]set_uclamp_min(): sched_setattr failed for thread 23657, err = -1
08-01 00:48:45.076 E/HYPER-HAL( 2868): [HandlerUClamp.cpp]set_uclamp_min(): sched_setattr failed for thread 23598, err = -1
08-01 00:48:45.076 E/HYPER-HAL( 2868): [HandlerUClamp.cpp]set_uclamp_min(): sched_setattr failed for thread 23625, err = -1
08-01 00:48:45.076 E/HYPER-HAL( 2868): [HandlerUClamp.cpp]set_uclamp_min(): sched_setattr failed for thread 23656, err = -1
08-01 00:48:45.076 E/HYPER-HAL( 2868): [HandlerUClamp.cpp]set_uclamp_min(): sched_setattr failed for thread 23657, err = -1
08-01 00:48:45.076 E/HYPER-HAL( 2868): [HandlerUClamp.cpp]set_uclamp_min(): sched_setattr failed for thread 23598, err = -1
08-01 00:48:45.076 E/HYPER-HAL( 2868): [HandlerUClamp.cpp]set_uclamp_min(): sched_setattr failed for thread 23625, err = -1
08-01 00:48:45.079 E/HYPER-HAL( 2868): [HandlerUClamp.cpp]set_uclamp_min(): sched_setattr failed for thread 23656, err = -1
08-01 00:48:45.079 E/HYPER-HAL( 2868): [HandlerUClamp.cpp]set_uclamp_min(): sched_setattr failed for thread 23657, err = -1
08-01 00:48:45.079 E/HYPER-HAL( 2868): [HandlerUClamp.cpp]set_uclamp_min(): sched_setattr failed for thread 23598, err = -1
08-01 00:48:45.079 E/HYPER-HAL( 2868): [HandlerUClamp.cpp]set_uclamp_min(): sched_setattr failed for thread 23625, err = -1
08-01 00:48:45.079 E/HYPER-HAL( 2868): [HandlerUClamp.cpp]set_uclamp_min(): sched_setattr failed for thread 23656, err = -1
08-01 00:48:45.079 E/HYPER-HAL( 2868): [HandlerUClamp.cpp]set_uclamp_min(): sched_setattr failed for thread 23657, err = -1
08-01 00:48:45.079 E/HYPER-HAL( 2868): [HandlerUClamp.cpp]set_uclamp_min(): sched_setattr failed for thread 23598, err = -1
08-01 00:48:45.079 E/HYPER-HAL( 2868): [HandlerUClamp.cpp]set_uclamp_min(): sched_setattr failed for thread 23625, err = -1
08-01 00:48:45.079 E/ANDR-PERF-UTIL( 2062): ANDR-PERF-UTIL: change_node_val() 319: Failed to update node /proc/sys/walt/sched_low_latency with value 23625 0
08-01 00:48:45.079 E/ANDR-PERF-OPTSHANDLER( 2062): ANDR-PERF-OPTSHANDLER: sched_reset_low_latency() 3683: can't reset low latency for tid 23625
08-01 00:48:45.079 E/ANDR-PERF-RESOURCEQS( 2062): ANDR-PERF-RESOURCEQS: RemoveAndApply() 362: Failed to reset optimization [3, 52]
08-01 00:48:45.079 E/ANDR-PERF-UTIL( 2062): ANDR-PERF-UTIL: change_node_val() 319: Failed to update node /proc/sys/walt/sched_low_latency with value 23598 0
08-01 00:48:45.079 E/ANDR-PERF-OPTSHANDLER( 2062): ANDR-PERF-OPTSHANDLER: sched_reset_low_latency() 3683: can't reset low latency for tid 23598
08-01 00:48:45.079 E/ANDR-PERF-RESOURCEQS( 2062): ANDR-PERF-RESOURCEQS: RemoveAndApply() 362: Failed to reset optimization [3, 52]
08-01 00:48:45.079 E/ANDR-PERF-UTIL( 2062): ANDR-PERF-UTIL: change_node_val() 319: Failed to update node /proc/sys/walt/sched_low_latency with value 23657 0
08-01 00:48:45.079 E/ANDR-PERF-OPTSHANDLER( 2062): ANDR-PERF-OPTSHANDLER: sched_reset_low_latency() 3683: can't reset low latency for tid 23657
08-01 00:48:45.079 E/ANDR-PERF-RESOURCEQS( 2062): ANDR-PERF-RESOURCEQS: RemoveAndApply() 362: Failed to reset optimization [3, 52]
08-01 00:48:45.079 E/ANDR-PERF-UTIL( 2062): ANDR-PERF-UTIL: change_node_val() 319: Failed to update node /proc/sys/walt/sched_low_latency with value 23656 0
08-01 00:48:45.079 E/ANDR-PERF-OPTSHANDLER( 2062): ANDR-PERF-OPTSHANDLER: sched_reset_low_latency() 3683: can't reset low latency for tid 23656
08-01 00:48:45.079 E/ANDR-PERF-RESOURCEQS( 2062): ANDR-PERF-RESOURCEQS: RemoveAndApply() 362: Failed to reset optimization [3, 52]
08-01 00:48:45.088 E/PackageManager( 3093): replace res.nonLocalizedLabel(null) to newName(Cloudy) and activity.getPackageName() () UId(1000)
08-01 00:48:45.099 E/SurfaceFlinger( 2198): alpha changed 1.000 -> 0.000 - Surface(name=Task=1#306592)/@0x6a5f660_transition-leash#357902
08-01 00:48:45.124 E/SurfaceFlinger( 2198): alpha changed 0.000 -> 1.000 - Surface(name=Task=1#306592)/@0x6a5f660_transition-leash#357902
08-01 00:48:45.149 E/SurfaceFlinger( 2198): alpha changed 1.000 -> 0.000 - Surface(name=36d3d2e InputMethod#306690)/@0xba43165 - animation-leash of insets_animation#357905
08-01 00:48:45.324 E/SurfaceFlinger( 2198): alpha changed 0.004 -> 0.000 - Surface(name=Task=429#357881)/@0xce3e3de_transition-leash#357903
08-01 00:48:45.336 E/mAFPC_ABC( 3093): [READ] [TYPE : 0] saProcess : 0
08-01 00:48:45.567 E/libbinder.IPCThreadState( 3093): Binder transaction failure. id: 397412486, cmd: BR_DEAD_REPLY (29189), error: -22 (Invalid argument)
08-01 00:48:45.570 E/NativeCustomFrequencyManager( 2198): [NativeCFMS] BpCustomFrequencyManager::acquire()
08-01 00:48:45.591 E/BpTransactionCompletedListener( 2198): Failed to transact (-32)
08-01 00:48:46.545 E/ANDR-PERF-UTIL( 2062): ANDR-PERF-UTIL: change_node_val() 319: Failed to update node /proc/sys/walt/sched_per_task_boost with value 23598 0
08-01 00:48:46.545 E/ANDR-PERF-OPTSHANDLER( 2062): ANDR-PERF-OPTSHANDLER: sched_reset_task_boost() 3579: can't reset task 23598
08-01 00:48:46.545 E/ANDR-PERF-RESOURCEQS( 2062): ANDR-PERF-RESOURCEQS: RemoveAndApply() 380: Failed to reset optimization [3, 32]
08-01 00:48:47.615 E/TaskPersister( 3093): File error accessing recents directory (directory doesn't exist?).
08-01 00:48:47.616 E/TaskPersister( 3093): File error accessing recents directory (directory doesn't exist?).
08-01 00:48:47.616 E/TaskPersister( 3093): File error accessing recents directory (directory doesn't exist?).
08-01 00:48:47.616 E/TaskPersister( 3093): File error accessing recents directory (directory doesn't exist?).
08-01 00:48:47.703 E/Pageboost( 3093): ioinfo read failed
08-01 00:48:49.096 E/Pageboost( 3093): StopRecording Failed
08-01 00:48:49.106 E/Pageboost( 3093): captureFinished fail
08-01 00:48:50.553 E/BatteryDump( 2074): !@new_battery_dump : 3903,1118,1225,3331,44,348,346,403,348,0,369,403,0,Charging,NO_CHARGING,Normal,Good,PDIC,0,Normal,0,0,9300,0x8000,0x10010000,0x0,0,0,0000,0000,00000000,0,0,0,0,539,3823,4338,980,0,
08-01 00:49:00.050 E/NativeCustomFrequencyManager( 2198): [NativeCFMS] BpCustomFrequencyManager::acquire()
08-01 00:49:00.709 E/BatteryDump( 2074): !@new_battery_dump : 3899,1207,1225,3331,44,348,346,397,348,0,368,397,0,Charging,NO_CHARGING,Normal,Good,PDIC,0,Normal,0,0,9300,0x8000,0x10010000,0x0,0,0,0000,0000,00000000,0,0,0,0,539,3823,4345,980,0,
08-01 00:49:08.409 E/Watchdog( 3093): !@Sync: 1475 heap(MB): 202 / 205 FD: 1580 Threads: 581 [2026-08-01 00:49:08.409]
08-01 00:49:10.869 E/BatteryDump( 2074): !@new_battery_dump : 3905,1219,1225,3331,44,347,345,394,347,0,367,394,0,Charging,NO_CHARGING,Normal,Good,PDIC,0,Normal,0,0,9300,0x8000,0x10010000,0x0,0,0,0000,0000,00000000,0,0,0,0,539,3824,4352,980,0,
